repository_name,signature_id,framework_id,signature_hash,machine_platform,should_alert,has_subtests,extra_options,tags,option_collection_hash,test,suite,lower_is_better,name,parent_signature,repository_id,measurement_unit,application,job_id,entry_id,push_timestamp,value,revision,push_id,single_alert_new_value,single_alert_classifier,alert_summary_prev_push_revision,alert_summary_id,single_alert_amount_pct,single_alert_prev_value,alert_summary_first_triaged,alert_summary_framework,single_alert_series_signature_framework_id,single_alert_series_signature_suite_public_name,alert_summary_related_alerts,single_alert_taskcluster_metadata_retry_id,alert_summary_prev_push_id,alert_summary_status,single_alert_status,alert_summary_assignee_username,single_alert_prev_taskcluster_metadata_task_id,alert_summary_bug_number,alert_summary_bug_due_date,single_alert_series_signature_test_public_name,alert_summary_issue_tracker,single_alert_amount_abs,single_alert_id,single_alert_taskcluster_metadata_task_id,single_alert_backfill_record_total_backfills_successful,single_alert_summary_id,single_alert_prev_taskcluster_metadata_retry_id,single_alert_is_regression,single_alert_manually_created,single_alert_classifier_email,single_alert_backfill_record_total_backfills_failed,single_alert_backfill_record_total_actions_triggered,alert_summary_assignee_email,alert_summary_creation_timestamp,single_alert_prev_profile_url,alert_summary_notes,single_alert_noise_profile,single_alert_related_summary_id,alert_summary_bug_updated,single_alert_profile_url,single_alert_backfill_record_context,single_alert_starred,single_alert_backfill_record_total_backfills_in_progress,single_alert_t_value,single_alert_series_signature_suite,single_alert_backfill_record_status,single_alert_series_signature_tags,alert_summary_triage_due_date,alert_summary_status_general
autoland,5095909,1,5e3add2bec0bb31d0c9a4501b76e4c59161313f6,windows10-64-shippable-qr,True,False,,,102210fe594ee9b33d82058545b1ed14f4c8206e,issue12798_page1_reduced.pdf,pdfpaint,True,pdfpaint issue12798_page1_reduced.pdf opt e10s fission stylo webrender,4768710,77,ms,firefox,453912216,1870676657,2024-04-08 13:49:41,344.75,1b56c653a5ee3a14ec0955b092498999e9333bfa,1405618,,,,,,,,,,,,,,,,,,,,,,,,,,,,,,,,,,,,,,,,,,,,,,,,,TN
autoland,5095909,1,5e3add2bec0bb31d0c9a4501b76e4c59161313f6,windows10-64-shippable-qr,True,False,,,102210fe594ee9b33d82058545b1ed14f4c8206e,issue12798_page1_reduced.pdf,pdfpaint,True,pdfpaint issue12798_page1_reduced.pdf opt e10s fission stylo webrender,4768710,77,ms,firefox,453960221,1870830152,2024-04-08 19:08:45,348.67,79551503d77c8353439905d86ec3033546f0c874,1405880,,,,,,,,,,,,,,,,,,,,,,,,,,,,,,,,,,,,,,,,,,,,,,,,,TN
autoland,5095909,1,5e3add2bec0bb31d0c9a4501b76e4c59161313f6,windows10-64-shippable-qr,True,False,,,102210fe594ee9b33d82058545b1ed14f4c8206e,issue12798_page1_reduced.pdf,pdfpaint,True,pdfpaint issue12798_page1_reduced.pdf opt e10s fission stylo webrender,4768710,77,ms,firefox,453997893,1870974474,2024-04-08 23:24:57,338.79,c19d16f89e851b3d8052fb11a8e8f0ae3f4cb9b7,1406026,,,,,,,,,,,,,,,,,,,,,,,,,,,,,,,,,,,,,,,,,,,,,,,,,TN
autoland,5095909,1,5e3add2bec0bb31d0c9a4501b76e4c59161313f6,windows10-64-shippable-qr,True,False,,,102210fe594ee9b33d82058545b1ed14f4c8206e,issue12798_page1_reduced.pdf,pdfpaint,True,pdfpaint issue12798_page1_reduced.pdf opt e10s fission stylo webrender,4768710,77,ms,firefox,454020255,1871132691,2024-04-09 06:15:12,362.85,643848d855ebb8ab8d9d7009ca7ce9d21d267b34,1406147,,,,,,,,,,,,,,,,,,,,,,,,,,,,,,,,,,,,,,,,,,,,,,,,,TN
autoland,5095909,1,5e3add2bec0bb31d0c9a4501b76e4c59161313f6,windows10-64-shippable-qr,True,False,,,102210fe594ee9b33d82058545b1ed14f4c8206e,issue12798_page1_reduced.pdf,pdfpaint,True,pdfpaint issue12798_page1_reduced.pdf opt e10s fission stylo webrender,4768710,77,ms,firefox,454046620,1871228105,2024-04-09 10:19:15,338.61,7cd4aaac69823ebb7b440d4e14d05275ba50a073,1406264,,,,,,,,,,,,,,,,,,,,,,,,,,,,,,,,,,,,,,,,,,,,,,,,,TN
autoland,5095909,1,5e3add2bec0bb31d0c9a4501b76e4c59161313f6,windows10-64-shippable-qr,True,False,,,102210fe594ee9b33d82058545b1ed14f4c8206e,issue12798_page1_reduced.pdf,pdfpaint,True,pdfpaint issue12798_page1_reduced.pdf opt e10s fission stylo webrender,4768710,77,ms,firefox,454084766,1871417016,2024-04-09 14:26:21,348.55,34fef7e7706b912024aa3ba8826647e5ddc0a0ab,1406452,,,,,,,,,,,,,,,,,,,,,,,,,,,,,,,,,,,,,,,,,,,,,,,,,TN
autoland,5095909,1,5e3add2bec0bb31d0c9a4501b76e4c59161313f6,windows10-64-shippable-qr,True,False,,,102210fe594ee9b33d82058545b1ed14f4c8206e,issue12798_page1_reduced.pdf,pdfpaint,True,pdfpaint issue12798_page1_reduced.pdf opt e10s fission stylo webrender,4768710,77,ms,firefox,454089057,1871451786,2024-04-09 17:03:26,365.17,e3c9c90141d0f6b39792470ce489a5af6123cc15,1406581,,,,,,,,,,,,,,,,,,,,,,,,,,,,,,,,,,,,,,,,,,,,,,,,,TN
autoland,5095909,1,5e3add2bec0bb31d0c9a4501b76e4c59161313f6,windows10-64-shippable-qr,True,False,,,102210fe594ee9b33d82058545b1ed14f4c8206e,issue12798_page1_reduced.pdf,pdfpaint,True,pdfpaint issue12798_page1_reduced.pdf opt e10s fission stylo webrender,4768710,77,ms,firefox,454113241,1871540560,2024-04-09 20:18:20,332.32,42fe954d2d47356658d58a292876a6f15d6cbc51,1406718,,,,,,,,,,,,,,,,,,,,,,,,,,,,,,,,,,,,,,,,,,,,,,,,,TN
autoland,5095909,1,5e3add2bec0bb31d0c9a4501b76e4c59161313f6,windows10-64-shippable-qr,True,False,,,102210fe594ee9b33d82058545b1ed14f4c8206e,issue12798_page1_reduced.pdf,pdfpaint,True,pdfpaint issue12798_page1_reduced.pdf opt e10s fission stylo webrender,4768710,77,ms,firefox,454135029,1871652896,2024-04-10 00:18:40,334.53,c6228adca1a9c453ab8514c86ee26ee9a7903d27,1406841,,,,,,,,,,,,,,,,,,,,,,,,,,,,,,,,,,,,,,,,,,,,,,,,,TN
autoland,5095909,1,5e3add2bec0bb31d0c9a4501b76e4c59161313f6,windows10-64-shippable-qr,True,False,,,102210fe594ee9b33d82058545b1ed14f4c8206e,issue12798_page1_reduced.pdf,pdfpaint,True,pdfpaint issue12798_page1_reduced.pdf opt e10s fission stylo webrender,4768710,77,ms,firefox,454141981,1871716846,2024-04-10 05:00:45,353.53,a3f0d7e2d176a84f97e08088b78e1abe8da0a5f7,1406899,,,,,,,,,,,,,,,,,,,,,,,,,,,,,,,,,,,,,,,,,,,,,,,,,TN
autoland,5095909,1,5e3add2bec0bb31d0c9a4501b76e4c59161313f6,windows10-64-shippable-qr,True,False,,,102210fe594ee9b33d82058545b1ed14f4c8206e,issue12798_page1_reduced.pdf,pdfpaint,True,pdfpaint issue12798_page1_reduced.pdf opt e10s fission stylo webrender,4768710,77,ms,firefox,454158732,1871794429,2024-04-10 09:31:15,356.32,cb449d228d38790ba76f64d551817f6a804c044e,1406973,,,,,,,,,,,,,,,,,,,,,,,,,,,,,,,,,,,,,,,,,,,,,,,,,TN
autoland,5095909,1,5e3add2bec0bb31d0c9a4501b76e4c59161313f6,windows10-64-shippable-qr,True,False,,,102210fe594ee9b33d82058545b1ed14f4c8206e,issue12798_page1_reduced.pdf,pdfpaint,True,pdfpaint issue12798_page1_reduced.pdf opt e10s fission stylo webrender,4768710,77,ms,firefox,454189369,1871911143,2024-04-10 13:31:55,331.93,53228f89fadff09aff9d51b46652c77d94059014,1407087,,,,,,,,,,,,,,,,,,,,,,,,,,,,,,,,,,,,,,,,,,,,,,,,,TN
autoland,5095909,1,5e3add2bec0bb31d0c9a4501b76e4c59161313f6,windows10-64-shippable-qr,True,False,,,102210fe594ee9b33d82058545b1ed14f4c8206e,issue12798_page1_reduced.pdf,pdfpaint,True,pdfpaint issue12798_page1_reduced.pdf opt e10s fission stylo webrender,4768710,77,ms,firefox,454209667,1872020061,2024-04-10 17:21:37,329.58000000000004,a30d53cfa601940935af0c765cccbdde2178bb67,1407259,,,,,,,,,,,,,,,,,,,,,,,,,,,,,,,,,,,,,,,,,,,,,,,,,TN
autoland,5095909,1,5e3add2bec0bb31d0c9a4501b76e4c59161313f6,windows10-64-shippable-qr,True,False,,,102210fe594ee9b33d82058545b1ed14f4c8206e,issue12798_page1_reduced.pdf,pdfpaint,True,pdfpaint issue12798_page1_reduced.pdf opt e10s fission stylo webrender,4768710,77,ms,firefox,454235969,1872151729,2024-04-10 20:55:18,339.61,bc425d90bbe9987cc754323772553d4be3e6de83,1407422,,,,,,,,,,,,,,,,,,,,,,,,,,,,,,,,,,,,,,,,,,,,,,,,,TN
autoland,5095909,1,5e3add2bec0bb31d0c9a4501b76e4c59161313f6,windows10-64-shippable-qr,True,False,,,102210fe594ee9b33d82058545b1ed14f4c8206e,issue12798_page1_reduced.pdf,pdfpaint,True,pdfpaint issue12798_page1_reduced.pdf opt e10s fission stylo webrender,4768710,77,ms,firefox,454256434,1872282574,2024-04-11 01:15:30,331.48,1ae79ee05e2fe6a64e1916d65c78979921af1e5e,1407545,,,,,,,,,,,,,,,,,,,,,,,,,,,,,,,,,,,,,,,,,,,,,,,,,TN
autoland,5095909,1,5e3add2bec0bb31d0c9a4501b76e4c59161313f6,windows10-64-shippable-qr,True,False,,,102210fe594ee9b33d82058545b1ed14f4c8206e,issue12798_page1_reduced.pdf,pdfpaint,True,pdfpaint issue12798_page1_reduced.pdf opt e10s fission stylo webrender,4768710,77,ms,firefox,454275145,1872421557,2024-04-11 06:36:24,349.18,7a8a0223fffe0f06dd2e7aad79bf1920cf1430c0,1407612,,,,,,,,,,,,,,,,,,,,,,,,,,,,,,,,,,,,,,,,,,,,,,,,,TN
autoland,5095909,1,5e3add2bec0bb31d0c9a4501b76e4c59161313f6,windows10-64-shippable-qr,True,False,,,102210fe594ee9b33d82058545b1ed14f4c8206e,issue12798_page1_reduced.pdf,pdfpaint,True,pdfpaint issue12798_page1_reduced.pdf opt e10s fission stylo webrender,4768710,77,ms,firefox,454308534,1872641719,2024-04-11 11:27:44,368.35,747c6705d00627b032063055173575d6e6043880,1407747,,,,,,,,,,,,,,,,,,,,,,,,,,,,,,,,,,,,,,,,,,,,,,,,,TN
autoland,5095909,1,5e3add2bec0bb31d0c9a4501b76e4c59161313f6,windows10-64-shippable-qr,True,False,,,102210fe594ee9b33d82058545b1ed14f4c8206e,issue12798_page1_reduced.pdf,pdfpaint,True,pdfpaint issue12798_page1_reduced.pdf opt e10s fission stylo webrender,4768710,77,ms,firefox,454325188,1872754606,2024-04-11 15:41:30,337.39,bbca818d6385ef61c987f967ebccfe9df63fc36b,1407834,,,,,,,,,,,,,,,,,,,,,,,,,,,,,,,,,,,,,,,,,,,,,,,,,TN
autoland,5095909,1,5e3add2bec0bb31d0c9a4501b76e4c59161313f6,windows10-64-shippable-qr,True,False,,,102210fe594ee9b33d82058545b1ed14f4c8206e,issue12798_page1_reduced.pdf,pdfpaint,True,pdfpaint issue12798_page1_reduced.pdf opt e10s fission stylo webrender,4768710,77,ms,firefox,454339475,1872845652,2024-04-11 18:08:24,316.09000000000003,036ac9a41b52b5af1836d103d3a7aefad37e2b87,1407970,,,,,,,,,,,,,,,,,,,,,,,,,,,,,,,,,,,,,,,,,,,,,,,,,TN
autoland,5095909,1,5e3add2bec0bb31d0c9a4501b76e4c59161313f6,windows10-64-shippable-qr,True,False,,,102210fe594ee9b33d82058545b1ed14f4c8206e,issue12798_page1_reduced.pdf,pdfpaint,True,pdfpaint issue12798_page1_reduced.pdf opt e10s fission stylo webrender,4768710,77,ms,firefox,454371907,1872983451,2024-04-11 23:15:25,352.47,90ef908ff18573cca9f4f0e5d676df56875c68b5,1408175,,,,,,,,,,,,,,,,,,,,,,,,,,,,,,,,,,,,,,,,,,,,,,,,,TN
autoland,5095909,1,5e3add2bec0bb31d0c9a4501b76e4c59161313f6,windows10-64-shippable-qr,True,False,,,102210fe594ee9b33d82058545b1ed14f4c8206e,issue12798_page1_reduced.pdf,pdfpaint,True,pdfpaint issue12798_page1_reduced.pdf opt e10s fission stylo webrender,4768710,77,ms,firefox,454404713,1873190188,2024-04-12 14:13:45,335.57,be4463b26a49bdb9c791eaf7d0b41ff9eb0294d3,1408318,,,,,,,,,,,,,,,,,,,,,,,,,,,,,,,,,,,,,,,,,,,,,,,,,TN
autoland,5095909,1,5e3add2bec0bb31d0c9a4501b76e4c59161313f6,windows10-64-shippable-qr,True,False,,,102210fe594ee9b33d82058545b1ed14f4c8206e,issue12798_page1_reduced.pdf,pdfpaint,True,pdfpaint issue12798_page1_reduced.pdf opt e10s fission stylo webrender,4768710,77,ms,firefox,454423348,1873294422,2024-04-12 20:21:58,346.59000000000003,5e5bc998487f4e6ee9fe6fe52ca5eb66cd37de03,1408379,,,,,,,,,,,,,,,,,,,,,,,,,,,,,,,,,,,,,,,,,,,,,,,,,TN
autoland,5095909,1,5e3add2bec0bb31d0c9a4501b76e4c59161313f6,windows10-64-shippable-qr,True,False,,,102210fe594ee9b33d82058545b1ed14f4c8206e,issue12798_page1_reduced.pdf,pdfpaint,True,pdfpaint issue12798_page1_reduced.pdf opt e10s fission stylo webrender,4768710,77,ms,firefox,454440844,1873405974,2024-04-13 06:05:05,348.11,39657b697a7ffcda0f07cae917b68f1e84f57d54,1408439,,,,,,,,,,,,,,,,,,,,,,,,,,,,,,,,,,,,,,,,,,,,,,,,,TN
autoland,5095909,1,5e3add2bec0bb31d0c9a4501b76e4c59161313f6,windows10-64-shippable-qr,True,False,,,102210fe594ee9b33d82058545b1ed14f4c8206e,issue12798_page1_reduced.pdf,pdfpaint,True,pdfpaint issue12798_page1_reduced.pdf opt e10s fission stylo webrender,4768710,77,ms,firefox,454464413,1873510463,2024-04-13 20:36:37,341.56,1dc823d4e96db6fe0450fcb588466eff7038b4cc,1408512,,,,,,,,,,,,,,,,,,,,,,,,,,,,,,,,,,,,,,,,,,,,,,,,,TN
autoland,5095909,1,5e3add2bec0bb31d0c9a4501b76e4c59161313f6,windows10-64-shippable-qr,True,False,,,102210fe594ee9b33d82058545b1ed14f4c8206e,issue12798_page1_reduced.pdf,pdfpaint,True,pdfpaint issue12798_page1_reduced.pdf opt e10s fission stylo webrender,4768710,77,ms,firefox,454484934,1873658516,2024-04-14 12:41:18,335.16,25a22c2f939167a119d912b3fe61312db879d576,1408562,,,,,,,,,,,,,,,,,,,,,,,,,,,,,,,,,,,,,,,,,,,,,,,,,TN
autoland,5095909,1,5e3add2bec0bb31d0c9a4501b76e4c59161313f6,windows10-64-shippable-qr,True,False,,,102210fe594ee9b33d82058545b1ed14f4c8206e,issue12798_page1_reduced.pdf,pdfpaint,True,pdfpaint issue12798_page1_reduced.pdf opt e10s fission stylo webrender,4768710,77,ms,firefox,454505984,1873809095,2024-04-15 00:20:26,339.09000000000003,8c457b0d7626241855c3c025a2531eb5f00b8cfc,1408605,,,,,,,,,,,,,,,,,,,,,,,,,,,,,,,,,,,,,,,,,,,,,,,,,TN
autoland,5095909,1,5e3add2bec0bb31d0c9a4501b76e4c59161313f6,windows10-64-shippable-qr,True,False,,,102210fe594ee9b33d82058545b1ed14f4c8206e,issue12798_page1_reduced.pdf,pdfpaint,True,pdfpaint issue12798_page1_reduced.pdf opt e10s fission stylo webrender,4768710,77,ms,firefox,454512057,1873844064,2024-04-15 05:51:41,369.77,4b17d2a2a7ae64b3c8d364d200a6b97cc636dffd,1408627,,,,,,,,,,,,,,,,,,,,,,,,,,,,,,,,,,,,,,,,,,,,,,,,,TN
autoland,5095909,1,5e3add2bec0bb31d0c9a4501b76e4c59161313f6,windows10-64-shippable-qr,True,False,,,102210fe594ee9b33d82058545b1ed14f4c8206e,issue12798_page1_reduced.pdf,pdfpaint,True,pdfpaint issue12798_page1_reduced.pdf opt e10s fission stylo webrender,4768710,77,ms,firefox,454540075,1873974347,2024-04-15 10:25:42,347.74,177f569e862519d4372977ba20b630f95e24ef1c,1408738,,,,,,,,,,,,,,,,,,,,,,,,,,,,,,,,,,,,,,,,,,,,,,,,,TN
autoland,5095909,1,5e3add2bec0bb31d0c9a4501b76e4c59161313f6,windows10-64-shippable-qr,True,False,,,102210fe594ee9b33d82058545b1ed14f4c8206e,issue12798_page1_reduced.pdf,pdfpaint,True,pdfpaint issue12798_page1_reduced.pdf opt e10s fission stylo webrender,4768710,77,ms,firefox,454575128,1874080571,2024-04-15 14:58:12,340.64,4897460458d13272e6016fd9e4c184c3c41cbd74,1408898,,,,,,,,,,,,,,,,,,,,,,,,,,,,,,,,,,,,,,,,,,,,,,,,,TN
autoland,5095909,1,5e3add2bec0bb31d0c9a4501b76e4c59161313f6,windows10-64-shippable-qr,True,False,,,102210fe594ee9b33d82058545b1ed14f4c8206e,issue12798_page1_reduced.pdf,pdfpaint,True,pdfpaint issue12798_page1_reduced.pdf opt e10s fission stylo webrender,4768710,77,ms,firefox,454611608,1874267565,2024-04-15 18:18:39,333.2,d49ecc17e4ae83fbccee8ffbe50a119039d1e408,1409057,,,,,,,,,,,,,,,,,,,,,,,,,,,,,,,,,,,,,,,,,,,,,,,,,TN
autoland,5095909,1,5e3add2bec0bb31d0c9a4501b76e4c59161313f6,windows10-64-shippable-qr,True,False,,,102210fe594ee9b33d82058545b1ed14f4c8206e,issue12798_page1_reduced.pdf,pdfpaint,True,pdfpaint issue12798_page1_reduced.pdf opt e10s fission stylo webrender,4768710,77,ms,firefox,454619765,1874315388,2024-04-15 20:13:44,366.05,8d488b7ac977a67ba128a580f6959fe058df2fe5,1409141,,,,,,,,,,,,,,,,,,,,,,,,,,,,,,,,,,,,,,,,,,,,,,,,,TN
autoland,5095909,1,5e3add2bec0bb31d0c9a4501b76e4c59161313f6,windows10-64-shippable-qr,True,False,,,102210fe594ee9b33d82058545b1ed14f4c8206e,issue12798_page1_reduced.pdf,pdfpaint,True,pdfpaint issue12798_page1_reduced.pdf opt e10s fission stylo webrender,4768710,77,ms,firefox,454632229,1874396836,2024-04-15 21:50:25,347.97,547363a98ae60f0645c5cc21aeecffb7e0ddb047,1409212,,,,,,,,,,,,,,,,,,,,,,,,,,,,,,,,,,,,,,,,,,,,,,,,,TN
autoland,5095909,1,5e3add2bec0bb31d0c9a4501b76e4c59161313f6,windows10-64-shippable-qr,True,False,,,102210fe594ee9b33d82058545b1ed14f4c8206e,issue12798_page1_reduced.pdf,pdfpaint,True,pdfpaint issue12798_page1_reduced.pdf opt e10s fission stylo webrender,4768710,77,ms,firefox,454646274,1874450679,2024-04-16 00:41:18,331.13,5a31505f08c64efa6eb7a8ed02d5e9c0db448e37,1409277,,,,,,,,,,,,,,,,,,,,,,,,,,,,,,,,,,,,,,,,,,,,,,,,,TN
autoland,5095909,1,5e3add2bec0bb31d0c9a4501b76e4c59161313f6,windows10-64-shippable-qr,True,False,,,102210fe594ee9b33d82058545b1ed14f4c8206e,issue12798_page1_reduced.pdf,pdfpaint,True,pdfpaint issue12798_page1_reduced.pdf opt e10s fission stylo webrender,4768710,77,ms,firefox,454675897,1874578243,2024-04-16 05:04:40,345.59,69a1a1d802b357216fef131d6ad99816defddc1f,1409360,,,,,,,,,,,,,,,,,,,,,,,,,,,,,,,,,,,,,,,,,,,,,,,,,TN
autoland,5095909,1,5e3add2bec0bb31d0c9a4501b76e4c59161313f6,windows10-64-shippable-qr,True,False,,,102210fe594ee9b33d82058545b1ed14f4c8206e,issue12798_page1_reduced.pdf,pdfpaint,True,pdfpaint issue12798_page1_reduced.pdf opt e10s fission stylo webrender,4768710,77,ms,firefox,454698585,1874648132,2024-04-16 09:18:49,341.53,2949cb403e680d76f7bcb101117ceefeb480b064,1409480,,,,,,,,,,,,,,,,,,,,,,,,,,,,,,,,,,,,,,,,,,,,,,,,,TN
autoland,5095909,1,5e3add2bec0bb31d0c9a4501b76e4c59161313f6,windows10-64-shippable-qr,True,False,,,102210fe594ee9b33d82058545b1ed14f4c8206e,issue12798_page1_reduced.pdf,pdfpaint,True,pdfpaint issue12798_page1_reduced.pdf opt e10s fission stylo webrender,4768710,77,ms,firefox,454713923,1874715878,2024-04-16 13:28:04,335.63,11d1c89ad8b2dad0cee1caf733cd833e448945eb,1409649,,,,,,,,,,,,,,,,,,,,,,,,,,,,,,,,,,,,,,,,,,,,,,,,,TN
autoland,5095909,1,5e3add2bec0bb31d0c9a4501b76e4c59161313f6,windows10-64-shippable-qr,True,False,,,102210fe594ee9b33d82058545b1ed14f4c8206e,issue12798_page1_reduced.pdf,pdfpaint,True,pdfpaint issue12798_page1_reduced.pdf opt e10s fission stylo webrender,4768710,77,ms,firefox,454741370,1874897097,2024-04-16 17:33:30,371.69,12c7f0b00cd7ce4e2edde6ff37daf12e807388b1,1409875,,,,,,,,,,,,,,,,,,,,,,,,,,,,,,,,,,,,,,,,,,,,,,,,,TN
autoland,5095909,1,5e3add2bec0bb31d0c9a4501b76e4c59161313f6,windows10-64-shippable-qr,True,False,,,102210fe594ee9b33d82058545b1ed14f4c8206e,issue12798_page1_reduced.pdf,pdfpaint,True,pdfpaint issue12798_page1_reduced.pdf opt e10s fission stylo webrender,4768710,77,ms,firefox,454760178,1874973828,2024-04-16 20:13:25,349.66,852d3945e38d8d16c4cf17918e862882d7ef363c,1409984,,,,,,,,,,,,,,,,,,,,,,,,,,,,,,,,,,,,,,,,,,,,,,,,,TN
autoland,5095909,1,5e3add2bec0bb31d0c9a4501b76e4c59161313f6,windows10-64-shippable-qr,True,False,,,102210fe594ee9b33d82058545b1ed14f4c8206e,issue12798_page1_reduced.pdf,pdfpaint,True,pdfpaint issue12798_page1_reduced.pdf opt e10s fission stylo webrender,4768710,77,ms,firefox,454778037,1875065274,2024-04-17 00:00:12,337.92,3f5bf473ca3cf95233298d16ad833028500755e6,1410132,,,,,,,,,,,,,,,,,,,,,,,,,,,,,,,,,,,,,,,,,,,,,,,,,TN
autoland,5095909,1,5e3add2bec0bb31d0c9a4501b76e4c59161313f6,windows10-64-shippable-qr,True,False,,,102210fe594ee9b33d82058545b1ed14f4c8206e,issue12798_page1_reduced.pdf,pdfpaint,True,pdfpaint issue12798_page1_reduced.pdf opt e10s fission stylo webrender,4768710,77,ms,firefox,454795143,1875182308,2024-04-17 04:14:52,343.95,7900ea0538965c6aba695fd896a6e2833d781007,1410204,,,,,,,,,,,,,,,,,,,,,,,,,,,,,,,,,,,,,,,,,,,,,,,,,TN
autoland,5095909,1,5e3add2bec0bb31d0c9a4501b76e4c59161313f6,windows10-64-shippable-qr,True,False,,,102210fe594ee9b33d82058545b1ed14f4c8206e,issue12798_page1_reduced.pdf,pdfpaint,True,pdfpaint issue12798_page1_reduced.pdf opt e10s fission stylo webrender,4768710,77,ms,firefox,454825688,1875301907,2024-04-17 08:24:06,337.74,acabdf625d68e5d96c49e0eebb5c71f4286e5ffd,1410333,,,,,,,,,,,,,,,,,,,,,,,,,,,,,,,,,,,,,,,,,,,,,,,,,TN
autoland,5095909,1,5e3add2bec0bb31d0c9a4501b76e4c59161313f6,windows10-64-shippable-qr,True,False,,,102210fe594ee9b33d82058545b1ed14f4c8206e,issue12798_page1_reduced.pdf,pdfpaint,True,pdfpaint issue12798_page1_reduced.pdf opt e10s fission stylo webrender,4768710,77,ms,firefox,454874200,1875474892,2024-04-17 13:57:03,350.09000000000003,57f6925a520cf97f4af35e42db00435e817475dc,1410569,,,,,,,,,,,,,,,,,,,,,,,,,,,,,,,,,,,,,,,,,,,,,,,,,TN
autoland,5095909,1,5e3add2bec0bb31d0c9a4501b76e4c59161313f6,windows10-64-shippable-qr,True,False,,,102210fe594ee9b33d82058545b1ed14f4c8206e,issue12798_page1_reduced.pdf,pdfpaint,True,pdfpaint issue12798_page1_reduced.pdf opt e10s fission stylo webrender,4768710,77,ms,firefox,454897085,1875564987,2024-04-17 18:33:15,355.24,25500210a453fec07cc9d95612bbe778bae07f71,1410800,,,,,,,,,,,,,,,,,,,,,,,,,,,,,,,,,,,,,,,,,,,,,,,,,TN
autoland,5095909,1,5e3add2bec0bb31d0c9a4501b76e4c59161313f6,windows10-64-shippable-qr,True,False,,,102210fe594ee9b33d82058545b1ed14f4c8206e,issue12798_page1_reduced.pdf,pdfpaint,True,pdfpaint issue12798_page1_reduced.pdf opt e10s fission stylo webrender,4768710,77,ms,firefox,454938600,1875732380,2024-04-18 00:20:10,344.62,1bf7d54b4913d7994ed2ce4b07f0426fc70b4b7e,1411120,,,,,,,,,,,,,,,,,,,,,,,,,,,,,,,,,,,,,,,,,,,,,,,,,TN
autoland,5095909,1,5e3add2bec0bb31d0c9a4501b76e4c59161313f6,windows10-64-shippable-qr,True,False,,,102210fe594ee9b33d82058545b1ed14f4c8206e,issue12798_page1_reduced.pdf,pdfpaint,True,pdfpaint issue12798_page1_reduced.pdf opt e10s fission stylo webrender,4768710,77,ms,firefox,454954506,1875805228,2024-04-18 03:49:51,333.75,12adf93b9ad4085d4f0b493c368533bb040dce46,1411204,,,,,,,,,,,,,,,,,,,,,,,,,,,,,,,,,,,,,,,,,,,,,,,,,TN
autoland,5095909,1,5e3add2bec0bb31d0c9a4501b76e4c59161313f6,windows10-64-shippable-qr,True,False,,,102210fe594ee9b33d82058545b1ed14f4c8206e,issue12798_page1_reduced.pdf,pdfpaint,True,pdfpaint issue12798_page1_reduced.pdf opt e10s fission stylo webrender,4768710,77,ms,firefox,454970402,1875909463,2024-04-18 07:53:55,343.68,d4cde5148929d0d9587580bca2d37027d7424348,1411277,,,,,,,,,,,,,,,,,,,,,,,,,,,,,,,,,,,,,,,,,,,,,,,,,TN
autoland,5095909,1,5e3add2bec0bb31d0c9a4501b76e4c59161313f6,windows10-64-shippable-qr,True,False,,,102210fe594ee9b33d82058545b1ed14f4c8206e,issue12798_page1_reduced.pdf,pdfpaint,True,pdfpaint issue12798_page1_reduced.pdf opt e10s fission stylo webrender,4768710,77,ms,firefox,455011264,1876082710,2024-04-18 12:14:33,335.97,123e0c272c21270c6f9a5e2fca3bfbc72c7b5ef9,1411435,,,,,,,,,,,,,,,,,,,,,,,,,,,,,,,,,,,,,,,,,,,,,,,,,TN
autoland,5095909,1,5e3add2bec0bb31d0c9a4501b76e4c59161313f6,windows10-64-shippable-qr,True,False,,,102210fe594ee9b33d82058545b1ed14f4c8206e,issue12798_page1_reduced.pdf,pdfpaint,True,pdfpaint issue12798_page1_reduced.pdf opt e10s fission stylo webrender,4768710,77,ms,firefox,455046962,1876229644,2024-04-18 15:42:46,361.68,257d3013546c7ec40031343c459162a0b69fa6f2,1411573,,,,,,,,,,,,,,,,,,,,,,,,,,,,,,,,,,,,,,,,,,,,,,,,,TN
autoland,5095909,1,5e3add2bec0bb31d0c9a4501b76e4c59161313f6,windows10-64-shippable-qr,True,False,,,102210fe594ee9b33d82058545b1ed14f4c8206e,issue12798_page1_reduced.pdf,pdfpaint,True,pdfpaint issue12798_page1_reduced.pdf opt e10s fission stylo webrender,4768710,77,ms,firefox,455065564,1876301685,2024-04-18 18:28:28,341.75,0f5d446707971afc1fab01c0a28b208101241b8a,1411727,,,,,,,,,,,,,,,,,,,,,,,,,,,,,,,,,,,,,,,,,,,,,,,,,TN
autoland,5095909,1,5e3add2bec0bb31d0c9a4501b76e4c59161313f6,windows10-64-shippable-qr,True,False,,,102210fe594ee9b33d82058545b1ed14f4c8206e,issue12798_page1_reduced.pdf,pdfpaint,True,pdfpaint issue12798_page1_reduced.pdf opt e10s fission stylo webrender,4768710,77,ms,firefox,455087937,1876454539,2024-04-18 21:15:15,341.92,eed297665148d999a1c59d7d6e66f6973e0dd84c,1411845,,,,,,,,,,,,,,,,,,,,,,,,,,,,,,,,,,,,,,,,,,,,,,,,,TN
autoland,5095909,1,5e3add2bec0bb31d0c9a4501b76e4c59161313f6,windows10-64-shippable-qr,True,False,,,102210fe594ee9b33d82058545b1ed14f4c8206e,issue12798_page1_reduced.pdf,pdfpaint,True,pdfpaint issue12798_page1_reduced.pdf opt e10s fission stylo webrender,4768710,77,ms,firefox,455109511,1876629409,2024-04-19 01:55:54,333.73,3e097fca93b9af809ad16ed1d5f0bdd874f8f8e2,1411981,,,,,,,,,,,,,,,,,,,,,,,,,,,,,,,,,,,,,,,,,,,,,,,,,TN
autoland,5095909,1,5e3add2bec0bb31d0c9a4501b76e4c59161313f6,windows10-64-shippable-qr,True,False,,,102210fe594ee9b33d82058545b1ed14f4c8206e,issue12798_page1_reduced.pdf,pdfpaint,True,pdfpaint issue12798_page1_reduced.pdf opt e10s fission stylo webrender,4768710,77,ms,firefox,455120003,1876794363,2024-04-19 06:08:52,345.79,99364906cd1d11016d0fc2dc03a8b7fd11705aa4,1412057,,,,,,,,,,,,,,,,,,,,,,,,,,,,,,,,,,,,,,,,,,,,,,,,,TN
autoland,5095909,1,5e3add2bec0bb31d0c9a4501b76e4c59161313f6,windows10-64-shippable-qr,True,False,,,102210fe594ee9b33d82058545b1ed14f4c8206e,issue12798_page1_reduced.pdf,pdfpaint,True,pdfpaint issue12798_page1_reduced.pdf opt e10s fission stylo webrender,4768710,77,ms,firefox,455148261,1876966639,2024-04-19 10:27:22,357.68,465ebfc7da3d3a6de812574016249ab37ab8605c,1412150,,,,,,,,,,,,,,,,,,,,,,,,,,,,,,,,,,,,,,,,,,,,,,,,,TN
autoland,5095909,1,5e3add2bec0bb31d0c9a4501b76e4c59161313f6,windows10-64-shippable-qr,True,False,,,102210fe594ee9b33d82058545b1ed14f4c8206e,issue12798_page1_reduced.pdf,pdfpaint,True,pdfpaint issue12798_page1_reduced.pdf opt e10s fission stylo webrender,4768710,77,ms,firefox,455185418,1877087420,2024-04-19 14:48:08,336.62,4b196ac64ccbf1061ee2c2835e31fe8b071b9099,1412270,,,,,,,,,,,,,,,,,,,,,,,,,,,,,,,,,,,,,,,,,,,,,,,,,TN
autoland,5095909,1,5e3add2bec0bb31d0c9a4501b76e4c59161313f6,windows10-64-shippable-qr,True,False,,,102210fe594ee9b33d82058545b1ed14f4c8206e,issue12798_page1_reduced.pdf,pdfpaint,True,pdfpaint issue12798_page1_reduced.pdf opt e10s fission stylo webrender,4768710,77,ms,firefox,455215092,1877256242,2024-04-19 18:48:31,344.04,cf54488baa94dff90075eb1c2e96afc7353a4eee,1412477,,,,,,,,,,,,,,,,,,,,,,,,,,,,,,,,,,,,,,,,,,,,,,,,,TN
autoland,5095909,1,5e3add2bec0bb31d0c9a4501b76e4c59161313f6,windows10-64-shippable-qr,True,False,,,102210fe594ee9b33d82058545b1ed14f4c8206e,issue12798_page1_reduced.pdf,pdfpaint,True,pdfpaint issue12798_page1_reduced.pdf opt e10s fission stylo webrender,4768710,77,ms,firefox,455243044,1877426974,2024-04-19 22:58:06,349.76,fd56e5907d69d8a14032cc7ec308f013a266ee16,1412613,,,,,,,,,,,,,,,,,,,,,,,,,,,,,,,,,,,,,,,,,,,,,,,,,TN
autoland,5095909,1,5e3add2bec0bb31d0c9a4501b76e4c59161313f6,windows10-64-shippable-qr,True,False,,,102210fe594ee9b33d82058545b1ed14f4c8206e,issue12798_page1_reduced.pdf,pdfpaint,True,pdfpaint issue12798_page1_reduced.pdf opt e10s fission stylo webrender,4768710,77,ms,firefox,455253601,1877507853,2024-04-20 05:31:24,344.83,4797f0a19ccc6dca6f6aa6710f76967e23ba6276,1412701,,,,,,,,,,,,,,,,,,,,,,,,,,,,,,,,,,,,,,,,,,,,,,,,,TN
autoland,5095909,1,5e3add2bec0bb31d0c9a4501b76e4c59161313f6,windows10-64-shippable-qr,True,False,,,102210fe594ee9b33d82058545b1ed14f4c8206e,issue12798_page1_reduced.pdf,pdfpaint,True,pdfpaint issue12798_page1_reduced.pdf opt e10s fission stylo webrender,4768710,77,ms,firefox,455283679,1877626309,2024-04-20 15:42:35,334.84000000000003,f5d9ea237d971478f314e77299398079989b786c,1412749,,,,,,,,,,,,,,,,,,,,,,,,,,,,,,,,,,,,,,,,,,,,,,,,,TN
autoland,5095909,1,5e3add2bec0bb31d0c9a4501b76e4c59161313f6,windows10-64-shippable-qr,True,False,,,102210fe594ee9b33d82058545b1ed14f4c8206e,issue12798_page1_reduced.pdf,pdfpaint,True,pdfpaint issue12798_page1_reduced.pdf opt e10s fission stylo webrender,4768710,77,ms,firefox,455289455,1877668093,2024-04-21 00:18:25,334.51,65ceed609eb489d653eefc7e22fa34f869027a26,1412781,,,,,,,,,,,,,,,,,,,,,,,,,,,,,,,,,,,,,,,,,,,,,,,,,TN
autoland,5095909,1,5e3add2bec0bb31d0c9a4501b76e4c59161313f6,windows10-64-shippable-qr,True,False,,,102210fe594ee9b33d82058545b1ed14f4c8206e,issue12798_page1_reduced.pdf,pdfpaint,True,pdfpaint issue12798_page1_reduced.pdf opt e10s fission stylo webrender,4768710,77,ms,firefox,455326050,1877867158,2024-04-21 21:40:30,369.15,400d4e6908a3aef8f83ae4db204d62e3e028f704,1412843,,,,,,,,,,,,,,,,,,,,,,,,,,,,,,,,,,,,,,,,,,,,,,,,,TN
autoland,5095909,1,5e3add2bec0bb31d0c9a4501b76e4c59161313f6,windows10-64-shippable-qr,True,False,,,102210fe594ee9b33d82058545b1ed14f4c8206e,issue12798_page1_reduced.pdf,pdfpaint,True,pdfpaint issue12798_page1_reduced.pdf opt e10s fission stylo webrender,4768710,77,ms,firefox,455334833,1877948280,2024-04-22 04:00:04,330.62,d4a6129fdbbe32300d5069df6ce47dd92f665c96,1412913,,,,,,,,,,,,,,,,,,,,,,,,,,,,,,,,,,,,,,,,,,,,,,,,,TN
autoland,5095909,1,5e3add2bec0bb31d0c9a4501b76e4c59161313f6,windows10-64-shippable-qr,True,False,,,102210fe594ee9b33d82058545b1ed14f4c8206e,issue12798_page1_reduced.pdf,pdfpaint,True,pdfpaint issue12798_page1_reduced.pdf opt e10s fission stylo webrender,4768710,77,ms,firefox,455348747,1878017385,2024-04-22 08:07:09,330.32,5a83d047329402d960e6c402c6deb27927a436c9,1412944,,,,,,,,,,,,,,,,,,,,,,,,,,,,,,,,,,,,,,,,,,,,,,,,,TN
autoland,5095909,1,5e3add2bec0bb31d0c9a4501b76e4c59161313f6,windows10-64-shippable-qr,True,False,,,102210fe594ee9b33d82058545b1ed14f4c8206e,issue12798_page1_reduced.pdf,pdfpaint,True,pdfpaint issue12798_page1_reduced.pdf opt e10s fission stylo webrender,4768710,77,ms,firefox,455389382,1878169638,2024-04-22 12:07:57,340.37,1c34b0b26d5a556ee695c70bd744ca9f129f456e,1413048,,,,,,,,,,,,,,,,,,,,,,,,,,,,,,,,,,,,,,,,,,,,,,,,,TN
autoland,5095909,1,5e3add2bec0bb31d0c9a4501b76e4c59161313f6,windows10-64-shippable-qr,True,False,,,102210fe594ee9b33d82058545b1ed14f4c8206e,issue12798_page1_reduced.pdf,pdfpaint,True,pdfpaint issue12798_page1_reduced.pdf opt e10s fission stylo webrender,4768710,77,ms,firefox,455437825,1878355652,2024-04-22 19:20:17,359.07,ed724b89a2c25252a6eab99f0fa48f85f2523b66,1413379,,,,,,,,,,,,,,,,,,,,,,,,,,,,,,,,,,,,,,,,,,,,,,,,,TN
autoland,5095909,1,5e3add2bec0bb31d0c9a4501b76e4c59161313f6,windows10-64-shippable-qr,True,False,,,102210fe594ee9b33d82058545b1ed14f4c8206e,issue12798_page1_reduced.pdf,pdfpaint,True,pdfpaint issue12798_page1_reduced.pdf opt e10s fission stylo webrender,4768710,77,ms,firefox,455469949,1878526675,2024-04-22 23:20:55,345.07000000000005,294255d7250372c7cd6256cb6d1da23325d1f728,1413581,,,,,,,,,,,,,,,,,,,,,,,,,,,,,,,,,,,,,,,,,,,,,,,,,TN
autoland,5095909,1,5e3add2bec0bb31d0c9a4501b76e4c59161313f6,windows10-64-shippable-qr,True,False,,,102210fe594ee9b33d82058545b1ed14f4c8206e,issue12798_page1_reduced.pdf,pdfpaint,True,pdfpaint issue12798_page1_reduced.pdf opt e10s fission stylo webrender,4768710,77,ms,firefox,455487917,1878635740,2024-04-23 03:59:43,349.42999999999995,074d29b6e81d7fbf5ac7dea664ffea6a59b41b80,1413693,,,,,,,,,,,,,,,,,,,,,,,,,,,,,,,,,,,,,,,,,,,,,,,,,TN
autoland,5095909,1,5e3add2bec0bb31d0c9a4501b76e4c59161313f6,windows10-64-shippable-qr,True,False,,,102210fe594ee9b33d82058545b1ed14f4c8206e,issue12798_page1_reduced.pdf,pdfpaint,True,pdfpaint issue12798_page1_reduced.pdf opt e10s fission stylo webrender,4768710,77,ms,firefox,455500700,1878745112,2024-04-23 08:01:00,353.9,5519716422b3e14060894caded45bac7a3aeb773,1413770,,,,,,,,,,,,,,,,,,,,,,,,,,,,,,,,,,,,,,,,,,,,,,,,,TN
autoland,5095909,1,5e3add2bec0bb31d0c9a4501b76e4c59161313f6,windows10-64-shippable-qr,True,False,,,102210fe594ee9b33d82058545b1ed14f4c8206e,issue12798_page1_reduced.pdf,pdfpaint,True,pdfpaint issue12798_page1_reduced.pdf opt e10s fission stylo webrender,4768710,77,ms,firefox,455540456,1878874739,2024-04-23 11:54:58,325.57000000000005,d0b5d121d8fc8ffddbec3e026a455ecfe0071347,1413921,,,,,,,,,,,,,,,,,,,,,,,,,,,,,,,,,,,,,,,,,,,,,,,,,TN
autoland,5095909,1,5e3add2bec0bb31d0c9a4501b76e4c59161313f6,windows10-64-shippable-qr,True,False,,,102210fe594ee9b33d82058545b1ed14f4c8206e,issue12798_page1_reduced.pdf,pdfpaint,True,pdfpaint issue12798_page1_reduced.pdf opt e10s fission stylo webrender,4768710,77,ms,firefox,455563368,1879046094,2024-04-23 15:44:45,349.32,058dc2e8394c7361874508e49f2bbbfc3173f1a9,1414120,,,,,,,,,,,,,,,,,,,,,,,,,,,,,,,,,,,,,,,,,,,,,,,,,TN
autoland,5095909,1,5e3add2bec0bb31d0c9a4501b76e4c59161313f6,windows10-64-shippable-qr,True,False,,,102210fe594ee9b33d82058545b1ed14f4c8206e,issue12798_page1_reduced.pdf,pdfpaint,True,pdfpaint issue12798_page1_reduced.pdf opt e10s fission stylo webrender,4768710,77,ms,firefox,455587446,1879203038,2024-04-23 18:21:27,349.94,1c40eb01d534a1c361c5c6fe0b3fdc64aed2c883,1414216,,,,,,,,,,,,,,,,,,,,,,,,,,,,,,,,,,,,,,,,,,,,,,,,,TN
autoland,5095909,1,5e3add2bec0bb31d0c9a4501b76e4c59161313f6,windows10-64-shippable-qr,True,False,,,102210fe594ee9b33d82058545b1ed14f4c8206e,issue12798_page1_reduced.pdf,pdfpaint,True,pdfpaint issue12798_page1_reduced.pdf opt e10s fission stylo webrender,4768710,77,ms,firefox,455614468,1879335607,2024-04-23 22:59:53,374.46,b516592332299274cdbcfd113f1d8a97cc0ee8af,1414419,,,,,,,,,,,,,,,,,,,,,,,,,,,,,,,,,,,,,,,,,,,,,,,,,TN
autoland,5095909,1,5e3add2bec0bb31d0c9a4501b76e4c59161313f6,windows10-64-shippable-qr,True,False,,,102210fe594ee9b33d82058545b1ed14f4c8206e,issue12798_page1_reduced.pdf,pdfpaint,True,pdfpaint issue12798_page1_reduced.pdf opt e10s fission stylo webrender,4768710,77,ms,firefox,455629256,1879423801,2024-04-24 03:55:37,353.77,3de3f9428f138bf269718fceb36c5112a195ca37,1414529,,,,,,,,,,,,,,,,,,,,,,,,,,,,,,,,,,,,,,,,,,,,,,,,,TN
autoland,5095909,1,5e3add2bec0bb31d0c9a4501b76e4c59161313f6,windows10-64-shippable-qr,True,False,,,102210fe594ee9b33d82058545b1ed14f4c8206e,issue12798_page1_reduced.pdf,pdfpaint,True,pdfpaint issue12798_page1_reduced.pdf opt e10s fission stylo webrender,4768710,77,ms,firefox,455653722,1879578601,2024-04-24 07:56:15,340.66,fd7d96cffddb9a76a1ecc148c3b284e8003fe6b9,1414632,,,,,,,,,,,,,,,,,,,,,,,,,,,,,,,,,,,,,,,,,,,,,,,,,TN
autoland,5095909,1,5e3add2bec0bb31d0c9a4501b76e4c59161313f6,windows10-64-shippable-qr,True,False,,,102210fe594ee9b33d82058545b1ed14f4c8206e,issue12798_page1_reduced.pdf,pdfpaint,True,pdfpaint issue12798_page1_reduced.pdf opt e10s fission stylo webrender,4768710,77,ms,firefox,455698903,1879772659,2024-04-24 12:15:38,327.3,87963547052db96296ae50e55c8266cbfc3bd922,1414844,,,,,,,,,,,,,,,,,,,,,,,,,,,,,,,,,,,,,,,,,,,,,,,,,TN
autoland,5095909,1,5e3add2bec0bb31d0c9a4501b76e4c59161313f6,windows10-64-shippable-qr,True,False,,,102210fe594ee9b33d82058545b1ed14f4c8206e,issue12798_page1_reduced.pdf,pdfpaint,True,pdfpaint issue12798_page1_reduced.pdf opt e10s fission stylo webrender,4768710,77,ms,firefox,455758120,140669,2024-04-25 00:20:54,342.14,ec5140ea1b1384a44d1ce6e0271fc97472399e96,1415370,,,,,,,,,,,,,,,,,,,,,,,,,,,,,,,,,,,,,,,,,,,,,,,,,TN
autoland,5095909,1,5e3add2bec0bb31d0c9a4501b76e4c59161313f6,windows10-64-shippable-qr,True,False,,,102210fe594ee9b33d82058545b1ed14f4c8206e,issue12798_page1_reduced.pdf,pdfpaint,True,pdfpaint issue12798_page1_reduced.pdf opt e10s fission stylo webrender,4768710,77,ms,firefox,455774630,209367,2024-04-25 02:34:18,351.86,cffa531d3b2e833bda2b3f035d37edb92f838428,1415633,,,,,,,,,,,,,,,,,,,,,,,,,,,,,,,,,,,,,,,,,,,,,,,,,TN
autoland,5095909,1,5e3add2bec0bb31d0c9a4501b76e4c59161313f6,windows10-64-shippable-qr,True,False,,,102210fe594ee9b33d82058545b1ed14f4c8206e,issue12798_page1_reduced.pdf,pdfpaint,True,pdfpaint issue12798_page1_reduced.pdf opt e10s fission stylo webrender,4768710,77,ms,firefox,455789667,304517,2024-04-25 05:01:58,360.76,792c9892791495e8f13e77e5a78bfda83ab7a455,1415718,,,,,,,,,,,,,,,,,,,,,,,,,,,,,,,,,,,,,,,,,,,,,,,,,TN
autoland,5095909,1,5e3add2bec0bb31d0c9a4501b76e4c59161313f6,windows10-64-shippable-qr,True,False,,,102210fe594ee9b33d82058545b1ed14f4c8206e,issue12798_page1_reduced.pdf,pdfpaint,True,pdfpaint issue12798_page1_reduced.pdf opt e10s fission stylo webrender,4768710,77,ms,firefox,455809228,472654,2024-04-25 09:09:49,333.42,5b0d6bb6f3780aaf074d79548381fd6e7a565b85,1415822,,,,,,,,,,,,,,,,,,,,,,,,,,,,,,,,,,,,,,,,,,,,,,,,,TN
autoland,5095909,1,5e3add2bec0bb31d0c9a4501b76e4c59161313f6,windows10-64-shippable-qr,True,False,,,102210fe594ee9b33d82058545b1ed14f4c8206e,issue12798_page1_reduced.pdf,pdfpaint,True,pdfpaint issue12798_page1_reduced.pdf opt e10s fission stylo webrender,4768710,77,ms,firefox,455865206,680467,2024-04-25 13:10:04,348.57000000000005,88f7b12683ce863c6ca742ac14e176ee045383bd,1416008,,,,,,,,,,,,,,,,,,,,,,,,,,,,,,,,,,,,,,,,,,,,,,,,,TN
autoland,5095909,1,5e3add2bec0bb31d0c9a4501b76e4c59161313f6,windows10-64-shippable-qr,True,False,,,102210fe594ee9b33d82058545b1ed14f4c8206e,issue12798_page1_reduced.pdf,pdfpaint,True,pdfpaint issue12798_page1_reduced.pdf opt e10s fission stylo webrender,4768710,77,ms,firefox,455879468,758383,2024-04-25 16:29:00,336.69,6611338ffbdafbbc5b82211b1c255353bdb30763,1416183,,,,,,,,,,,,,,,,,,,,,,,,,,,,,,,,,,,,,,,,,,,,,,,,,TN
autoland,5095909,1,5e3add2bec0bb31d0c9a4501b76e4c59161313f6,windows10-64-shippable-qr,True,False,,,102210fe594ee9b33d82058545b1ed14f4c8206e,issue12798_page1_reduced.pdf,pdfpaint,True,pdfpaint issue12798_page1_reduced.pdf opt e10s fission stylo webrender,4768710,77,ms,firefox,455929306,939371,2024-04-25 21:12:20,348.91,6a497992821d53c3704819a4f43c6a7d3234c5a2,1416361,,,,,,,,,,,,,,,,,,,,,,,,,,,,,,,,,,,,,,,,,,,,,,,,,TN
autoland,5095909,1,5e3add2bec0bb31d0c9a4501b76e4c59161313f6,windows10-64-shippable-qr,True,False,,,102210fe594ee9b33d82058545b1ed14f4c8206e,issue12798_page1_reduced.pdf,pdfpaint,True,pdfpaint issue12798_page1_reduced.pdf opt e10s fission stylo webrender,4768710,77,ms,firefox,455944114,1025016,2024-04-26 01:33:24,361.15,b89431ee0f24bcb481d894ad21288e4f09e1960d,1416487,,,,,,,,,,,,,,,,,,,,,,,,,,,,,,,,,,,,,,,,,,,,,,,,,TN
autoland,5095909,1,5e3add2bec0bb31d0c9a4501b76e4c59161313f6,windows10-64-shippable-qr,True,False,,,102210fe594ee9b33d82058545b1ed14f4c8206e,issue12798_page1_reduced.pdf,pdfpaint,True,pdfpaint issue12798_page1_reduced.pdf opt e10s fission stylo webrender,4768710,77,ms,firefox,455960923,1138476,2024-04-26 05:34:38,327.08000000000004,ed2448d27fe2e034cd5804dc7310c3f72ac2eaa5,1416537,,,,,,,,,,,,,,,,,,,,,,,,,,,,,,,,,,,,,,,,,,,,,,,,,TN
autoland,5095909,1,5e3add2bec0bb31d0c9a4501b76e4c59161313f6,windows10-64-shippable-qr,True,False,,,102210fe594ee9b33d82058545b1ed14f4c8206e,issue12798_page1_reduced.pdf,pdfpaint,True,pdfpaint issue12798_page1_reduced.pdf opt e10s fission stylo webrender,4768710,77,ms,firefox,455998414,1303305,2024-04-26 09:39:43,350.93,c8be3827903b85cfb4313957b4f308f696d3b0fe,1416671,,,,,,,,,,,,,,,,,,,,,,,,,,,,,,,,,,,,,,,,,,,,,,,,,TN
autoland,5095909,1,5e3add2bec0bb31d0c9a4501b76e4c59161313f6,windows10-64-shippable-qr,True,False,,,102210fe594ee9b33d82058545b1ed14f4c8206e,issue12798_page1_reduced.pdf,pdfpaint,True,pdfpaint issue12798_page1_reduced.pdf opt e10s fission stylo webrender,4768710,77,ms,firefox,456031122,1421016,2024-04-26 13:51:38,331.31,462f013c08cacd7abfae1f2d1bf26354372a829f,1416831,,,,,,,,,,,,,,,,,,,,,,,,,,,,,,,,,,,,,,,,,,,,,,,,,TN
autoland,5095909,1,5e3add2bec0bb31d0c9a4501b76e4c59161313f6,windows10-64-shippable-qr,True,False,,,102210fe594ee9b33d82058545b1ed14f4c8206e,issue12798_page1_reduced.pdf,pdfpaint,True,pdfpaint issue12798_page1_reduced.pdf opt e10s fission stylo webrender,4768710,77,ms,firefox,456056053,1535337,2024-04-26 17:53:01,349.72,ed101e266315213d1ad0a423c49bade6ff5df172,1417003,,,,,,,,,,,,,,,,,,,,,,,,,,,,,,,,,,,,,,,,,,,,,,,,,TN
autoland,5095909,1,5e3add2bec0bb31d0c9a4501b76e4c59161313f6,windows10-64-shippable-qr,True,False,,,102210fe594ee9b33d82058545b1ed14f4c8206e,issue12798_page1_reduced.pdf,pdfpaint,True,pdfpaint issue12798_page1_reduced.pdf opt e10s fission stylo webrender,4768710,77,ms,firefox,456082597,1666323,2024-04-26 22:54:36,329.99,7b85c82d731ddab976c6abe7e54685cacaebba41,1417188,,,,,,,,,,,,,,,,,,,,,,,,,,,,,,,,,,,,,,,,,,,,,,,,,TN
autoland,5095909,1,5e3add2bec0bb31d0c9a4501b76e4c59161313f6,windows10-64-shippable-qr,True,False,,,102210fe594ee9b33d82058545b1ed14f4c8206e,issue12798_page1_reduced.pdf,pdfpaint,True,pdfpaint issue12798_page1_reduced.pdf opt e10s fission stylo webrender,4768710,77,ms,firefox,456094379,1751722,2024-04-27 03:46:15,337.92999999999995,45defed78aafc90410c68310027bf771bcfc5968,1417229,,,,,,,,,,,,,,,,,,,,,,,,,,,,,,,,,,,,,,,,,,,,,,,,,TN
autoland,5095909,1,5e3add2bec0bb31d0c9a4501b76e4c59161313f6,windows10-64-shippable-qr,True,False,,,102210fe594ee9b33d82058545b1ed14f4c8206e,issue12798_page1_reduced.pdf,pdfpaint,True,pdfpaint issue12798_page1_reduced.pdf opt e10s fission stylo webrender,4768710,77,ms,firefox,456116565,1854677,2024-04-27 10:47:32,340.36,b694b588a2936a5c99a0ecf2d9d8fb6382a2bff4,1417256,,,,,,,,,,,,,,,,,,,,,,,,,,,,,,,,,,,,,,,,,,,,,,,,,TN
autoland,5095909,1,5e3add2bec0bb31d0c9a4501b76e4c59161313f6,windows10-64-shippable-qr,True,False,,,102210fe594ee9b33d82058545b1ed14f4c8206e,issue12798_page1_reduced.pdf,pdfpaint,True,pdfpaint issue12798_page1_reduced.pdf opt e10s fission stylo webrender,4768710,77,ms,firefox,456136524,1946493,2024-04-27 18:43:51,352.08,69bb72420e433fa8d66fff354e5ce90402289ac1,1417294,,,,,,,,,,,,,,,,,,,,,,,,,,,,,,,,,,,,,,,,,,,,,,,,,TN
autoland,5095909,1,5e3add2bec0bb31d0c9a4501b76e4c59161313f6,windows10-64-shippable-qr,True,False,,,102210fe594ee9b33d82058545b1ed14f4c8206e,issue12798_page1_reduced.pdf,pdfpaint,True,pdfpaint issue12798_page1_reduced.pdf opt e10s fission stylo webrender,4768710,77,ms,firefox,456151319,2015794,2024-04-27 22:45:22,355.35,8256dde0533523666a60914881f81717e1705f8a,1417317,,,,,,,,,,,,,,,,,,,,,,,,,,,,,,,,,,,,,,,,,,,,,,,,,TN
autoland,5095909,1,5e3add2bec0bb31d0c9a4501b76e4c59161313f6,windows10-64-shippable-qr,True,False,,,102210fe594ee9b33d82058545b1ed14f4c8206e,issue12798_page1_reduced.pdf,pdfpaint,True,pdfpaint issue12798_page1_reduced.pdf opt e10s fission stylo webrender,4768710,77,ms,firefox,456157082,2046263,2024-04-28 03:23:06,358.49,d1651fe33156a2aab5884ab1eaaaa8c5dd64631d,1417329,,,,,,,,,,,,,,,,,,,,,,,,,,,,,,,,,,,,,,,,,,,,,,,,,TN
autoland,5095909,1,5e3add2bec0bb31d0c9a4501b76e4c59161313f6,windows10-64-shippable-qr,True,False,,,102210fe594ee9b33d82058545b1ed14f4c8206e,issue12798_page1_reduced.pdf,pdfpaint,True,pdfpaint issue12798_page1_reduced.pdf opt e10s fission stylo webrender,4768710,77,ms,firefox,456181099,2148352,2024-04-28 10:04:44,347.56,e479324bc8bb9135d7a48ad8ebc677725f27de37,1417378,,,,,,,,,,,,,,,,,,,,,,,,,,,,,,,,,,,,,,,,,,,,,,,,,TN
autoland,5095909,1,5e3add2bec0bb31d0c9a4501b76e4c59161313f6,windows10-64-shippable-qr,True,False,,,102210fe594ee9b33d82058545b1ed14f4c8206e,issue12798_page1_reduced.pdf,pdfpaint,True,pdfpaint issue12798_page1_reduced.pdf opt e10s fission stylo webrender,4768710,77,ms,firefox,456187931,2182799,2024-04-28 14:13:44,322.1,f157e5d64220507743654737cdd9b5e74f4f3ed5,1417383,,,,,,,,,,,,,,,,,,,,,,,,,,,,,,,,,,,,,,,,,,,,,,,,,TN
autoland,5095909,1,5e3add2bec0bb31d0c9a4501b76e4c59161313f6,windows10-64-shippable-qr,True,False,,,102210fe594ee9b33d82058545b1ed14f4c8206e,issue12798_page1_reduced.pdf,pdfpaint,True,pdfpaint issue12798_page1_reduced.pdf opt e10s fission stylo webrender,4768710,77,ms,firefox,456192047,2214965,2024-04-28 19:02:33,336.96000000000004,717a883474bedbbf5f420ffd52c76d3f6d4b910d,1417402,,,,,,,,,,,,,,,,,,,,,,,,,,,,,,,,,,,,,,,,,,,,,,,,,TN
autoland,5095909,1,5e3add2bec0bb31d0c9a4501b76e4c59161313f6,windows10-64-shippable-qr,True,False,,,102210fe594ee9b33d82058545b1ed14f4c8206e,issue12798_page1_reduced.pdf,pdfpaint,True,pdfpaint issue12798_page1_reduced.pdf opt e10s fission stylo webrender,4768710,77,ms,firefox,456208303,2282437,2024-04-29 00:22:43,344.89,0481d43263e16ab0b359e3c85888197704857817,1417434,,,,,,,,,,,,,,,,,,,,,,,,,,,,,,,,,,,,,,,,,,,,,,,,,TN
autoland,5095909,1,5e3add2bec0bb31d0c9a4501b76e4c59161313f6,windows10-64-shippable-qr,True,False,,,102210fe594ee9b33d82058545b1ed14f4c8206e,issue12798_page1_reduced.pdf,pdfpaint,True,pdfpaint issue12798_page1_reduced.pdf opt e10s fission stylo webrender,4768710,77,ms,firefox,456216992,2355786,2024-04-29 06:17:09,339.6,6b17c605c084e2db078b234e703a176d3b427fe1,1417456,,,,,,,,,,,,,,,,,,,,,,,,,,,,,,,,,,,,,,,,,,,,,,,,,TN
autoland,5095909,1,5e3add2bec0bb31d0c9a4501b76e4c59161313f6,windows10-64-shippable-qr,True,False,,,102210fe594ee9b33d82058545b1ed14f4c8206e,issue12798_page1_reduced.pdf,pdfpaint,True,pdfpaint issue12798_page1_reduced.pdf opt e10s fission stylo webrender,4768710,77,ms,firefox,456250511,2529067,2024-04-29 10:38:34,366.31,04a668ef9c909b54153526f6b4e28b4287e80664,1417565,,,,,,,,,,,,,,,,,,,,,,,,,,,,,,,,,,,,,,,,,,,,,,,,,TN
autoland,5095909,1,5e3add2bec0bb31d0c9a4501b76e4c59161313f6,windows10-64-shippable-qr,True,False,,,102210fe594ee9b33d82058545b1ed14f4c8206e,issue12798_page1_reduced.pdf,pdfpaint,True,pdfpaint issue12798_page1_reduced.pdf opt e10s fission stylo webrender,4768710,77,ms,firefox,456295196,2689580,2024-04-29 14:46:23,346.84,650dda9187436a12c66c2e81441e68e1d481e164,1417768,,,,,,,,,,,,,,,,,,,,,,,,,,,,,,,,,,,,,,,,,,,,,,,,,TN
autoland,5095909,1,5e3add2bec0bb31d0c9a4501b76e4c59161313f6,windows10-64-shippable-qr,True,False,,,102210fe594ee9b33d82058545b1ed14f4c8206e,issue12798_page1_reduced.pdf,pdfpaint,True,pdfpaint issue12798_page1_reduced.pdf opt e10s fission stylo webrender,4768710,77,ms,firefox,456339211,2959597,2024-04-29 19:52:22,345.21,e9cdeeb2f957d210479897325c1d72ded8f512a4,1418020,,,,,,,,,,,,,,,,,,,,,,,,,,,,,,,,,,,,,,,,,,,,,,,,,TN
autoland,5095909,1,5e3add2bec0bb31d0c9a4501b76e4c59161313f6,windows10-64-shippable-qr,True,False,,,102210fe594ee9b33d82058545b1ed14f4c8206e,issue12798_page1_reduced.pdf,pdfpaint,True,pdfpaint issue12798_page1_reduced.pdf opt e10s fission stylo webrender,4768710,77,ms,firefox,456368053,3066800,2024-04-30 00:02:50,339.24,660a39c9cdc7fc3c728c5da5ccaa8856854fa346,1418169,,,,,,,,,,,,,,,,,,,,,,,,,,,,,,,,,,,,,,,,,,,,,,,,,TN
autoland,5095909,1,5e3add2bec0bb31d0c9a4501b76e4c59161313f6,windows10-64-shippable-qr,True,False,,,102210fe594ee9b33d82058545b1ed14f4c8206e,issue12798_page1_reduced.pdf,pdfpaint,True,pdfpaint issue12798_page1_reduced.pdf opt e10s fission stylo webrender,4768710,77,ms,firefox,456379380,3133146,2024-04-30 05:00:53,346.86,0c6cd807867dbaf592b3c7db4eef81220fe03acf,1418256,,,,,,,,,,,,,,,,,,,,,,,,,,,,,,,,,,,,,,,,,,,,,,,,,TN
autoland,5095909,1,5e3add2bec0bb31d0c9a4501b76e4c59161313f6,windows10-64-shippable-qr,True,False,,,102210fe594ee9b33d82058545b1ed14f4c8206e,issue12798_page1_reduced.pdf,pdfpaint,True,pdfpaint issue12798_page1_reduced.pdf opt e10s fission stylo webrender,4768710,77,ms,firefox,456398140,3232967,2024-04-30 09:02:30,338.66,5502377f2629549b2b7c5368c980d0487ed281d4,1418348,,,,,,,,,,,,,,,,,,,,,,,,,,,,,,,,,,,,,,,,,,,,,,,,,TN
autoland,5095909,1,5e3add2bec0bb31d0c9a4501b76e4c59161313f6,windows10-64-shippable-qr,True,False,,,102210fe594ee9b33d82058545b1ed14f4c8206e,issue12798_page1_reduced.pdf,pdfpaint,True,pdfpaint issue12798_page1_reduced.pdf opt e10s fission stylo webrender,4768710,77,ms,firefox,456450133,3426804,2024-04-30 13:09:55,359.33,df31c6244c03bc65932fec706fefedf091587459,1418487,,,,,,,,,,,,,,,,,,,,,,,,,,,,,,,,,,,,,,,,,,,,,,,,,TN
autoland,5095909,1,5e3add2bec0bb31d0c9a4501b76e4c59161313f6,windows10-64-shippable-qr,True,False,,,102210fe594ee9b33d82058545b1ed14f4c8206e,issue12798_page1_reduced.pdf,pdfpaint,True,pdfpaint issue12798_page1_reduced.pdf opt e10s fission stylo webrender,4768710,77,ms,firefox,456463855,3517790,2024-04-30 16:26:23,355.67,8f7500d7e530d9db7e5101922db97ea633705f4e,1418685,,,,,,,,,,,,,,,,,,,,,,,,,,,,,,,,,,,,,,,,,,,,,,,,,TN
autoland,5095909,1,5e3add2bec0bb31d0c9a4501b76e4c59161313f6,windows10-64-shippable-qr,True,False,,,102210fe594ee9b33d82058545b1ed14f4c8206e,issue12798_page1_reduced.pdf,pdfpaint,True,pdfpaint issue12798_page1_reduced.pdf opt e10s fission stylo webrender,4768710,77,ms,firefox,456483311,3961157,2024-04-30 19:24:53,340.12,ec8f015d7e7237118cd2c9633310bf3b43bc902b,1418797,,,,,,,,,,,,,,,,,,,,,,,,,,,,,,,,,,,,,,,,,,,,,,,,,TN
autoland,5095909,1,5e3add2bec0bb31d0c9a4501b76e4c59161313f6,windows10-64-shippable-qr,True,False,,,102210fe594ee9b33d82058545b1ed14f4c8206e,issue12798_page1_reduced.pdf,pdfpaint,True,pdfpaint issue12798_page1_reduced.pdf opt e10s fission stylo webrender,4768710,77,ms,firefox,456514415,3966376,2024-04-30 23:32:26,337.86,cd22a3f9463d7df724c7e17c83b6f9d8fe0dd54e,1418926,,,,,,,,,,,,,,,,,,,,,,,,,,,,,,,,,,,,,,,,,,,,,,,,,TN
autoland,5095909,1,5e3add2bec0bb31d0c9a4501b76e4c59161313f6,windows10-64-shippable-qr,True,False,,,102210fe594ee9b33d82058545b1ed14f4c8206e,issue12798_page1_reduced.pdf,pdfpaint,True,pdfpaint issue12798_page1_reduced.pdf opt e10s fission stylo webrender,4768710,77,ms,firefox,456524141,3977356,2024-05-01 03:47:22,348.98,5801de1f3daa092cf721149dc96e7b073c172a92,1419018,,,,,,,,,,,,,,,,,,,,,,,,,,,,,,,,,,,,,,,,,,,,,,,,,TN
autoland,5095909,1,5e3add2bec0bb31d0c9a4501b76e4c59161313f6,windows10-64-shippable-qr,True,False,,,102210fe594ee9b33d82058545b1ed14f4c8206e,issue12798_page1_reduced.pdf,pdfpaint,True,pdfpaint issue12798_page1_reduced.pdf opt e10s fission stylo webrender,4768710,77,ms,firefox,456540290,4014145,2024-05-01 07:50:28,348.03,287f670c824ebf9c8dbde990f795f92c94af4882,1419058,,,,,,,,,,,,,,,,,,,,,,,,,,,,,,,,,,,,,,,,,,,,,,,,,TN
autoland,5095909,1,5e3add2bec0bb31d0c9a4501b76e4c59161313f6,windows10-64-shippable-qr,True,False,,,102210fe594ee9b33d82058545b1ed14f4c8206e,issue12798_page1_reduced.pdf,pdfpaint,True,pdfpaint issue12798_page1_reduced.pdf opt e10s fission stylo webrender,4768710,77,ms,firefox,456581031,4083681,2024-05-01 18:27:07,353.81,0c09216614e40f92d253d63a3699eb680be6773a,1419281,,,,,,,,,,,,,,,,,,,,,,,,,,,,,,,,,,,,,,,,,,,,,,,,,TN
autoland,5095909,1,5e3add2bec0bb31d0c9a4501b76e4c59161313f6,windows10-64-shippable-qr,True,False,,,102210fe594ee9b33d82058545b1ed14f4c8206e,issue12798_page1_reduced.pdf,pdfpaint,True,pdfpaint issue12798_page1_reduced.pdf opt e10s fission stylo webrender,4768710,77,ms,firefox,456605338,4231207,2024-05-01 20:27:27,347.49,b8f4a7d4d873dccbf25b9bc2f3510753c2b3fde7,1419379,,,,,,,,,,,,,,,,,,,,,,,,,,,,,,,,,,,,,,,,,,,,,,,,,TN
autoland,5095909,1,5e3add2bec0bb31d0c9a4501b76e4c59161313f6,windows10-64-shippable-qr,True,False,,,102210fe594ee9b33d82058545b1ed14f4c8206e,issue12798_page1_reduced.pdf,pdfpaint,True,pdfpaint issue12798_page1_reduced.pdf opt e10s fission stylo webrender,4768710,77,ms,firefox,456615829,4289573,2024-05-01 23:13:57,345.29999999999995,533fbd9c5056d0b2611e332cddafd7337193d64f,1419453,,,,,,,,,,,,,,,,,,,,,,,,,,,,,,,,,,,,,,,,,,,,,,,,,TN
autoland,5095909,1,5e3add2bec0bb31d0c9a4501b76e4c59161313f6,windows10-64-shippable-qr,True,False,,,102210fe594ee9b33d82058545b1ed14f4c8206e,issue12798_page1_reduced.pdf,pdfpaint,True,pdfpaint issue12798_page1_reduced.pdf opt e10s fission stylo webrender,4768710,77,ms,firefox,456638958,4425377,2024-05-02 04:22:12,353.99,dda5d5286866494223d6cc52382d52032d961218,1419529,,,,,,,,,,,,,,,,,,,,,,,,,,,,,,,,,,,,,,,,,,,,,,,,,TN
autoland,5095909,1,5e3add2bec0bb31d0c9a4501b76e4c59161313f6,windows10-64-shippable-qr,True,False,,,102210fe594ee9b33d82058545b1ed14f4c8206e,issue12798_page1_reduced.pdf,pdfpaint,True,pdfpaint issue12798_page1_reduced.pdf opt e10s fission stylo webrender,4768710,77,ms,firefox,456663675,4585903,2024-05-02 08:48:43,341.39,8f1e622a3413df009913d856f603c77b8e637efc,1419618,,,,,,,,,,,,,,,,,,,,,,,,,,,,,,,,,,,,,,,,,,,,,,,,,TN
autoland,5095909,1,5e3add2bec0bb31d0c9a4501b76e4c59161313f6,windows10-64-shippable-qr,True,False,,,102210fe594ee9b33d82058545b1ed14f4c8206e,issue12798_page1_reduced.pdf,pdfpaint,True,pdfpaint issue12798_page1_reduced.pdf opt e10s fission stylo webrender,4768710,77,ms,firefox,456699863,4789805,2024-05-02 12:53:32,340.02,ea25d02dac47e6880ab5b936adc308c24cbeab32,1419765,,,,,,,,,,,,,,,,,,,,,,,,,,,,,,,,,,,,,,,,,,,,,,,,,TN
autoland,5095909,1,5e3add2bec0bb31d0c9a4501b76e4c59161313f6,windows10-64-shippable-qr,True,False,,,102210fe594ee9b33d82058545b1ed14f4c8206e,issue12798_page1_reduced.pdf,pdfpaint,True,pdfpaint issue12798_page1_reduced.pdf opt e10s fission stylo webrender,4768710,77,ms,firefox,456721355,4881566,2024-05-02 15:44:03,337.41,91cfcfc5935b5ac51c36c1a08a064c33a2d96fd5,1419950,,,,,,,,,,,,,,,,,,,,,,,,,,,,,,,,,,,,,,,,,,,,,,,,,TN
autoland,5095909,1,5e3add2bec0bb31d0c9a4501b76e4c59161313f6,windows10-64-shippable-qr,True,False,,,102210fe594ee9b33d82058545b1ed14f4c8206e,issue12798_page1_reduced.pdf,pdfpaint,True,pdfpaint issue12798_page1_reduced.pdf opt e10s fission stylo webrender,4768710,77,ms,firefox,456738933,4980251,2024-05-02 17:57:36,250.49,3a0b95c0a8b3e334c5811a26420f39aaba7e5be3,1420053,249.22,mozilla-ldap/afinder@mozilla.com,91cfcfc5935b5ac51c36c1a08a064c33a2d96fd5,94.0,27.94,345.84,2024-05-07 13:44:39.048168,1.0,1.0,,,,1419950.0,2.0,2.0,mozilla-ldap/afinder@mozilla.com,,,2024-05-13 09:02:44.357424,,1.0,-96.62,379.0,,,94.0,,False,False,afinder@mozilla.com,,,afinder@mozilla.com,2024-05-05 09:02:44.357424,,042c64cc6496; afinder: alert for pdfpaint bug1755507.pdf was reopened after rest of alert summary was reassigned,OK,154.0,,,,False,,48.09,pdfpaint,,,2024-05-09 09:02:44.357424,TP
autoland,5095909,1,5e3add2bec0bb31d0c9a4501b76e4c59161313f6,windows10-64-shippable-qr,True,False,,,102210fe594ee9b33d82058545b1ed14f4c8206e,issue12798_page1_reduced.pdf,pdfpaint,True,pdfpaint issue12798_page1_reduced.pdf opt e10s fission stylo webrender,4768710,77,ms,firefox,456777472,5141685,2024-05-02 23:51:01,250.18,f5cfc0ea73926b119ca193381efffbfa5859d867,1420328,,,,,,,,,,,,,,,,,,,,,,,,,,,,,,,,,,,,,,,,,,,,,,,,,TN
autoland,5095909,1,5e3add2bec0bb31d0c9a4501b76e4c59161313f6,windows10-64-shippable-qr,True,False,,,102210fe594ee9b33d82058545b1ed14f4c8206e,issue12798_page1_reduced.pdf,pdfpaint,True,pdfpaint issue12798_page1_reduced.pdf opt e10s fission stylo webrender,4768710,77,ms,firefox,456791607,5253357,2024-05-03 04:04:06,247.0,c5c13444d9afc38f2ee8d567a1a17f26a9b6659b,1420386,,,,,,,,,,,,,,,,,,,,,,,,,,,,,,,,,,,,,,,,,,,,,,,,,TN
autoland,5095909,1,5e3add2bec0bb31d0c9a4501b76e4c59161313f6,windows10-64-shippable-qr,True,False,,,102210fe594ee9b33d82058545b1ed14f4c8206e,issue12798_page1_reduced.pdf,pdfpaint,True,pdfpaint issue12798_page1_reduced.pdf opt e10s fission stylo webrender,4768710,77,ms,firefox,456817240,5365468,2024-05-03 08:10:40,250.57,fd534101970b397f34b099196fabc43b927c7fcf,1420452,,,,,,,,,,,,,,,,,,,,,,,,,,,,,,,,,,,,,,,,,,,,,,,,,TN
autoland,5095909,1,5e3add2bec0bb31d0c9a4501b76e4c59161313f6,windows10-64-shippable-qr,True,False,,,102210fe594ee9b33d82058545b1ed14f4c8206e,issue12798_page1_reduced.pdf,pdfpaint,True,pdfpaint issue12798_page1_reduced.pdf opt e10s fission stylo webrender,4768710,77,ms,firefox,456870268,5637100,2024-05-03 12:18:12,246.36,e91d8e436dcc57f87d15822b1dc5b12644cb980e,1420590,,,,,,,,,,,,,,,,,,,,,,,,,,,,,,,,,,,,,,,,,,,,,,,,,TN
autoland,5095909,1,5e3add2bec0bb31d0c9a4501b76e4c59161313f6,windows10-64-shippable-qr,True,False,,,102210fe594ee9b33d82058545b1ed14f4c8206e,issue12798_page1_reduced.pdf,pdfpaint,True,pdfpaint issue12798_page1_reduced.pdf opt e10s fission stylo webrender,4768710,77,ms,firefox,456889701,5777807,2024-05-03 16:29:14,253.08,0a8a8f84140a331e815f8520a76a3c928e4486ea,1420823,,,,,,,,,,,,,,,,,,,,,,,,,,,,,,,,,,,,,,,,,,,,,,,,,TN
autoland,5095909,1,5e3add2bec0bb31d0c9a4501b76e4c59161313f6,windows10-64-shippable-qr,True,False,,,102210fe594ee9b33d82058545b1ed14f4c8206e,issue12798_page1_reduced.pdf,pdfpaint,True,pdfpaint issue12798_page1_reduced.pdf opt e10s fission stylo webrender,4768710,77,ms,firefox,456909032,5926472,2024-05-03 19:41:01,246.84,1e88e24f01e40c6d9b7e3f222f4fbb0d55c9639d,1420975,,,,,,,,,,,,,,,,,,,,,,,,,,,,,,,,,,,,,,,,,,,,,,,,,TN
autoland,5095909,1,5e3add2bec0bb31d0c9a4501b76e4c59161313f6,windows10-64-shippable-qr,True,False,,,102210fe594ee9b33d82058545b1ed14f4c8206e,issue12798_page1_reduced.pdf,pdfpaint,True,pdfpaint issue12798_page1_reduced.pdf opt e10s fission stylo webrender,4768710,77,ms,firefox,456935147,6088360,2024-05-04 00:06:35,250.0,b5ebcaf20c9cca5a0f4b965c398f0f26296df1b5,1421120,,,,,,,,,,,,,,,,,,,,,,,,,,,,,,,,,,,,,,,,,,,,,,,,,TN
autoland,5095909,1,5e3add2bec0bb31d0c9a4501b76e4c59161313f6,windows10-64-shippable-qr,True,False,,,102210fe594ee9b33d82058545b1ed14f4c8206e,issue12798_page1_reduced.pdf,pdfpaint,True,pdfpaint issue12798_page1_reduced.pdf opt e10s fission stylo webrender,4768710,77,ms,firefox,456959818,6239648,2024-05-04 09:19:48,247.78,a546ec29a8018c8e98e738460e9bdfd5d4003690,1421174,,,,,,,,,,,,,,,,,,,,,,,,,,,,,,,,,,,,,,,,,,,,,,,,,TN
autoland,5095909,1,5e3add2bec0bb31d0c9a4501b76e4c59161313f6,windows10-64-shippable-qr,True,False,,,102210fe594ee9b33d82058545b1ed14f4c8206e,issue12798_page1_reduced.pdf,pdfpaint,True,pdfpaint issue12798_page1_reduced.pdf opt e10s fission stylo webrender,4768710,77,ms,firefox,456979999,6346587,2024-05-04 19:44:42,249.13,422a6a673019bc0e2dfd459eceee9594246a0a9d,1421318,,,,,,,,,,,,,,,,,,,,,,,,,,,,,,,,,,,,,,,,,,,,,,,,,TN
autoland,5095909,1,5e3add2bec0bb31d0c9a4501b76e4c59161313f6,windows10-64-shippable-qr,True,False,,,102210fe594ee9b33d82058545b1ed14f4c8206e,issue12798_page1_reduced.pdf,pdfpaint,True,pdfpaint issue12798_page1_reduced.pdf opt e10s fission stylo webrender,4768710,77,ms,firefox,456996553,6415799,2024-05-05 00:17:27,250.05,1343ec609dea28acb4b297bebd481211e1742b11,1421344,,,,,,,,,,,,,,,,,,,,,,,,,,,,,,,,,,,,,,,,,,,,,,,,,TN
autoland,5095909,1,5e3add2bec0bb31d0c9a4501b76e4c59161313f6,windows10-64-shippable-qr,True,False,,,102210fe594ee9b33d82058545b1ed14f4c8206e,issue12798_page1_reduced.pdf,pdfpaint,True,pdfpaint issue12798_page1_reduced.pdf opt e10s fission stylo webrender,4768710,77,ms,firefox,457010538,6517852,2024-05-05 08:06:08,249.11,5c3e0ef9b916432dfc42f800c3c7997f58ae5a63,1421422,,,,,,,,,,,,,,,,,,,,,,,,,,,,,,,,,,,,,,,,,,,,,,,,,TN
autoland,5095909,1,5e3add2bec0bb31d0c9a4501b76e4c59161313f6,windows10-64-shippable-qr,True,False,,,102210fe594ee9b33d82058545b1ed14f4c8206e,issue12798_page1_reduced.pdf,pdfpaint,True,pdfpaint issue12798_page1_reduced.pdf opt e10s fission stylo webrender,4768710,77,ms,firefox,457031947,6634567,2024-05-05 13:09:56,236.4,286a373804e5360a54d51ec691ba7bfd02def155,1421444,,,,,,,,,,,,,,,,,,,,,,,,,,,,,,,,,,,,,,,,,,,,,,,,,TN
autoland,5095909,1,5e3add2bec0bb31d0c9a4501b76e4c59161313f6,windows10-64-shippable-qr,True,False,,,102210fe594ee9b33d82058545b1ed14f4c8206e,issue12798_page1_reduced.pdf,pdfpaint,True,pdfpaint issue12798_page1_reduced.pdf opt e10s fission stylo webrender,4768710,77,ms,firefox,457036745,6681816,2024-05-05 17:38:00,249.86,a6cb5ac7a79af000e99bf48f04ecb2943fcd3c68,1421459,,,,,,,,,,,,,,,,,,,,,,,,,,,,,,,,,,,,,,,,,,,,,,,,,TN
autoland,5095909,1,5e3add2bec0bb31d0c9a4501b76e4c59161313f6,windows10-64-shippable-qr,True,False,,,102210fe594ee9b33d82058545b1ed14f4c8206e,issue12798_page1_reduced.pdf,pdfpaint,True,pdfpaint issue12798_page1_reduced.pdf opt e10s fission stylo webrender,4768710,77,ms,firefox,457055562,6780546,2024-05-05 22:09:52,245.69,ea67e3b59c22cea8a2c797ce9a6608d3ddeaeca9,1421479,,,,,,,,,,,,,,,,,,,,,,,,,,,,,,,,,,,,,,,,,,,,,,,,,TN
autoland,5095909,1,5e3add2bec0bb31d0c9a4501b76e4c59161313f6,windows10-64-shippable-qr,True,False,,,102210fe594ee9b33d82058545b1ed14f4c8206e,issue12798_page1_reduced.pdf,pdfpaint,True,pdfpaint issue12798_page1_reduced.pdf opt e10s fission stylo webrender,4768710,77,ms,firefox,457060893,6837199,2024-05-06 03:19:39,250.06,ab041350c7569b831b00994a96625b9354dcf6b6,1421502,,,,,,,,,,,,,,,,,,,,,,,,,,,,,,,,,,,,,,,,,,,,,,,,,TN
autoland,5095909,1,5e3add2bec0bb31d0c9a4501b76e4c59161313f6,windows10-64-shippable-qr,True,False,,,102210fe594ee9b33d82058545b1ed14f4c8206e,issue12798_page1_reduced.pdf,pdfpaint,True,pdfpaint issue12798_page1_reduced.pdf opt e10s fission stylo webrender,4768710,77,ms,firefox,457071468,6900902,2024-05-06 07:31:35,241.28,65e120a9c1dcb9c8f1c8930e808b03aa149eaf40,1421524,,,,,,,,,,,,,,,,,,,,,,,,,,,,,,,,,,,,,,,,,,,,,,,,,TN
autoland,5095909,1,5e3add2bec0bb31d0c9a4501b76e4c59161313f6,windows10-64-shippable-qr,True,False,,,102210fe594ee9b33d82058545b1ed14f4c8206e,issue12798_page1_reduced.pdf,pdfpaint,True,pdfpaint issue12798_page1_reduced.pdf opt e10s fission stylo webrender,4768710,77,ms,firefox,457106716,7049447,2024-05-06 11:33:14,247.72,13b26e8e0e39998b30b388bb6f5d84c0e8067c03,1421623,,,,,,,,,,,,,,,,,,,,,,,,,,,,,,,,,,,,,,,,,,,,,,,,,TN
autoland,5095909,1,5e3add2bec0bb31d0c9a4501b76e4c59161313f6,windows10-64-shippable-qr,True,False,,,102210fe594ee9b33d82058545b1ed14f4c8206e,issue12798_page1_reduced.pdf,pdfpaint,True,pdfpaint issue12798_page1_reduced.pdf opt e10s fission stylo webrender,4768710,77,ms,firefox,457134092,7174522,2024-05-06 15:35:21,249.48,26e8012d5da938871783505e3753b681ab8cb186,1421812,,,,,,,,,,,,,,,,,,,,,,,,,,,,,,,,,,,,,,,,,,,,,,,,,TN
autoland,5095909,1,5e3add2bec0bb31d0c9a4501b76e4c59161313f6,windows10-64-shippable-qr,True,False,,,102210fe594ee9b33d82058545b1ed14f4c8206e,issue12798_page1_reduced.pdf,pdfpaint,True,pdfpaint issue12798_page1_reduced.pdf opt e10s fission stylo webrender,4768710,77,ms,firefox,457153256,7264077,2024-05-06 17:44:25,247.65,eb10b86b18adfc70952409e13993f834d33fa099,1421908,,,,,,,,,,,,,,,,,,,,,,,,,,,,,,,,,,,,,,,,,,,,,,,,,TN
autoland,5095909,1,5e3add2bec0bb31d0c9a4501b76e4c59161313f6,windows10-64-shippable-qr,True,False,,,102210fe594ee9b33d82058545b1ed14f4c8206e,issue12798_page1_reduced.pdf,pdfpaint,True,pdfpaint issue12798_page1_reduced.pdf opt e10s fission stylo webrender,4768710,77,ms,firefox,457179738,7358571,2024-05-06 20:39:16,253.47,4c7b1942b455d9c365693e5584f7ea86c5b33615,1422073,,,,,,,,,,,,,,,,,,,,,,,,,,,,,,,,,,,,,,,,,,,,,,,,,TN
autoland,5095909,1,5e3add2bec0bb31d0c9a4501b76e4c59161313f6,windows10-64-shippable-qr,True,False,,,102210fe594ee9b33d82058545b1ed14f4c8206e,issue12798_page1_reduced.pdf,pdfpaint,True,pdfpaint issue12798_page1_reduced.pdf opt e10s fission stylo webrender,4768710,77,ms,firefox,457211758,7501917,2024-05-07 01:41:54,251.57,945bbd356b57424bcdb359e6d88c48cd03ff2c10,1422278,,,,,,,,,,,,,,,,,,,,,,,,,,,,,,,,,,,,,,,,,,,,,,,,,TN
autoland,5095909,1,5e3add2bec0bb31d0c9a4501b76e4c59161313f6,windows10-64-shippable-qr,True,False,,,102210fe594ee9b33d82058545b1ed14f4c8206e,issue12798_page1_reduced.pdf,pdfpaint,True,pdfpaint issue12798_page1_reduced.pdf opt e10s fission stylo webrender,4768710,77,ms,firefox,457232130,7603992,2024-05-07 06:04:59,250.01,80150ac16109a11457c3103e68bf1c7ac29270c0,1422341,,,,,,,,,,,,,,,,,,,,,,,,,,,,,,,,,,,,,,,,,,,,,,,,,TN
autoland,5095909,1,5e3add2bec0bb31d0c9a4501b76e4c59161313f6,windows10-64-shippable-qr,True,False,,,102210fe594ee9b33d82058545b1ed14f4c8206e,issue12798_page1_reduced.pdf,pdfpaint,True,pdfpaint issue12798_page1_reduced.pdf opt e10s fission stylo webrender,4768710,77,ms,firefox,457279842,7797155,2024-05-07 10:41:19,249.55,641e15621e7bd2e0e8a2fab82d2b9838e386c3c4,1422484,,,,,,,,,,,,,,,,,,,,,,,,,,,,,,,,,,,,,,,,,,,,,,,,,TN
autoland,5095909,1,5e3add2bec0bb31d0c9a4501b76e4c59161313f6,windows10-64-shippable-qr,True,False,,,102210fe594ee9b33d82058545b1ed14f4c8206e,issue12798_page1_reduced.pdf,pdfpaint,True,pdfpaint issue12798_page1_reduced.pdf opt e10s fission stylo webrender,4768710,77,ms,firefox,457312210,7913114,2024-05-07 14:42:49,250.24,0041f761ddff5c598852d2b5cc41772a3a11cd0b,1422671,,,,,,,,,,,,,,,,,,,,,,,,,,,,,,,,,,,,,,,,,,,,,,,,,TN
autoland,5095909,1,5e3add2bec0bb31d0c9a4501b76e4c59161313f6,windows10-64-shippable-qr,True,False,,,102210fe594ee9b33d82058545b1ed14f4c8206e,issue12798_page1_reduced.pdf,pdfpaint,True,pdfpaint issue12798_page1_reduced.pdf opt e10s fission stylo webrender,4768710,77,ms,firefox,457353802,8185062,2024-05-07 18:25:44,272.97,425b44586178edae02872c1fbc0220a0b4ff4c1d,1422943,,,,,,,,,,,,,,,,,,,,,,,,,,,,,,,,,,,,,,,,,,,,,,,,,TN
autoland,5095909,1,5e3add2bec0bb31d0c9a4501b76e4c59161313f6,windows10-64-shippable-qr,True,False,,,102210fe594ee9b33d82058545b1ed14f4c8206e,issue12798_page1_reduced.pdf,pdfpaint,True,pdfpaint issue12798_page1_reduced.pdf opt e10s fission stylo webrender,4768710,77,ms,firefox,457375754,8289952,2024-05-07 22:14:58,249.69,149e752fdb3fa75a3a02f55e7c7c91f7f704cf8a,1423124,,,,,,,,,,,,,,,,,,,,,,,,,,,,,,,,,,,,,,,,,,,,,,,,,TN
autoland,5095909,1,5e3add2bec0bb31d0c9a4501b76e4c59161313f6,windows10-64-shippable-qr,True,False,,,102210fe594ee9b33d82058545b1ed14f4c8206e,issue12798_page1_reduced.pdf,pdfpaint,True,pdfpaint issue12798_page1_reduced.pdf opt e10s fission stylo webrender,4768710,77,ms,firefox,457409996,8466591,2024-05-08 04:41:52,251.38,a0b3e2669a2dc49c467521cb9b7966ca05e3dbc3,1423269,,,,,,,,,,,,,,,,,,,,,,,,,,,,,,,,,,,,,,,,,,,,,,,,,TN
autoland,5095909,1,5e3add2bec0bb31d0c9a4501b76e4c59161313f6,windows10-64-shippable-qr,True,False,,,102210fe594ee9b33d82058545b1ed14f4c8206e,issue12798_page1_reduced.pdf,pdfpaint,True,pdfpaint issue12798_page1_reduced.pdf opt e10s fission stylo webrender,4768710,77,ms,firefox,457423308,8551297,2024-05-08 08:48:11,251.09,bec816ef2f2c29ed86b08bb592d6283618418e16,1423316,,,,,,,,,,,,,,,,,,,,,,,,,,,,,,,,,,,,,,,,,,,,,,,,,TN
autoland,5095909,1,5e3add2bec0bb31d0c9a4501b76e4c59161313f6,windows10-64-shippable-qr,True,False,,,102210fe594ee9b33d82058545b1ed14f4c8206e,issue12798_page1_reduced.pdf,pdfpaint,True,pdfpaint issue12798_page1_reduced.pdf opt e10s fission stylo webrender,4768710,77,ms,firefox,457470815,8724749,2024-05-08 13:09:13,249.49,ed7b6f65910afcd687ef5aaa25605666805796bb,1423417,,,,,,,,,,,,,,,,,,,,,,,,,,,,,,,,,,,,,,,,,,,,,,,,,TN
