revision,value,repository_name,signature_id,framework_id,signature_hash,machine_platform,should_alert,has_subtests,extra_options,tags,option_collection_hash,test,suite,lower_is_better,name,parent_signature,repository_id,measurement_unit,application,job_id,entry_id,push_timestamp,push_id,single_alert_new_value,single_alert_classifier,alert_summary_prev_push_revision,alert_summary_id,single_alert_amount_pct,single_alert_prev_value,alert_summary_first_triaged,alert_summary_framework,single_alert_series_signature_framework_id,single_alert_series_signature_suite_public_name,alert_summary_related_alerts,single_alert_taskcluster_metadata_retry_id,alert_summary_prev_push_id,alert_summary_status,single_alert_status,alert_summary_assignee_username,single_alert_prev_taskcluster_metadata_task_id,alert_summary_bug_number,alert_summary_bug_due_date,single_alert_series_signature_test_public_name,alert_summary_issue_tracker,single_alert_amount_abs,single_alert_id,single_alert_taskcluster_metadata_task_id,single_alert_backfill_record_total_backfills_successful,single_alert_summary_id,single_alert_prev_taskcluster_metadata_retry_id,single_alert_is_regression,single_alert_manually_created,single_alert_classifier_email,single_alert_backfill_record_total_backfills_failed,single_alert_backfill_record_total_actions_triggered,alert_summary_assignee_email,alert_summary_creation_timestamp,single_alert_prev_profile_url,alert_summary_notes,single_alert_noise_profile,single_alert_related_summary_id,alert_summary_bug_updated,single_alert_profile_url,single_alert_backfill_record_context,single_alert_starred,single_alert_backfill_record_total_backfills_in_progress,single_alert_t_value,single_alert_series_signature_suite,single_alert_backfill_record_status,single_alert_series_signature_tags,alert_summary_triage_due_date,alert_summary_status_general
7942566a9e6784a9b0e4dbf14cc77c2254e4c181,207.0666666666667,firefox-android,4968999,13,aa9609abc622818006b5c3209c799183f22d4d00,android-hw-a51-11-0-aarch64-shippable-qr,True,False,,|w|a|r|m| |w|e|b|r|e|n|d|e|r|,102210fe594ee9b33d82058545b1ed14f4c8206e,largestContentfulPaint,google-maps,True,google-maps largestContentfulPaint opt warm webrender,,127,ms,fenix,,1804460782,2023-12-01 06:54:18,1341150,,,,,,,,,,,,,,,,,,,,,,,,,,,,,,,,,,,,,,,,,,,,,,,,,TN
a110877edf6ffbdf72216bedcec1520a026b8555,208.8,firefox-android,4968999,13,aa9609abc622818006b5c3209c799183f22d4d00,android-hw-a51-11-0-aarch64-shippable-qr,True,False,,|w|a|r|m| |w|e|b|r|e|n|d|e|r|,102210fe594ee9b33d82058545b1ed14f4c8206e,largestContentfulPaint,google-maps,True,google-maps largestContentfulPaint opt warm webrender,,127,ms,fenix,,1808420917,2023-12-01 16:06:07,1341483,,,,,,,,,,,,,,,,,,,,,,,,,,,,,,,,,,,,,,,,,,,,,,,,,TN
b9ed285c624d29cebab5e9da2c3fb9097c2c9e96,180.45,firefox-android,4968999,13,aa9609abc622818006b5c3209c799183f22d4d00,android-hw-a51-11-0-aarch64-shippable-qr,True,False,,|w|a|r|m| |w|e|b|r|e|n|d|e|r|,102210fe594ee9b33d82058545b1ed14f4c8206e,largestContentfulPaint,google-maps,True,google-maps largestContentfulPaint opt warm webrender,,127,ms,fenix,,1808420892,2023-12-01 16:59:52,1341516,,,,,,,,,,,,,,,,,,,,,,,,,,,,,,,,,,,,,,,,,,,,,,,,,TN
634f9a6940a017c9e1fbb19d8ef0ad8f7b5c114b,180.625,firefox-android,4968999,13,aa9609abc622818006b5c3209c799183f22d4d00,android-hw-a51-11-0-aarch64-shippable-qr,True,False,,|w|a|r|m| |w|e|b|r|e|n|d|e|r|,102210fe594ee9b33d82058545b1ed14f4c8206e,largestContentfulPaint,google-maps,True,google-maps largestContentfulPaint opt warm webrender,,127,ms,fenix,,1808420840,2023-12-01 21:28:16,1341707,,,,,,,,,,,,,,,,,,,,,,,,,,,,,,,,,,,,,,,,,,,,,,,,,TN
e128e4c4aaab92a5e7800148f9c846e7c818b3ba,173.2,firefox-android,4968999,13,aa9609abc622818006b5c3209c799183f22d4d00,android-hw-a51-11-0-aarch64-shippable-qr,True,False,,|w|a|r|m| |w|e|b|r|e|n|d|e|r|,102210fe594ee9b33d82058545b1ed14f4c8206e,largestContentfulPaint,google-maps,True,google-maps largestContentfulPaint opt warm webrender,,127,ms,fenix,,1804736774,2023-12-02 00:28:42,1341784,,,,,,,,,,,,,,,,,,,,,,,,,,,,,,,,,,,,,,,,,,,,,,,,,TN
9a449e72aa68ef5afa5dc1eb6a7e8229d03d393b,183.2,firefox-android,4968999,13,aa9609abc622818006b5c3209c799183f22d4d00,android-hw-a51-11-0-aarch64-shippable-qr,True,False,,|w|a|r|m| |w|e|b|r|e|n|d|e|r|,102210fe594ee9b33d82058545b1ed14f4c8206e,largestContentfulPaint,google-maps,True,google-maps largestContentfulPaint opt warm webrender,,127,ms,fenix,,1804947871,2023-12-02 15:34:28,1341865,,,,,,,,,,,,,,,,,,,,,,,,,,,,,,,,,,,,,,,,,,,,,,,,,TN
0de00980766e3c9452aa4405b1b7cbf03bb3eeb2,177.5,firefox-android,4968999,13,aa9609abc622818006b5c3209c799183f22d4d00,android-hw-a51-11-0-aarch64-shippable-qr,True,False,,|w|a|r|m| |w|e|b|r|e|n|d|e|r|,102210fe594ee9b33d82058545b1ed14f4c8206e,largestContentfulPaint,google-maps,True,google-maps largestContentfulPaint opt warm webrender,,127,ms,fenix,,1805092751,2023-12-03 01:52:47,1341934,,,,,,,,,,,,,,,,,,,,,,,,,,,,,,,,,,,,,,,,,,,,,,,,,TN
c3c7f7cf1692003ba10c5f7fda4dcc15e93dfac8,178.8,firefox-android,4968999,13,aa9609abc622818006b5c3209c799183f22d4d00,android-hw-a51-11-0-aarch64-shippable-qr,True,False,,|w|a|r|m| |w|e|b|r|e|n|d|e|r|,102210fe594ee9b33d82058545b1ed14f4c8206e,largestContentfulPaint,google-maps,True,google-maps largestContentfulPaint opt warm webrender,,127,ms,fenix,,1805254809,2023-12-03 14:48:33,1342017,,,,,,,,,,,,,,,,,,,,,,,,,,,,,,,,,,,,,,,,,,,,,,,,,TN
05967045c8fb415bce39754dffa1806a4fe8078e,182.2,firefox-android,4968999,13,aa9609abc622818006b5c3209c799183f22d4d00,android-hw-a51-11-0-aarch64-shippable-qr,True,False,,|w|a|r|m| |w|e|b|r|e|n|d|e|r|,102210fe594ee9b33d82058545b1ed14f4c8206e,largestContentfulPaint,google-maps,True,google-maps largestContentfulPaint opt warm webrender,,127,ms,fenix,,1805431744,2023-12-04 00:28:05,1342104,,,,,,,,,,,,,,,,,,,,,,,,,,,,,,,,,,,,,,,,,,,,,,,,,TN
e5d6cb7606f20c8ed011945635424c0ee2190307,171.2,firefox-android,4968999,13,aa9609abc622818006b5c3209c799183f22d4d00,android-hw-a51-11-0-aarch64-shippable-qr,True,False,,|w|a|r|m| |w|e|b|r|e|n|d|e|r|,102210fe594ee9b33d82058545b1ed14f4c8206e,largestContentfulPaint,google-maps,True,google-maps largestContentfulPaint opt warm webrender,,127,ms,fenix,,1805747452,2023-12-04 15:26:16,1342401,,,,,,,,,,,,,,,,,,,,,,,,,,,,,,,,,,,,,,,,,,,,,,,,,TN
5547691576b653635246e8a19bb00f98a13b2f57,178.4,firefox-android,4968999,13,aa9609abc622818006b5c3209c799183f22d4d00,android-hw-a51-11-0-aarch64-shippable-qr,True,False,,|w|a|r|m| |w|e|b|r|e|n|d|e|r|,102210fe594ee9b33d82058545b1ed14f4c8206e,largestContentfulPaint,google-maps,True,google-maps largestContentfulPaint opt warm webrender,,127,ms,fenix,,1806166108,2023-12-05 03:44:20,1342906,,,,,,,,,,,,,,,,,,,,,,,,,,,,,,,,,,,,,,,,,,,,,,,,,TN
903be1480933737bdfbaaf84ce83491741a33202,179.4,firefox-android,4968999,13,aa9609abc622818006b5c3209c799183f22d4d00,android-hw-a51-11-0-aarch64-shippable-qr,True,False,,|w|a|r|m| |w|e|b|r|e|n|d|e|r|,102210fe594ee9b33d82058545b1ed14f4c8206e,largestContentfulPaint,google-maps,True,google-maps largestContentfulPaint opt warm webrender,,127,ms,fenix,,1806475107,2023-12-05 15:14:17,1343146,,,,,,,,,,,,,,,,,,,,,,,,,,,,,,,,,,,,,,,,,,,,,,,,,TN
551243b72d49a7b4cd2152c2ba27fd170d1ceab0,181.3,firefox-android,4968999,13,aa9609abc622818006b5c3209c799183f22d4d00,android-hw-a51-11-0-aarch64-shippable-qr,True,False,,|w|a|r|m| |w|e|b|r|e|n|d|e|r|,102210fe594ee9b33d82058545b1ed14f4c8206e,largestContentfulPaint,google-maps,True,google-maps largestContentfulPaint opt warm webrender,,127,ms,fenix,,1806922264,2023-12-06 02:38:02,1343570,,,,,,,,,,,,,,,,,,,,,,,,,,,,,,,,,,,,,,,,,,,,,,,,,TN
8d4f5bceea4ec341b869238ae9894fbc24ce99dc,183.4,firefox-android,4968999,13,aa9609abc622818006b5c3209c799183f22d4d00,android-hw-a51-11-0-aarch64-shippable-qr,True,False,,|w|a|r|m| |w|e|b|r|e|n|d|e|r|,102210fe594ee9b33d82058545b1ed14f4c8206e,largestContentfulPaint,google-maps,True,google-maps largestContentfulPaint opt warm webrender,,127,ms,fenix,,1807158662,2023-12-06 15:54:59,1343845,,,,,,,,,,,,,,,,,,,,,,,,,,,,,,,,,,,,,,,,,,,,,,,,,TN
416b0de9fa578b5719f231209c2dd57fd807fea8,181.1,firefox-android,4968999,13,aa9609abc622818006b5c3209c799183f22d4d00,android-hw-a51-11-0-aarch64-shippable-qr,True,False,,|w|a|r|m| |w|e|b|r|e|n|d|e|r|,102210fe594ee9b33d82058545b1ed14f4c8206e,largestContentfulPaint,google-maps,True,google-maps largestContentfulPaint opt warm webrender,,127,ms,fenix,,1807511113,2023-12-07 03:20:10,1344282,,,,,,,,,,,,,,,,,,,,,,,,,,,,,,,,,,,,,,,,,,,,,,,,,TN
bd8532e95215441d71bd31fa8a7f8e126b7181f0,178.8,firefox-android,4968999,13,aa9609abc622818006b5c3209c799183f22d4d00,android-hw-a51-11-0-aarch64-shippable-qr,True,False,,|w|a|r|m| |w|e|b|r|e|n|d|e|r|,102210fe594ee9b33d82058545b1ed14f4c8206e,largestContentfulPaint,google-maps,True,google-maps largestContentfulPaint opt warm webrender,,127,ms,fenix,,1807780123,2023-12-07 14:06:13,1344481,,,,,,,,,,,,,,,,,,,,,,,,,,,,,,,,,,,,,,,,,,,,,,,,,TN
825175e8acaddd47c1899ea5169c74049ce61043,177.64999999999998,firefox-android,4968999,13,aa9609abc622818006b5c3209c799183f22d4d00,android-hw-a51-11-0-aarch64-shippable-qr,True,False,,|w|a|r|m| |w|e|b|r|e|n|d|e|r|,102210fe594ee9b33d82058545b1ed14f4c8206e,largestContentfulPaint,google-maps,True,google-maps largestContentfulPaint opt warm webrender,,127,ms,fenix,,1808295428,2023-12-08 03:00:12,1344924,,,,,,,,,,,,,,,,,,,,,,,,,,,,,,,,,,,,,,,,,,,,,,,,,TN
a2268afaa0db2c62356798d7779c749b55155331,180.4,firefox-android,4968999,13,aa9609abc622818006b5c3209c799183f22d4d00,android-hw-a51-11-0-aarch64-shippable-qr,True,False,,|w|a|r|m| |w|e|b|r|e|n|d|e|r|,102210fe594ee9b33d82058545b1ed14f4c8206e,largestContentfulPaint,google-maps,True,google-maps largestContentfulPaint opt warm webrender,,127,ms,fenix,,1809098902,2023-12-09 03:10:50,1345523,,,,,,,,,,,,,,,,,,,,,,,,,,,,,,,,,,,,,,,,,,,,,,,,,TN
7215864c9a3714d672d91c486f809b2cde36a375,173.2,firefox-android,4968999,13,aa9609abc622818006b5c3209c799183f22d4d00,android-hw-a51-11-0-aarch64-shippable-qr,True,False,,|w|a|r|m| |w|e|b|r|e|n|d|e|r|,102210fe594ee9b33d82058545b1ed14f4c8206e,largestContentfulPaint,google-maps,True,google-maps largestContentfulPaint opt warm webrender,,127,ms,fenix,,1809241899,2023-12-09 15:20:10,1345603,,,,,,,,,,,,,,,,,,,,,,,,,,,,,,,,,,,,,,,,,,,,,,,,,TN
7814da1e97213fbb606fc113320489ea62b77283,177.1,firefox-android,4968999,13,aa9609abc622818006b5c3209c799183f22d4d00,android-hw-a51-11-0-aarch64-shippable-qr,True,False,,|w|a|r|m| |w|e|b|r|e|n|d|e|r|,102210fe594ee9b33d82058545b1ed14f4c8206e,largestContentfulPaint,google-maps,True,google-maps largestContentfulPaint opt warm webrender,,127,ms,fenix,,1809379703,2023-12-10 02:03:21,1345656,,,,,,,,,,,,,,,,,,,,,,,,,,,,,,,,,,,,,,,,,,,,,,,,,TN
fab78e74bf3a394a9f9604bb1480b762804f2483,178.9,firefox-android,4968999,13,aa9609abc622818006b5c3209c799183f22d4d00,android-hw-a51-11-0-aarch64-shippable-qr,True,False,,|w|a|r|m| |w|e|b|r|e|n|d|e|r|,102210fe594ee9b33d82058545b1ed14f4c8206e,largestContentfulPaint,google-maps,True,google-maps largestContentfulPaint opt warm webrender,,127,ms,fenix,,1809444741,2023-12-10 13:47:25,1345688,,,,,,,,,,,,,,,,,,,,,,,,,,,,,,,,,,,,,,,,,,,,,,,,,TN
173c79daad44c9207a6284563409114a0292e31e,185.5,firefox-android,4968999,13,aa9609abc622818006b5c3209c799183f22d4d00,android-hw-a51-11-0-aarch64-shippable-qr,True,False,,|w|a|r|m| |w|e|b|r|e|n|d|e|r|,102210fe594ee9b33d82058545b1ed14f4c8206e,largestContentfulPaint,google-maps,True,google-maps largestContentfulPaint opt warm webrender,,127,ms,fenix,,1809508808,2023-12-11 00:46:55,1345766,,,,,,,,,,,,,,,,,,,,,,,,,,,,,,,,,,,,,,,,,,,,,,,,,TN
4fd734f645012447d8c1732e03c36768bfd0e0ec,177.1,firefox-android,4968999,13,aa9609abc622818006b5c3209c799183f22d4d00,android-hw-a51-11-0-aarch64-shippable-qr,True,False,,|w|a|r|m| |w|e|b|r|e|n|d|e|r|,102210fe594ee9b33d82058545b1ed14f4c8206e,largestContentfulPaint,google-maps,True,google-maps largestContentfulPaint opt warm webrender,,127,ms,fenix,,1809768850,2023-12-11 15:48:42,1346157,,,,,,,,,,,,,,,,,,,,,,,,,,,,,,,,,,,,,,,,,,,,,,,,,TN
745333f38058bb1de34399b070e53c89e0386797,184.8,firefox-android,4968999,13,aa9609abc622818006b5c3209c799183f22d4d00,android-hw-a51-11-0-aarch64-shippable-qr,True,False,,|w|a|r|m| |w|e|b|r|e|n|d|e|r|,102210fe594ee9b33d82058545b1ed14f4c8206e,largestContentfulPaint,google-maps,True,google-maps largestContentfulPaint opt warm webrender,,127,ms,fenix,,1810076636,2023-12-12 03:15:37,1346661,,,,,,,,,,,,,,,,,,,,,,,,,,,,,,,,,,,,,,,,,,,,,,,,,TN
4b537cafdb902ab47f3736c043f38e0e74b912ad,180.3,firefox-android,4968999,13,aa9609abc622818006b5c3209c799183f22d4d00,android-hw-a51-11-0-aarch64-shippable-qr,True,False,,|w|a|r|m| |w|e|b|r|e|n|d|e|r|,102210fe594ee9b33d82058545b1ed14f4c8206e,largestContentfulPaint,google-maps,True,google-maps largestContentfulPaint opt warm webrender,,127,ms,fenix,,1810405934,2023-12-12 15:53:56,1347015,,,,,,,,,,,,,,,,,,,,,,,,,,,,,,,,,,,,,,,,,,,,,,,,,TN
900f473ce5100da7ee9716ab878d3908a1d2b9f3,180.0,firefox-android,4968999,13,aa9609abc622818006b5c3209c799183f22d4d00,android-hw-a51-11-0-aarch64-shippable-qr,True,False,,|w|a|r|m| |w|e|b|r|e|n|d|e|r|,102210fe594ee9b33d82058545b1ed14f4c8206e,largestContentfulPaint,google-maps,True,google-maps largestContentfulPaint opt warm webrender,,127,ms,fenix,,1810828988,2023-12-13 01:12:13,1347448,,,,,,,,,,,,,,,,,,,,,,,,,,,,,,,,,,,,,,,,,,,,,,,,,TN
c421f23d2f0ff29217f9b242c08b98041da58f44,182.7,firefox-android,4968999,13,aa9609abc622818006b5c3209c799183f22d4d00,android-hw-a51-11-0-aarch64-shippable-qr,True,False,,|w|a|r|m| |w|e|b|r|e|n|d|e|r|,102210fe594ee9b33d82058545b1ed14f4c8206e,largestContentfulPaint,google-maps,True,google-maps largestContentfulPaint opt warm webrender,,127,ms,fenix,,1811048366,2023-12-13 15:46:22,1347853,,,,,,,,,,,,,,,,,,,,,,,,,,,,,,,,,,,,,,,,,,,,,,,,,TN
2269117e1113da34ff008f847b273116e9653852,171.5,firefox-android,4968999,13,aa9609abc622818006b5c3209c799183f22d4d00,android-hw-a51-11-0-aarch64-shippable-qr,True,False,,|w|a|r|m| |w|e|b|r|e|n|d|e|r|,102210fe594ee9b33d82058545b1ed14f4c8206e,largestContentfulPaint,google-maps,True,google-maps largestContentfulPaint opt warm webrender,,127,ms,fenix,,1811416372,2023-12-14 02:27:01,1348364,,,,,,,,,,,,,,,,,,,,,,,,,,,,,,,,,,,,,,,,,,,,,,,,,TN
d822ea4bcdda262ea92951535639ac6a949b4a96,171.8,firefox-android,4968999,13,aa9609abc622818006b5c3209c799183f22d4d00,android-hw-a51-11-0-aarch64-shippable-qr,True,False,,|w|a|r|m| |w|e|b|r|e|n|d|e|r|,102210fe594ee9b33d82058545b1ed14f4c8206e,largestContentfulPaint,google-maps,True,google-maps largestContentfulPaint opt warm webrender,,127,ms,fenix,,1811799855,2023-12-14 15:58:45,1348642,,,,,,,,,,,,,,,,,,,,,,,,,,,,,,,,,,,,,,,,,,,,,,,,,TN
f40f49a27987141bc43e1d328f2ad1eedaefcf8e,182.9,firefox-android,4968999,13,aa9609abc622818006b5c3209c799183f22d4d00,android-hw-a51-11-0-aarch64-shippable-qr,True,False,,|w|a|r|m| |w|e|b|r|e|n|d|e|r|,102210fe594ee9b33d82058545b1ed14f4c8206e,largestContentfulPaint,google-maps,True,google-maps largestContentfulPaint opt warm webrender,,127,ms,fenix,,1812322802,2023-12-15 02:41:42,1349132,,,,,,,,,,,,,,,,,,,,,,,,,,,,,,,,,,,,,,,,,,,,,,,,,TN
f347fb53ecae7ba2b3b4eb7b745994de9a952609,174.8,firefox-android,4968999,13,aa9609abc622818006b5c3209c799183f22d4d00,android-hw-a51-11-0-aarch64-shippable-qr,True,False,,|w|a|r|m| |w|e|b|r|e|n|d|e|r|,102210fe594ee9b33d82058545b1ed14f4c8206e,largestContentfulPaint,google-maps,True,google-maps largestContentfulPaint opt warm webrender,,127,ms,fenix,,1812601441,2023-12-15 15:36:46,1349347,,,,,,,,,,,,,,,,,,,,,,,,,,,,,,,,,,,,,,,,,,,,,,,,,TN
286ecab8f0bf78c43dd8118048fed634e7c793f3,181.7,firefox-android,4968999,13,aa9609abc622818006b5c3209c799183f22d4d00,android-hw-a51-11-0-aarch64-shippable-qr,True,False,,|w|a|r|m| |w|e|b|r|e|n|d|e|r|,102210fe594ee9b33d82058545b1ed14f4c8206e,largestContentfulPaint,google-maps,True,google-maps largestContentfulPaint opt warm webrender,,127,ms,fenix,,1813048907,2023-12-16 00:30:45,1349633,,,,,,,,,,,,,,,,,,,,,,,,,,,,,,,,,,,,,,,,,,,,,,,,,TN
fbbe28491167b2c958a69ff6e9345cc69883d621,183.3,firefox-android,4968999,13,aa9609abc622818006b5c3209c799183f22d4d00,android-hw-a51-11-0-aarch64-shippable-qr,True,False,,|w|a|r|m| |w|e|b|r|e|n|d|e|r|,102210fe594ee9b33d82058545b1ed14f4c8206e,largestContentfulPaint,google-maps,True,google-maps largestContentfulPaint opt warm webrender,,127,ms,fenix,,1813180792,2023-12-16 15:44:08,1349729,,,,,,,,,,,,,,,,,,,,,,,,,,,,,,,,,,,,,,,,,,,,,,,,,TN
620bab37eb56a747a0c9b4cfc22bded4159479f1,174.1,firefox-android,4968999,13,aa9609abc622818006b5c3209c799183f22d4d00,android-hw-a51-11-0-aarch64-shippable-qr,True,False,,|w|a|r|m| |w|e|b|r|e|n|d|e|r|,102210fe594ee9b33d82058545b1ed14f4c8206e,largestContentfulPaint,google-maps,True,google-maps largestContentfulPaint opt warm webrender,,127,ms,fenix,,1813313107,2023-12-17 01:49:28,1349812,,,,,,,,,,,,,,,,,,,,,,,,,,,,,,,,,,,,,,,,,,,,,,,,,TN
bd24985cb6ea69ab760ba86f98dc45f2306c2dbb,181.3,firefox-android,4968999,13,aa9609abc622818006b5c3209c799183f22d4d00,android-hw-a51-11-0-aarch64-shippable-qr,True,False,,|w|a|r|m| |w|e|b|r|e|n|d|e|r|,102210fe594ee9b33d82058545b1ed14f4c8206e,largestContentfulPaint,google-maps,True,google-maps largestContentfulPaint opt warm webrender,,127,ms,fenix,,1813442637,2023-12-17 13:59:20,1349860,,,,,,,,,,,,,,,,,,,,,,,,,,,,,,,,,,,,,,,,,,,,,,,,,TN
7a2b8bdcdece91706521615d2c02f236c58667b5,178.4,firefox-android,4968999,13,aa9609abc622818006b5c3209c799183f22d4d00,android-hw-a51-11-0-aarch64-shippable-qr,True,False,,|w|a|r|m| |w|e|b|r|e|n|d|e|r|,102210fe594ee9b33d82058545b1ed14f4c8206e,largestContentfulPaint,google-maps,True,google-maps largestContentfulPaint opt warm webrender,,127,ms,fenix,,1813539725,2023-12-18 01:53:11,1349995,,,,,,,,,,,,,,,,,,,,,,,,,,,,,,,,,,,,,,,,,,,,,,,,,TN
37ec91c2c65a65dc7a5208c1534e3cbccd00d0dd,180.1,firefox-android,4968999,13,aa9609abc622818006b5c3209c799183f22d4d00,android-hw-a51-11-0-aarch64-shippable-qr,True,False,,|w|a|r|m| |w|e|b|r|e|n|d|e|r|,102210fe594ee9b33d82058545b1ed14f4c8206e,largestContentfulPaint,google-maps,True,google-maps largestContentfulPaint opt warm webrender,,127,ms,fenix,,1813760331,2023-12-18 14:19:58,1350200,,,,,,,,,,,,,,,,,,,,,,,,,,,,,,,,,,,,,,,,,,,,,,,,,TN
b45ea6620a0e853ee3f7bb7ed1ab7d039e1f0db4,176.6,firefox-android,4968999,13,aa9609abc622818006b5c3209c799183f22d4d00,android-hw-a51-11-0-aarch64-shippable-qr,True,False,,|w|a|r|m| |w|e|b|r|e|n|d|e|r|,102210fe594ee9b33d82058545b1ed14f4c8206e,largestContentfulPaint,google-maps,True,google-maps largestContentfulPaint opt warm webrender,,127,ms,fenix,,1814138717,2023-12-19 01:58:10,1350707,,,,,,,,,,,,,,,,,,,,,,,,,,,,,,,,,,,,,,,,,,,,,,,,,TN
e8e61972aef9bb6e7e261f9c83825a42d9e12fe7,171.9,firefox-android,4968999,13,aa9609abc622818006b5c3209c799183f22d4d00,android-hw-a51-11-0-aarch64-shippable-qr,True,False,,|w|a|r|m| |w|e|b|r|e|n|d|e|r|,102210fe594ee9b33d82058545b1ed14f4c8206e,largestContentfulPaint,google-maps,True,google-maps largestContentfulPaint opt warm webrender,,127,ms,fenix,,1814456419,2023-12-19 15:58:54,1351030,,,,,,,,,,,,,,,,,,,,,,,,,,,,,,,,,,,,,,,,,,,,,,,,,TN
99aba14f2e7f53c1305dc29d26df21098e37db1f,176.9,firefox-android,4968999,13,aa9609abc622818006b5c3209c799183f22d4d00,android-hw-a51-11-0-aarch64-shippable-qr,True,False,,|w|a|r|m| |w|e|b|r|e|n|d|e|r|,102210fe594ee9b33d82058545b1ed14f4c8206e,largestContentfulPaint,google-maps,True,google-maps largestContentfulPaint opt warm webrender,,127,ms,fenix,,1814870650,2023-12-20 04:56:25,1351479,,,,,,,,,,,,,,,,,,,,,,,,,,,,,,,,,,,,,,,,,,,,,,,,,TN
efe35f0fcba54a14426bc4902e7fe990278ddb71,182.4,firefox-android,4968999,13,aa9609abc622818006b5c3209c799183f22d4d00,android-hw-a51-11-0-aarch64-shippable-qr,True,False,,|w|a|r|m| |w|e|b|r|e|n|d|e|r|,102210fe594ee9b33d82058545b1ed14f4c8206e,largestContentfulPaint,google-maps,True,google-maps largestContentfulPaint opt warm webrender,,127,ms,fenix,,1815210669,2023-12-20 10:24:14,1351538,,,,,,,,,,,,,,,,,,,,,,,,,,,,,,,,,,,,,,,,,,,,,,,,,TN
051029d02931366fab4dba5ddcb52bf025c8704d,175.4,firefox-android,4968999,13,aa9609abc622818006b5c3209c799183f22d4d00,android-hw-a51-11-0-aarch64-shippable-qr,True,False,,|w|a|r|m| |w|e|b|r|e|n|d|e|r|,102210fe594ee9b33d82058545b1ed14f4c8206e,largestContentfulPaint,google-maps,True,google-maps largestContentfulPaint opt warm webrender,,127,ms,fenix,,1815607629,2023-12-21 02:14:37,1352125,,,,,,,,,,,,,,,,,,,,,,,,,,,,,,,,,,,,,,,,,,,,,,,,,TN
64628821a1e3c0594869011e8b326b53063ff547,185.9,firefox-android,4968999,13,aa9609abc622818006b5c3209c799183f22d4d00,android-hw-a51-11-0-aarch64-shippable-qr,True,False,,|w|a|r|m| |w|e|b|r|e|n|d|e|r|,102210fe594ee9b33d82058545b1ed14f4c8206e,largestContentfulPaint,google-maps,True,google-maps largestContentfulPaint opt warm webrender,,127,ms,fenix,,1815879425,2023-12-21 15:32:59,1352367,,,,,,,,,,,,,,,,,,,,,,,,,,,,,,,,,,,,,,,,,,,,,,,,,TN
42dcc5bdf84849c2f5da1b8d5e8b62e002321be3,184.1,firefox-android,4968999,13,aa9609abc622818006b5c3209c799183f22d4d00,android-hw-a51-11-0-aarch64-shippable-qr,True,False,,|w|a|r|m| |w|e|b|r|e|n|d|e|r|,102210fe594ee9b33d82058545b1ed14f4c8206e,largestContentfulPaint,google-maps,True,google-maps largestContentfulPaint opt warm webrender,,127,ms,fenix,,1816191918,2023-12-22 00:29:56,1352699,,,,,,,,,,,,,,,,,,,,,,,,,,,,,,,,,,,,,,,,,,,,,,,,,TN
62b8d6820c04c8f68adecd67964b5456f371bb40,181.6,firefox-android,4968999,13,aa9609abc622818006b5c3209c799183f22d4d00,android-hw-a51-11-0-aarch64-shippable-qr,True,False,,|w|a|r|m| |w|e|b|r|e|n|d|e|r|,102210fe594ee9b33d82058545b1ed14f4c8206e,largestContentfulPaint,google-maps,True,google-maps largestContentfulPaint opt warm webrender,,127,ms,fenix,,1816395415,2023-12-22 06:44:36,1352787,,,,,,,,,,,,,,,,,,,,,,,,,,,,,,,,,,,,,,,,,,,,,,,,,TN
6c0d578293f5b0cbba113acbc5f4af7c043c5390,179.7,firefox-android,4968999,13,aa9609abc622818006b5c3209c799183f22d4d00,android-hw-a51-11-0-aarch64-shippable-qr,True,False,,|w|a|r|m| |w|e|b|r|e|n|d|e|r|,102210fe594ee9b33d82058545b1ed14f4c8206e,largestContentfulPaint,google-maps,True,google-maps largestContentfulPaint opt warm webrender,,127,ms,fenix,,1816620010,2023-12-23 01:59:42,1353170,,,,,,,,,,,,,,,,,,,,,,,,,,,,,,,,,,,,,,,,,,,,,,,,,TN
f0b029508c9036608b68a7bf88003003868961e4,179.1,firefox-android,4968999,13,aa9609abc622818006b5c3209c799183f22d4d00,android-hw-a51-11-0-aarch64-shippable-qr,True,False,,|w|a|r|m| |w|e|b|r|e|n|d|e|r|,102210fe594ee9b33d82058545b1ed14f4c8206e,largestContentfulPaint,google-maps,True,google-maps largestContentfulPaint opt warm webrender,,127,ms,fenix,,1816755138,2023-12-23 14:03:29,1353234,,,,,,,,,,,,,,,,,,,,,,,,,,,,,,,,,,,,,,,,,,,,,,,,,TN
df6ff7a580dcd3c33f84880a311448581d478175,186.4,firefox-android,4968999,13,aa9609abc622818006b5c3209c799183f22d4d00,android-hw-a51-11-0-aarch64-shippable-qr,True,False,,|w|a|r|m| |w|e|b|r|e|n|d|e|r|,102210fe594ee9b33d82058545b1ed14f4c8206e,largestContentfulPaint,google-maps,True,google-maps largestContentfulPaint opt warm webrender,,127,ms,fenix,,1816822823,2023-12-24 02:44:56,1353278,,,,,,,,,,,,,,,,,,,,,,,,,,,,,,,,,,,,,,,,,,,,,,,,,TN
6d4289bc0245a44325111d9fb5ba6bc6bb7ec24d,175.0,firefox-android,4968999,13,aa9609abc622818006b5c3209c799183f22d4d00,android-hw-a51-11-0-aarch64-shippable-qr,True,False,,|w|a|r|m| |w|e|b|r|e|n|d|e|r|,102210fe594ee9b33d82058545b1ed14f4c8206e,largestContentfulPaint,google-maps,True,google-maps largestContentfulPaint opt warm webrender,,127,ms,fenix,,1816940259,2023-12-24 15:35:41,1353313,,,,,,,,,,,,,,,,,,,,,,,,,,,,,,,,,,,,,,,,,,,,,,,,,TN
f2c1b7d9f2c9172752ce18c70eaff72d1b867de1,183.8,firefox-android,4968999,13,aa9609abc622818006b5c3209c799183f22d4d00,android-hw-a51-11-0-aarch64-shippable-qr,True,False,,|w|a|r|m| |w|e|b|r|e|n|d|e|r|,102210fe594ee9b33d82058545b1ed14f4c8206e,largestContentfulPaint,google-maps,True,google-maps largestContentfulPaint opt warm webrender,,127,ms,fenix,,1817059827,2023-12-25 00:29:11,1353330,,,,,,,,,,,,,,,,,,,,,,,,,,,,,,,,,,,,,,,,,,,,,,,,,TN
df1424c8c5d2acec5be56a6438fe3ccaf0cebdea,178.8,firefox-android,4968999,13,aa9609abc622818006b5c3209c799183f22d4d00,android-hw-a51-11-0-aarch64-shippable-qr,True,False,,|w|a|r|m| |w|e|b|r|e|n|d|e|r|,102210fe594ee9b33d82058545b1ed14f4c8206e,largestContentfulPaint,google-maps,True,google-maps largestContentfulPaint opt warm webrender,,127,ms,fenix,,1817182347,2023-12-25 15:36:47,1353380,,,,,,,,,,,,,,,,,,,,,,,,,,,,,,,,,,,,,,,,,,,,,,,,,TN
12d395982ebd2f6eb915e51d3ed5d945c75bd948,180.3,firefox-android,4968999,13,aa9609abc622818006b5c3209c799183f22d4d00,android-hw-a51-11-0-aarch64-shippable-qr,True,False,,|w|a|r|m| |w|e|b|r|e|n|d|e|r|,102210fe594ee9b33d82058545b1ed14f4c8206e,largestContentfulPaint,google-maps,True,google-maps largestContentfulPaint opt warm webrender,,127,ms,fenix,441391008.0,1817291550,2023-12-26 01:46:30,1353420,,,,,,,,,,,,,,,,,,,,,,,,,,,,,,,,,,,,,,,,,,,,,,,,,TN
eff4cd5f88e342df9f15ed82b85bcdd1ec3e1e91,187.0,firefox-android,4968999,13,aa9609abc622818006b5c3209c799183f22d4d00,android-hw-a51-11-0-aarch64-shippable-qr,True,False,,|w|a|r|m| |w|e|b|r|e|n|d|e|r|,102210fe594ee9b33d82058545b1ed14f4c8206e,largestContentfulPaint,google-maps,True,google-maps largestContentfulPaint opt warm webrender,,127,ms,fenix,441427868.0,1817474376,2023-12-26 14:27:24,1353502,,,,,,,,,,,,,,,,,,,,,,,,,,,,,,,,,,,,,,,,,,,,,,,,,TN
561bb1ccee4fae4b2ec0bbf3a1030b48650d629b,181.9,firefox-android,4968999,13,aa9609abc622818006b5c3209c799183f22d4d00,android-hw-a51-11-0-aarch64-shippable-qr,True,False,,|w|a|r|m| |w|e|b|r|e|n|d|e|r|,102210fe594ee9b33d82058545b1ed14f4c8206e,largestContentfulPaint,google-maps,True,google-maps largestContentfulPaint opt warm webrender,,127,ms,fenix,441452320.0,1817563851,2023-12-27 00:27:11,1353541,,,,,,,,,,,,,,,,,,,,,,,,,,,,,,,,,,,,,,,,,,,,,,,,,TN
226cc0c4387c57b41683366087f35e5475d54f85,178.6,firefox-android,4968999,13,aa9609abc622818006b5c3209c799183f22d4d00,android-hw-a51-11-0-aarch64-shippable-qr,True,False,,|w|a|r|m| |w|e|b|r|e|n|d|e|r|,102210fe594ee9b33d82058545b1ed14f4c8206e,largestContentfulPaint,google-maps,True,google-maps largestContentfulPaint opt warm webrender,,127,ms,fenix,441491473.0,1817731828,2023-12-27 14:45:32,1353652,,,,,,,,,,,,,,,,,,,,,,,,,,,,,,,,,,,,,,,,,,,,,,,,,TN
5371e6d22690a936ac0cda43604394bcea7dcd5b,176.2,firefox-android,4968999,13,aa9609abc622818006b5c3209c799183f22d4d00,android-hw-a51-11-0-aarch64-shippable-qr,True,False,,|w|a|r|m| |w|e|b|r|e|n|d|e|r|,102210fe594ee9b33d82058545b1ed14f4c8206e,largestContentfulPaint,google-maps,True,google-maps largestContentfulPaint opt warm webrender,,127,ms,fenix,441532421.0,1817921942,2023-12-28 02:44:57,1353798,,,,,,,,,,,,,,,,,,,,,,,,,,,,,,,,,,,,,,,,,,,,,,,,,TN
13abfb749f6e8591449195aac3f441724e77b414,181.7,firefox-android,4968999,13,aa9609abc622818006b5c3209c799183f22d4d00,android-hw-a51-11-0-aarch64-shippable-qr,True,False,,|w|a|r|m| |w|e|b|r|e|n|d|e|r|,102210fe594ee9b33d82058545b1ed14f4c8206e,largestContentfulPaint,google-maps,True,google-maps largestContentfulPaint opt warm webrender,,127,ms,fenix,441556023.0,1818050564,2023-12-28 15:01:49,1353838,,,,,,,,,,,,,,,,,,,,,,,,,,,,,,,,,,,,,,,,,,,,,,,,,TN
c15f1e89a6132581e3a7739b841489338f9cafed,180.3,firefox-android,4968999,13,aa9609abc622818006b5c3209c799183f22d4d00,android-hw-a51-11-0-aarch64-shippable-qr,True,False,,|w|a|r|m| |w|e|b|r|e|n|d|e|r|,102210fe594ee9b33d82058545b1ed14f4c8206e,largestContentfulPaint,google-maps,True,google-maps largestContentfulPaint opt warm webrender,,127,ms,fenix,441607908.0,1818295466,2023-12-29 00:51:34,1354026,,,,,,,,,,,,,,,,,,,,,,,,,,,,,,,,,,,,,,,,,,,,,,,,,TN
3e2ad2b0cea1dc0259e18d9f53470d77f5ca5e0f,180.6,firefox-android,4968999,13,aa9609abc622818006b5c3209c799183f22d4d00,android-hw-a51-11-0-aarch64-shippable-qr,True,False,,|w|a|r|m| |w|e|b|r|e|n|d|e|r|,102210fe594ee9b33d82058545b1ed14f4c8206e,largestContentfulPaint,google-maps,True,google-maps largestContentfulPaint opt warm webrender,,127,ms,fenix,441662778.0,1818513757,2023-12-29 15:04:41,1354168,,,,,,,,,,,,,,,,,,,,,,,,,,,,,,,,,,,,,,,,,,,,,,,,,TN
3b3ebeae39db4493438f315c68d589a3f994a342,189.0,firefox-android,4968999,13,aa9609abc622818006b5c3209c799183f22d4d00,android-hw-a51-11-0-aarch64-shippable-qr,True,False,,|w|a|r|m| |w|e|b|r|e|n|d|e|r|,102210fe594ee9b33d82058545b1ed14f4c8206e,largestContentfulPaint,google-maps,True,google-maps largestContentfulPaint opt warm webrender,,127,ms,fenix,441705886.0,1818658271,2023-12-30 02:54:57,1354310,,,,,,,,,,,,,,,,,,,,,,,,,,,,,,,,,,,,,,,,,,,,,,,,,TN
6204ff8c601b4d40da3bab6ca0ca253140068bb6,179.7,firefox-android,4968999,13,aa9609abc622818006b5c3209c799183f22d4d00,android-hw-a51-11-0-aarch64-shippable-qr,True,False,,|w|a|r|m| |w|e|b|r|e|n|d|e|r|,102210fe594ee9b33d82058545b1ed14f4c8206e,largestContentfulPaint,google-maps,True,google-maps largestContentfulPaint opt warm webrender,,127,ms,fenix,441745597.0,1818829728,2023-12-30 13:54:18,1354385,,,,,,,,,,,,,,,,,,,,,,,,,,,,,,,,,,,,,,,,,,,,,,,,,TN
df01aa13d176099bfd2ad232b5578ce7fec5de6d,180.9,firefox-android,4968999,13,aa9609abc622818006b5c3209c799183f22d4d00,android-hw-a51-11-0-aarch64-shippable-qr,True,False,,|w|a|r|m| |w|e|b|r|e|n|d|e|r|,102210fe594ee9b33d82058545b1ed14f4c8206e,largestContentfulPaint,google-maps,True,google-maps largestContentfulPaint opt warm webrender,,127,ms,fenix,441779076.0,1818998515,2023-12-31 01:46:35,1354422,,,,,,,,,,,,,,,,,,,,,,,,,,,,,,,,,,,,,,,,,,,,,,,,,TN
b50240042d71f16a8ec687ebd74518ac8a7104bf,173.6,firefox-android,4968999,13,aa9609abc622818006b5c3209c799183f22d4d00,android-hw-a51-11-0-aarch64-shippable-qr,True,False,,|w|a|r|m| |w|e|b|r|e|n|d|e|r|,102210fe594ee9b33d82058545b1ed14f4c8206e,largestContentfulPaint,google-maps,True,google-maps largestContentfulPaint opt warm webrender,,127,ms,fenix,441804817.0,1819102515,2023-12-31 14:17:13,1354458,,,,,,,,,,,,,,,,,,,,,,,,,,,,,,,,,,,,,,,,,,,,,,,,,TN
dd96f6144625efbfea994030acfe0615d98881b9,181.25,firefox-android,4968999,13,aa9609abc622818006b5c3209c799183f22d4d00,android-hw-a51-11-0-aarch64-shippable-qr,True,False,,|w|a|r|m| |w|e|b|r|e|n|d|e|r|,102210fe594ee9b33d82058545b1ed14f4c8206e,largestContentfulPaint,google-maps,True,google-maps largestContentfulPaint opt warm webrender,,127,ms,fenix,441830430.0,1819213141,2024-01-01 01:53:51,1354499,,,,,,,,,,,,,,,,,,,,,,,,,,,,,,,,,,,,,,,,,,,,,,,,,TN
f8c3e3cb22e899830ab726cd484b52b0f56ae08f,178.6,firefox-android,4968999,13,aa9609abc622818006b5c3209c799183f22d4d00,android-hw-a51-11-0-aarch64-shippable-qr,True,False,,|w|a|r|m| |w|e|b|r|e|n|d|e|r|,102210fe594ee9b33d82058545b1ed14f4c8206e,largestContentfulPaint,google-maps,True,google-maps largestContentfulPaint opt warm webrender,,127,ms,fenix,441869863.0,1819411134,2024-01-02 03:47:15,1354594,,,,,,,,,,,,,,,,,,,,,,,,,,,,,,,,,,,,,,,,,,,,,,,,,TN
6f13c2077df52b156ef63d58b4360a4057f2226d,173.4,firefox-android,4968999,13,aa9609abc622818006b5c3209c799183f22d4d00,android-hw-a51-11-0-aarch64-shippable-qr,True,False,,|w|a|r|m| |w|e|b|r|e|n|d|e|r|,102210fe594ee9b33d82058545b1ed14f4c8206e,largestContentfulPaint,google-maps,True,google-maps largestContentfulPaint opt warm webrender,,127,ms,fenix,441923244.0,1819599937,2024-01-02 14:26:29,1354750,,,,,,,,,,,,,,,,,,,,,,,,,,,,,,,,,,,,,,,,,,,,,,,,,TN
cfeb98419417199c3190c27b94c42a49088a5182,183.0,firefox-android,4968999,13,aa9609abc622818006b5c3209c799183f22d4d00,android-hw-a51-11-0-aarch64-shippable-qr,True,False,,|w|a|r|m| |w|e|b|r|e|n|d|e|r|,102210fe594ee9b33d82058545b1ed14f4c8206e,largestContentfulPaint,google-maps,True,google-maps largestContentfulPaint opt warm webrender,,127,ms,fenix,441976205.0,1819836384,2024-01-03 02:35:19,1355023,,,,,,,,,,,,,,,,,,,,,,,,,,,,,,,,,,,,,,,,,,,,,,,,,TN
9fa9a1810e2e24fc1c2619e9077c194729bd62c1,182.2,firefox-android,4968999,13,aa9609abc622818006b5c3209c799183f22d4d00,android-hw-a51-11-0-aarch64-shippable-qr,True,False,,|w|a|r|m| |w|e|b|r|e|n|d|e|r|,102210fe594ee9b33d82058545b1ed14f4c8206e,largestContentfulPaint,google-maps,True,google-maps largestContentfulPaint opt warm webrender,,127,ms,fenix,442038513.0,1820069392,2024-01-03 14:52:07,1355178,,,,,,,,,,,,,,,,,,,,,,,,,,,,,,,,,,,,,,,,,,,,,,,,,TN
5a5e3e254484cf2cb76f1ed34e8c95bc340fd96e,173.4,firefox-android,4968999,13,aa9609abc622818006b5c3209c799183f22d4d00,android-hw-a51-11-0-aarch64-shippable-qr,True,False,,|w|a|r|m| |w|e|b|r|e|n|d|e|r|,102210fe594ee9b33d82058545b1ed14f4c8206e,largestContentfulPaint,google-maps,True,google-maps largestContentfulPaint opt warm webrender,,127,ms,fenix,442101261.0,1820336578,2024-01-04 01:58:15,1355476,,,,,,,,,,,,,,,,,,,,,,,,,,,,,,,,,,,,,,,,,,,,,,,,,TN
eb5feef63906d9fe6cde50b731258ab5569ff964,181.1,firefox-android,4968999,13,aa9609abc622818006b5c3209c799183f22d4d00,android-hw-a51-11-0-aarch64-shippable-qr,True,False,,|w|a|r|m| |w|e|b|r|e|n|d|e|r|,102210fe594ee9b33d82058545b1ed14f4c8206e,largestContentfulPaint,google-maps,True,google-maps largestContentfulPaint opt warm webrender,,127,ms,fenix,442160159.0,1820560959,2024-01-04 15:02:31,1355674,,,,,,,,,,,,,,,,,,,,,,,,,,,,,,,,,,,,,,,,,,,,,,,,,TN
c411e77e395b5a7bfa1ea7e9323ecff53cec77fa,179.6,firefox-android,4968999,13,aa9609abc622818006b5c3209c799183f22d4d00,android-hw-a51-11-0-aarch64-shippable-qr,True,False,,|w|a|r|m| |w|e|b|r|e|n|d|e|r|,102210fe594ee9b33d82058545b1ed14f4c8206e,largestContentfulPaint,google-maps,True,google-maps largestContentfulPaint opt warm webrender,,127,ms,fenix,442247812.0,1820983564,2024-01-05 04:27:46,1356078,,,,,,,,,,,,,,,,,,,,,,,,,,,,,,,,,,,,,,,,,,,,,,,,,TN
a6af0a1fd8071ee85bb4e62fc9032f269e4b160b,185.3,firefox-android,4968999,13,aa9609abc622818006b5c3209c799183f22d4d00,android-hw-a51-11-0-aarch64-shippable-qr,True,False,,|w|a|r|m| |w|e|b|r|e|n|d|e|r|,102210fe594ee9b33d82058545b1ed14f4c8206e,largestContentfulPaint,google-maps,True,google-maps largestContentfulPaint opt warm webrender,,127,ms,fenix,442316437.0,1821274807,2024-01-05 15:20:49,1356274,,,,,,,,,,,,,,,,,,,,,,,,,,,,,,,,,,,,,,,,,,,,,,,,,TN
0054945c0f021ec7262e88733ddad281f54b9fa9,173.9,firefox-android,4968999,13,aa9609abc622818006b5c3209c799183f22d4d00,android-hw-a51-11-0-aarch64-shippable-qr,True,False,,|w|a|r|m| |w|e|b|r|e|n|d|e|r|,102210fe594ee9b33d82058545b1ed14f4c8206e,largestContentfulPaint,google-maps,True,google-maps largestContentfulPaint opt warm webrender,,127,ms,fenix,442387486.0,1821553686,2024-01-06 02:17:24,1356571,,,,,,,,,,,,,,,,,,,,,,,,,,,,,,,,,,,,,,,,,,,,,,,,,TN
0cdadb1a02477a1849099377ce85c451037913e7,181.0,firefox-android,4968999,13,aa9609abc622818006b5c3209c799183f22d4d00,android-hw-a51-11-0-aarch64-shippable-qr,True,False,,|w|a|r|m| |w|e|b|r|e|n|d|e|r|,102210fe594ee9b33d82058545b1ed14f4c8206e,largestContentfulPaint,google-maps,True,google-maps largestContentfulPaint opt warm webrender,,127,ms,fenix,442419729.0,1821707403,2024-01-06 13:49:50,1356640,,,,,,,,,,,,,,,,,,,,,,,,,,,,,,,,,,,,,,,,,,,,,,,,,TN
77c923e86c226e75f17e800c8f2680ec667e0e76,179.3,firefox-android,4968999,13,aa9609abc622818006b5c3209c799183f22d4d00,android-hw-a51-11-0-aarch64-shippable-qr,True,False,,|w|a|r|m| |w|e|b|r|e|n|d|e|r|,102210fe594ee9b33d82058545b1ed14f4c8206e,largestContentfulPaint,google-maps,True,google-maps largestContentfulPaint opt warm webrender,,127,ms,fenix,442446076.0,1821820298,2024-01-07 01:56:34,1356672,,,,,,,,,,,,,,,,,,,,,,,,,,,,,,,,,,,,,,,,,,,,,,,,,TN
df12281b94aca57c1cfd7dd768b4055dbf633c51,179.4,firefox-android,4968999,13,aa9609abc622818006b5c3209c799183f22d4d00,android-hw-a51-11-0-aarch64-shippable-qr,True,False,,|w|a|r|m| |w|e|b|r|e|n|d|e|r|,102210fe594ee9b33d82058545b1ed14f4c8206e,largestContentfulPaint,google-maps,True,google-maps largestContentfulPaint opt warm webrender,,127,ms,fenix,442468729.0,1821894437,2024-01-07 13:08:44,1356701,,,,,,,,,,,,,,,,,,,,,,,,,,,,,,,,,,,,,,,,,,,,,,,,,TN
e58472c627f11e034a5ddb1cf66a26f56eadec9a,178.4,firefox-android,4968999,13,aa9609abc622818006b5c3209c799183f22d4d00,android-hw-a51-11-0-aarch64-shippable-qr,True,False,,|w|a|r|m| |w|e|b|r|e|n|d|e|r|,102210fe594ee9b33d82058545b1ed14f4c8206e,largestContentfulPaint,google-maps,True,google-maps largestContentfulPaint opt warm webrender,,127,ms,fenix,442487678.0,1822062887,2024-01-08 00:43:53,1356766,,,,,,,,,,,,,,,,,,,,,,,,,,,,,,,,,,,,,,,,,,,,,,,,,TN
da0e94c0158f801fa279badceda97a068b084047,186.0,firefox-android,4968999,13,aa9609abc622818006b5c3209c799183f22d4d00,android-hw-a51-11-0-aarch64-shippable-qr,True,False,,|w|a|r|m| |w|e|b|r|e|n|d|e|r|,102210fe594ee9b33d82058545b1ed14f4c8206e,largestContentfulPaint,google-maps,True,google-maps largestContentfulPaint opt warm webrender,,127,ms,fenix,442545568.0,1822312794,2024-01-08 15:55:54,1357052,,,,,,,,,,,,,,,,,,,,,,,,,,,,,,,,,,,,,,,,,,,,,,,,,TN
05b25d6c2addabbed18e5e9a6f23a0c2c079d674,184.7,firefox-android,4968999,13,aa9609abc622818006b5c3209c799183f22d4d00,android-hw-a51-11-0-aarch64-shippable-qr,True,False,,|w|a|r|m| |w|e|b|r|e|n|d|e|r|,102210fe594ee9b33d82058545b1ed14f4c8206e,largestContentfulPaint,google-maps,True,google-maps largestContentfulPaint opt warm webrender,,127,ms,fenix,442632142.0,1822640318,2024-01-09 02:36:01,1357331,,,,,,,,,,,,,,,,,,,,,,,,,,,,,,,,,,,,,,,,,,,,,,,,,TN
efd8f194c333e87d0ccc639e0b336222b1cb42a7,180.3,firefox-android,4968999,13,aa9609abc622818006b5c3209c799183f22d4d00,android-hw-a51-11-0-aarch64-shippable-qr,True,False,,|w|a|r|m| |w|e|b|r|e|n|d|e|r|,102210fe594ee9b33d82058545b1ed14f4c8206e,largestContentfulPaint,google-maps,True,google-maps largestContentfulPaint opt warm webrender,,127,ms,fenix,442701180.0,1823005593,2024-01-09 09:37:31,1357424,,,,,,,,,,,,,,,,,,,,,,,,,,,,,,,,,,,,,,,,,,,,,,,,,TN
79ea601c63f8767a9aaf8d68cf0a9e8fcb15f9dc,182.4,firefox-android,4968999,13,aa9609abc622818006b5c3209c799183f22d4d00,android-hw-a51-11-0-aarch64-shippable-qr,True,False,,|w|a|r|m| |w|e|b|r|e|n|d|e|r|,102210fe594ee9b33d82058545b1ed14f4c8206e,largestContentfulPaint,google-maps,True,google-maps largestContentfulPaint opt warm webrender,,127,ms,fenix,442776851.0,1823391582,2024-01-10 01:22:03,1357925,,,,,,,,,,,,,,,,,,,,,,,,,,,,,,,,,,,,,,,,,,,,,,,,,TN
ee53af63890c9dcf51a254f73cda97d68acf1929,185.9,firefox-android,4968999,13,aa9609abc622818006b5c3209c799183f22d4d00,android-hw-a51-11-0-aarch64-shippable-qr,True,False,,|w|a|r|m| |w|e|b|r|e|n|d|e|r|,102210fe594ee9b33d82058545b1ed14f4c8206e,largestContentfulPaint,google-maps,True,google-maps largestContentfulPaint opt warm webrender,,127,ms,fenix,442850296.0,1823700134,2024-01-10 15:57:29,1358262,,,,,,,,,,,,,,,,,,,,,,,,,,,,,,,,,,,,,,,,,,,,,,,,,TN
946b14c07ca9096b56e7ce45829be6fca57599a1,180.9,firefox-android,4968999,13,aa9609abc622818006b5c3209c799183f22d4d00,android-hw-a51-11-0-aarch64-shippable-qr,True,False,,|w|a|r|m| |w|e|b|r|e|n|d|e|r|,102210fe594ee9b33d82058545b1ed14f4c8206e,largestContentfulPaint,google-maps,True,google-maps largestContentfulPaint opt warm webrender,,127,ms,fenix,442912291.0,1823975921,2024-01-11 03:46:09,1358569,,,,,,,,,,,,,,,,,,,,,,,,,,,,,,,,,,,,,,,,,,,,,,,,,TN
2f969dc16e2725603ba812bc260d12354d041419,183.0,firefox-android,4968999,13,aa9609abc622818006b5c3209c799183f22d4d00,android-hw-a51-11-0-aarch64-shippable-qr,True,False,,|w|a|r|m| |w|e|b|r|e|n|d|e|r|,102210fe594ee9b33d82058545b1ed14f4c8206e,largestContentfulPaint,google-maps,True,google-maps largestContentfulPaint opt warm webrender,,127,ms,fenix,442976305.0,1824231453,2024-01-11 15:49:49,1358825,,,,,,,,,,,,,,,,,,,,,,,,,,,,,,,,,,,,,,,,,,,,,,,,,TN
969711de57cb78914f2a8414a8bafd344be987e6,172.5,firefox-android,4968999,13,aa9609abc622818006b5c3209c799183f22d4d00,android-hw-a51-11-0-aarch64-shippable-qr,True,False,,|w|a|r|m| |w|e|b|r|e|n|d|e|r|,102210fe594ee9b33d82058545b1ed14f4c8206e,largestContentfulPaint,google-maps,True,google-maps largestContentfulPaint opt warm webrender,,127,ms,fenix,443063156.0,1824631132,2024-01-12 02:00:09,1359181,,,,,,,,,,,,,,,,,,,,,,,,,,,,,,,,,,,,,,,,,,,,,,,,,TN
3c5ffa08cd8272db3b96f0253730b048908a3fc8,179.5,firefox-android,4968999,13,aa9609abc622818006b5c3209c799183f22d4d00,android-hw-a51-11-0-aarch64-shippable-qr,True,False,,|w|a|r|m| |w|e|b|r|e|n|d|e|r|,102210fe594ee9b33d82058545b1ed14f4c8206e,largestContentfulPaint,google-maps,True,google-maps largestContentfulPaint opt warm webrender,,127,ms,fenix,443129086.0,1825068328,2024-01-12 14:10:18,1359391,,,,,,,,,,,,,,,,,,,,,,,,,,,,,,,,,,,,,,,,,,,,,,,,,TN
157e483bb089265e05db36158560289ab51f5235,173.6,firefox-android,4968999,13,aa9609abc622818006b5c3209c799183f22d4d00,android-hw-a51-11-0-aarch64-shippable-qr,True,False,,|w|a|r|m| |w|e|b|r|e|n|d|e|r|,102210fe594ee9b33d82058545b1ed14f4c8206e,largestContentfulPaint,google-maps,True,google-maps largestContentfulPaint opt warm webrender,,127,ms,fenix,443192599.0,1825338248,2024-01-13 01:54:06,1359811,,,,,,,,,,,,,,,,,,,,,,,,,,,,,,,,,,,,,,,,,,,,,,,,,TN
ccee57c7204c64f4a9978ac990b53c51536fef50,173.7,firefox-android,4968999,13,aa9609abc622818006b5c3209c799183f22d4d00,android-hw-a51-11-0-aarch64-shippable-qr,True,False,,|w|a|r|m| |w|e|b|r|e|n|d|e|r|,102210fe594ee9b33d82058545b1ed14f4c8206e,largestContentfulPaint,google-maps,True,google-maps largestContentfulPaint opt warm webrender,,127,ms,fenix,443227585.0,1825524337,2024-01-13 15:29:00,1359887,,,,,,,,,,,,,,,,,,,,,,,,,,,,,,,,,,,,,,,,,,,,,,,,,TN
8c05a1070ab2585b783ac5faf8493562aca19bee,180.4,firefox-android,4968999,13,aa9609abc622818006b5c3209c799183f22d4d00,android-hw-a51-11-0-aarch64-shippable-qr,True,False,,|w|a|r|m| |w|e|b|r|e|n|d|e|r|,102210fe594ee9b33d82058545b1ed14f4c8206e,largestContentfulPaint,google-maps,True,google-maps largestContentfulPaint opt warm webrender,,127,ms,fenix,443252348.0,1825626806,2024-01-14 03:18:34,1359919,,,,,,,,,,,,,,,,,,,,,,,,,,,,,,,,,,,,,,,,,,,,,,,,,TN
37821b549bc9f420ac6cd95f9b6a84db5b644d56,183.9,firefox-android,4968999,13,aa9609abc622818006b5c3209c799183f22d4d00,android-hw-a51-11-0-aarch64-shippable-qr,True,False,,|w|a|r|m| |w|e|b|r|e|n|d|e|r|,102210fe594ee9b33d82058545b1ed14f4c8206e,largestContentfulPaint,google-maps,True,google-maps largestContentfulPaint opt warm webrender,,127,ms,fenix,443277750.0,1825773506,2024-01-14 15:25:25,1359949,,,,,,,,,,,,,,,,,,,,,,,,,,,,,,,,,,,,,,,,,,,,,,,,,TN
46a7013a1c766876106a9a1113e0edfe494ce09a,176.0,firefox-android,4968999,13,aa9609abc622818006b5c3209c799183f22d4d00,android-hw-a51-11-0-aarch64-shippable-qr,True,False,,|w|a|r|m| |w|e|b|r|e|n|d|e|r|,102210fe594ee9b33d82058545b1ed14f4c8206e,largestContentfulPaint,google-maps,True,google-maps largestContentfulPaint opt warm webrender,,127,ms,fenix,443294474.0,1825842959,2024-01-15 02:39:04,1360005,,,,,,,,,,,,,,,,,,,,,,,,,,,,,,,,,,,,,,,,,,,,,,,,,TN
1b43e37cfc0e2a8ab28c01f3e35d4a62ac4cbf6f,178.0,firefox-android,4968999,13,aa9609abc622818006b5c3209c799183f22d4d00,android-hw-a51-11-0-aarch64-shippable-qr,True,False,,|w|a|r|m| |w|e|b|r|e|n|d|e|r|,102210fe594ee9b33d82058545b1ed14f4c8206e,largestContentfulPaint,google-maps,True,google-maps largestContentfulPaint opt warm webrender,,127,ms,fenix,443350807.0,1826084061,2024-01-15 15:55:54,1360258,,,,,,,,,,,,,,,,,,,,,,,,,,,,,,,,,,,,,,,,,,,,,,,,,TN
4de61bafcb5022b3a81b9ff3e6f0d360536e7171,180.7,firefox-android,4968999,13,aa9609abc622818006b5c3209c799183f22d4d00,android-hw-a51-11-0-aarch64-shippable-qr,True,False,,|w|a|r|m| |w|e|b|r|e|n|d|e|r|,102210fe594ee9b33d82058545b1ed14f4c8206e,largestContentfulPaint,google-maps,True,google-maps largestContentfulPaint opt warm webrender,,127,ms,fenix,443426172.0,1826387099,2024-01-16 01:27:04,1360545,,,,,,,,,,,,,,,,,,,,,,,,,,,,,,,,,,,,,,,,,,,,,,,,,TN
5015d27dc7c1c4858adc20d61b1da3947504cb4f,184.6,firefox-android,4968999,13,aa9609abc622818006b5c3209c799183f22d4d00,android-hw-a51-11-0-aarch64-shippable-qr,True,False,,|w|a|r|m| |w|e|b|r|e|n|d|e|r|,102210fe594ee9b33d82058545b1ed14f4c8206e,largestContentfulPaint,google-maps,True,google-maps largestContentfulPaint opt warm webrender,,127,ms,fenix,443494630.0,1826728806,2024-01-16 14:06:54,1360818,,,,,,,,,,,,,,,,,,,,,,,,,,,,,,,,,,,,,,,,,,,,,,,,,TN
4ed75393e4e7ef12f9829c9f6926439983baba80,180.9,firefox-android,4968999,13,aa9609abc622818006b5c3209c799183f22d4d00,android-hw-a51-11-0-aarch64-shippable-qr,True,False,,|w|a|r|m| |w|e|b|r|e|n|d|e|r|,102210fe594ee9b33d82058545b1ed14f4c8206e,largestContentfulPaint,google-maps,True,google-maps largestContentfulPaint opt warm webrender,,127,ms,fenix,443562074.0,1827017229,2024-01-17 01:33:42,1361307,,,,,,,,,,,,,,,,,,,,,,,,,,,,,,,,,,,,,,,,,,,,,,,,,TN
b20fe8f50cfdd7bc6a8a0fe2d21c91e44fbd98c5,184.6,firefox-android,4968999,13,aa9609abc622818006b5c3209c799183f22d4d00,android-hw-a51-11-0-aarch64-shippable-qr,True,False,,|w|a|r|m| |w|e|b|r|e|n|d|e|r|,102210fe594ee9b33d82058545b1ed14f4c8206e,largestContentfulPaint,google-maps,True,google-maps largestContentfulPaint opt warm webrender,,127,ms,fenix,443731728.0,1827791354,2024-01-18 01:40:43,1362028,,,,,,,,,,,,,,,,,,,,,,,,,,,,,,,,,,,,,,,,,,,,,,,,,TN
a0767ac9f80d93886ab442002b5a7b9e5ed288b2,175.9,firefox-android,4968999,13,aa9609abc622818006b5c3209c799183f22d4d00,android-hw-a51-11-0-aarch64-shippable-qr,True,False,,|w|a|r|m| |w|e|b|r|e|n|d|e|r|,102210fe594ee9b33d82058545b1ed14f4c8206e,largestContentfulPaint,google-maps,True,google-maps largestContentfulPaint opt warm webrender,,127,ms,fenix,443805583.0,1828179285,2024-01-18 14:43:32,1362270,,,,,,,,,,,,,,,,,,,,,,,,,,,,,,,,,,,,,,,,,,,,,,,,,TN
2f94609d59c3595d90d0b10a6706f3f0c8ecdfc3,182.8,firefox-android,4968999,13,aa9609abc622818006b5c3209c799183f22d4d00,android-hw-a51-11-0-aarch64-shippable-qr,True,False,,|w|a|r|m| |w|e|b|r|e|n|d|e|r|,102210fe594ee9b33d82058545b1ed14f4c8206e,largestContentfulPaint,google-maps,True,google-maps largestContentfulPaint opt warm webrender,,127,ms,fenix,443892054.0,1828597082,2024-01-19 03:15:30,1362704,,,,,,,,,,,,,,,,,,,,,,,,,,,,,,,,,,,,,,,,,,,,,,,,,TN
9b57ba40d411acf38dac5c66be73ac676127e7b4,175.3,firefox-android,4968999,13,aa9609abc622818006b5c3209c799183f22d4d00,android-hw-a51-11-0-aarch64-shippable-qr,True,False,,|w|a|r|m| |w|e|b|r|e|n|d|e|r|,102210fe594ee9b33d82058545b1ed14f4c8206e,largestContentfulPaint,google-maps,True,google-maps largestContentfulPaint opt warm webrender,,127,ms,fenix,443954251.0,1828867218,2024-01-19 15:18:20,1362931,,,,,,,,,,,,,,,,,,,,,,,,,,,,,,,,,,,,,,,,,,,,,,,,,TN
7382c8704182239aa3505dc7f28ac7e76bf07b19,181.9,firefox-android,4968999,13,aa9609abc622818006b5c3209c799183f22d4d00,android-hw-a51-11-0-aarch64-shippable-qr,True,False,,|w|a|r|m| |w|e|b|r|e|n|d|e|r|,102210fe594ee9b33d82058545b1ed14f4c8206e,largestContentfulPaint,google-maps,True,google-maps largestContentfulPaint opt warm webrender,,127,ms,fenix,444011255.0,1829276155,2024-01-20 02:54:23,1363351,,,,,,,,,,,,,,,,,,,,,,,,,,,,,,,,,,,,,,,,,,,,,,,,,TN
9cc9ee75d552b2fcd0de9cf0057d3060e583e6b0,176.6,firefox-android,4968999,13,aa9609abc622818006b5c3209c799183f22d4d00,android-hw-a51-11-0-aarch64-shippable-qr,True,False,,|w|a|r|m| |w|e|b|r|e|n|d|e|r|,102210fe594ee9b33d82058545b1ed14f4c8206e,largestContentfulPaint,google-maps,True,google-maps largestContentfulPaint opt warm webrender,,127,ms,fenix,444035595.0,1829424375,2024-01-20 15:16:40,1363435,,,,,,,,,,,,,,,,,,,,,,,,,,,,,,,,,,,,,,,,,,,,,,,,,TN
a0376d5e50dfcec1db7a08fe8922599fa759da93,186.4,firefox-android,4968999,13,aa9609abc622818006b5c3209c799183f22d4d00,android-hw-a51-11-0-aarch64-shippable-qr,True,False,,|w|a|r|m| |w|e|b|r|e|n|d|e|r|,102210fe594ee9b33d82058545b1ed14f4c8206e,largestContentfulPaint,google-maps,True,google-maps largestContentfulPaint opt warm webrender,,127,ms,fenix,444042424.0,1829501643,2024-01-21 00:31:26,1363462,,,,,,,,,,,,,,,,,,,,,,,,,,,,,,,,,,,,,,,,,,,,,,,,,TN
e47196a7ca5b576e0dae192e5281e9c6c7ab1014,175.6,firefox-android,4968999,13,aa9609abc622818006b5c3209c799183f22d4d00,android-hw-a51-11-0-aarch64-shippable-qr,True,False,,|w|a|r|m| |w|e|b|r|e|n|d|e|r|,102210fe594ee9b33d82058545b1ed14f4c8206e,largestContentfulPaint,google-maps,True,google-maps largestContentfulPaint opt warm webrender,,127,ms,fenix,444067759.0,1829577493,2024-01-21 15:20:02,1363519,,,,,,,,,,,,,,,,,,,,,,,,,,,,,,,,,,,,,,,,,,,,,,,,,TN
d02bd97f8e4eca55a67f8a9b614675d0d53416be,171.2,firefox-android,4968999,13,aa9609abc622818006b5c3209c799183f22d4d00,android-hw-a51-11-0-aarch64-shippable-qr,True,False,,|w|a|r|m| |w|e|b|r|e|n|d|e|r|,102210fe594ee9b33d82058545b1ed14f4c8206e,largestContentfulPaint,google-maps,True,google-maps largestContentfulPaint opt warm webrender,,127,ms,fenix,444086092.0,1829663874,2024-01-22 00:37:51,1363590,,,,,,,,,,,,,,,,,,,,,,,,,,,,,,,,,,,,,,,,,,,,,,,,,TN
5b6753b240e2ec58504b0c20d811d5b99e7fa5de,178.8,firefox-android,4968999,13,aa9609abc622818006b5c3209c799183f22d4d00,android-hw-a51-11-0-aarch64-shippable-qr,True,False,,|w|a|r|m| |w|e|b|r|e|n|d|e|r|,102210fe594ee9b33d82058545b1ed14f4c8206e,largestContentfulPaint,google-maps,True,google-maps largestContentfulPaint opt warm webrender,,127,ms,fenix,444150079.0,1829918799,2024-01-22 15:43:14,1363907,,,,,,,,,,,,,,,,,,,,,,,,,,,,,,,,,,,,,,,,,,,,,,,,,TN
32de715732ece9317376caf67d496ea0be0d9e09,177.4,firefox-android,4968999,13,aa9609abc622818006b5c3209c799183f22d4d00,android-hw-a51-11-0-aarch64-shippable-qr,True,False,,|w|a|r|m| |w|e|b|r|e|n|d|e|r|,102210fe594ee9b33d82058545b1ed14f4c8206e,largestContentfulPaint,google-maps,True,google-maps largestContentfulPaint opt warm webrender,,127,ms,fenix,444246523.0,1830348004,2024-01-23 04:32:13,1364397,,,,,,,,,,,,,,,,,,,,,,,,,,,,,,,,,,,,,,,,,,,,,,,,,TN
dfc532d71867489dd647364d2b394476e307cfbe,171.3,firefox-android,4968999,13,aa9609abc622818006b5c3209c799183f22d4d00,android-hw-a51-11-0-aarch64-shippable-qr,True,False,,|w|a|r|m| |w|e|b|r|e|n|d|e|r|,102210fe594ee9b33d82058545b1ed14f4c8206e,largestContentfulPaint,google-maps,True,google-maps largestContentfulPaint opt warm webrender,,127,ms,fenix,445703205.0,1837552197,2024-01-23 06:42:40,1364416,,,,,,,,,,,,,,,,,,,,,,,,,,,,,,,,,,,,,,,,,,,,,,,,,TN
52286df99fce3f4a85af333dac414dfd79ca1b99,176.0,firefox-android,4968999,13,aa9609abc622818006b5c3209c799183f22d4d00,android-hw-a51-11-0-aarch64-shippable-qr,True,False,,|w|a|r|m| |w|e|b|r|e|n|d|e|r|,102210fe594ee9b33d82058545b1ed14f4c8206e,largestContentfulPaint,google-maps,True,google-maps largestContentfulPaint opt warm webrender,,127,ms,fenix,445703208.0,1837552250,2024-01-23 15:04:43,1364625,,,,,,,,,,,,,,,,,,,,,,,,,,,,,,,,,,,,,,,,,,,,,,,,,TN
31fb5bb61f342a622b1c4b2fc7c37b5016b2c93e,180.6,firefox-android,4968999,13,aa9609abc622818006b5c3209c799183f22d4d00,android-hw-a51-11-0-aarch64-shippable-qr,True,False,,|w|a|r|m| |w|e|b|r|e|n|d|e|r|,102210fe594ee9b33d82058545b1ed14f4c8206e,largestContentfulPaint,google-maps,True,google-maps largestContentfulPaint opt warm webrender,,127,ms,fenix,444308782.0,1830623519,2024-01-23 15:53:55,1364681,,,,,,,,,,,,,,,,,,,,,,,,,,,,,,,,,,,,,,,,,,,,,,,,,TN
dd3c64a8f2a94f04c15126013f6d54528c520c88,180.96666666666667,firefox-android,4968999,13,aa9609abc622818006b5c3209c799183f22d4d00,android-hw-a51-11-0-aarch64-shippable-qr,True,False,,|w|a|r|m| |w|e|b|r|e|n|d|e|r|,102210fe594ee9b33d82058545b1ed14f4c8206e,largestContentfulPaint,google-maps,True,google-maps largestContentfulPaint opt warm webrender,,127,ms,fenix,445151302.0,1835079126,2024-01-23 16:38:46,1364732,,,,,,,,,,,,,,,,,,,,,,,,,,,,,,,,,,,,,,,,,,,,,,,,,TN
596f5b15c8330ba90c38bbd6a2860074ba46069c,148.83333333333334,firefox-android,4968999,13,aa9609abc622818006b5c3209c799183f22d4d00,android-hw-a51-11-0-aarch64-shippable-qr,True,False,,|w|a|r|m| |w|e|b|r|e|n|d|e|r|,102210fe594ee9b33d82058545b1ed14f4c8206e,largestContentfulPaint,google-maps,True,google-maps largestContentfulPaint opt warm webrender,,127,ms,fenix,445151299.0,1835079800,2024-01-23 21:08:32,1364943,147.92,mozilla-ldap/bacasandrei@mozilla.com,dd3c64a8f2a94f04c15126013f6d54528c520c88,41320.0,17.25,178.75,2024-02-05 09:54:20.331357,13.0,13.0,,|188486|188489|188488|188484|188485|188487|188490|,0.0,1364732.0,4.0,4.0,mozilla-ldap/bacasandrei@mozilla.com,fUf_FFlaT2yAQDhHy95jig,1850006.0,2024-02-12 09:54:20.099450,,1.0,-30.83,188992.0,ci7A4ADvTUGlcyUcIGwAtA,,41320.0,0.0,False,True,bacasandrei@mozilla.com,,,bacasandrei@mozilla.com,2024-02-05 09:54:20.099450,,,,,2024-02-05 10:01:51.456401,,,False,,1000.0,google-maps,,"warm, webrender",2024-02-08 09:54:20.099450,FN
28f0fab2427aef40b010d4471eac45dee6348d56,147.93333333333334,firefox-android,4968999,13,aa9609abc622818006b5c3209c799183f22d4d00,android-hw-a51-11-0-aarch64-shippable-qr,True,False,,|w|a|r|m| |w|e|b|r|e|n|d|e|r|,102210fe594ee9b33d82058545b1ed14f4c8206e,largestContentfulPaint,google-maps,True,google-maps largestContentfulPaint opt warm webrender,,127,ms,fenix,445151551.0,1835080813,2024-01-23 21:37:47,1364976,,,,,,,,,,,,,,,,,,,,,,,,,,,,,,,,,,,,,,,,,,,,,,,,,TN
cf39cbaeb810d3afddaf6e250b3617ead9100a2a,144.7,firefox-android,4968999,13,aa9609abc622818006b5c3209c799183f22d4d00,android-hw-a51-11-0-aarch64-shippable-qr,True,False,,|w|a|r|m| |w|e|b|r|e|n|d|e|r|,102210fe594ee9b33d82058545b1ed14f4c8206e,largestContentfulPaint,google-maps,True,google-maps largestContentfulPaint opt warm webrender,,127,ms,fenix,445151583.0,1835079777,2024-01-23 22:03:17,1364999,,,,,,,,,,,,,,,,,,,,,,,,,,,,,,,,,,,,,,,,,,,,,,,,,TN
8f53157a14cb8be3a2514f353e15008b40017ce0,153.9,firefox-android,4968999,13,aa9609abc622818006b5c3209c799183f22d4d00,android-hw-a51-11-0-aarch64-shippable-qr,True,False,,|w|a|r|m| |w|e|b|r|e|n|d|e|r|,102210fe594ee9b33d82058545b1ed14f4c8206e,largestContentfulPaint,google-maps,True,google-maps largestContentfulPaint opt warm webrender,,127,ms,fenix,445151697.0,1835080695,2024-01-23 22:05:42,1365004,,,,,,,,,,,,,,,,,,,,,,,,,,,,,,,,,,,,,,,,,,,,,,,,,TN
73feafb24a6bec1f20e9618a77368d53423875d4,151.6,firefox-android,4968999,13,aa9609abc622818006b5c3209c799183f22d4d00,android-hw-a51-11-0-aarch64-shippable-qr,True,False,,|w|a|r|m| |w|e|b|r|e|n|d|e|r|,102210fe594ee9b33d82058545b1ed14f4c8206e,largestContentfulPaint,google-maps,True,google-maps largestContentfulPaint opt warm webrender,,127,ms,fenix,444390096.0,1831059644,2024-01-24 02:42:55,1365200,146.1,mozilla-ldap/bacasandrei@mozilla.com,31fb5bb61f342a622b1c4b2fc7c37b5016b2c93e,41223.0,18.43,179.11,2024-01-30 11:57:52.005538,13.0,13.0,,,0.0,1364681.0,2.0,2.0,mozilla-ldap/bacasandrei@mozilla.com,e_Q18Bp6QdCiUK6H2RONlw,,2024-02-05 16:57:23.045388,,1.0,-33.01,188489.0,PHrEGWvgRDSEj8XUoyeXHw,,41223.0,0.0,False,False,bacasandrei@mozilla.com,,,bacasandrei@mozilla.com,2024-01-29 16:57:23.045388,,"afinder: 596f5b15c8330
ready",OK,41320.0,,,,True,,20.74,google-maps,,"warm, webrender",2024-02-01 16:57:23.045388,TP
3872fae14232f1f9d1d2486647a5d9f88c608064,147.6,firefox-android,4968999,13,aa9609abc622818006b5c3209c799183f22d4d00,android-hw-a51-11-0-aarch64-shippable-qr,True,False,,|w|a|r|m| |w|e|b|r|e|n|d|e|r|,102210fe594ee9b33d82058545b1ed14f4c8206e,largestContentfulPaint,google-maps,True,google-maps largestContentfulPaint opt warm webrender,,127,ms,fenix,444474109.0,1831454664,2024-01-24 14:58:57,1365477,,,,,,,,,,,,,,,,,,,,,,,,,,,,,,,,,,,,,,,,,,,,,,,,,TN
870247620ef698a3539c323a9074a4dbda742dec,142.2,firefox-android,4968999,13,aa9609abc622818006b5c3209c799183f22d4d00,android-hw-a51-11-0-aarch64-shippable-qr,True,False,,|w|a|r|m| |w|e|b|r|e|n|d|e|r|,102210fe594ee9b33d82058545b1ed14f4c8206e,largestContentfulPaint,google-maps,True,google-maps largestContentfulPaint opt warm webrender,,127,ms,fenix,444542517.0,1831791260,2024-01-25 01:38:10,1366003,,,,,,,,,,,,,,,,,,,,,,,,,,,,,,,,,,,,,,,,,,,,,,,,,TN
7f20cfbeead6a5c050aa51e6ff8840a0f1fd120c,146.8,firefox-android,4968999,13,aa9609abc622818006b5c3209c799183f22d4d00,android-hw-a51-11-0-aarch64-shippable-qr,True,False,,|w|a|r|m| |w|e|b|r|e|n|d|e|r|,102210fe594ee9b33d82058545b1ed14f4c8206e,largestContentfulPaint,google-maps,True,google-maps largestContentfulPaint opt warm webrender,,127,ms,fenix,444610844.0,1832120931,2024-01-25 15:32:25,1366334,,,,,,,,,,,,,,,,,,,,,,,,,,,,,,,,,,,,,,,,,,,,,,,,,TN
83c5e9ef41ac8428150bb6c4da9b49899095ccdf,145.4,firefox-android,4968999,13,aa9609abc622818006b5c3209c799183f22d4d00,android-hw-a51-11-0-aarch64-shippable-qr,True,False,,|w|a|r|m| |w|e|b|r|e|n|d|e|r|,102210fe594ee9b33d82058545b1ed14f4c8206e,largestContentfulPaint,google-maps,True,google-maps largestContentfulPaint opt warm webrender,,127,ms,fenix,444686858.0,1832505444,2024-01-26 02:01:32,1366737,,,,,,,,,,,,,,,,,,,,,,,,,,,,,,,,,,,,,,,,,,,,,,,,,TN
b102afa2d3c360a7c137206567742f8ea4d2ae5b,143.2,firefox-android,4968999,13,aa9609abc622818006b5c3209c799183f22d4d00,android-hw-a51-11-0-aarch64-shippable-qr,True,False,,|w|a|r|m| |w|e|b|r|e|n|d|e|r|,102210fe594ee9b33d82058545b1ed14f4c8206e,largestContentfulPaint,google-maps,True,google-maps largestContentfulPaint opt warm webrender,,127,ms,fenix,444768425.0,1832885722,2024-01-26 14:50:29,1367010,,,,,,,,,,,,,,,,,,,,,,,,,,,,,,,,,,,,,,,,,,,,,,,,,TN
2cd51a05e0746eced398e5748eef46e26b752775,143.1,firefox-android,4968999,13,aa9609abc622818006b5c3209c799183f22d4d00,android-hw-a51-11-0-aarch64-shippable-qr,True,False,,|w|a|r|m| |w|e|b|r|e|n|d|e|r|,102210fe594ee9b33d82058545b1ed14f4c8206e,largestContentfulPaint,google-maps,True,google-maps largestContentfulPaint opt warm webrender,,127,ms,fenix,444839413.0,1833334138,2024-01-27 03:07:21,1367410,,,,,,,,,,,,,,,,,,,,,,,,,,,,,,,,,,,,,,,,,,,,,,,,,TN
c8248adb27e487983c93c13f0f260d4ff8809776,147.8,firefox-android,4968999,13,aa9609abc622818006b5c3209c799183f22d4d00,android-hw-a51-11-0-aarch64-shippable-qr,True,False,,|w|a|r|m| |w|e|b|r|e|n|d|e|r|,102210fe594ee9b33d82058545b1ed14f4c8206e,largestContentfulPaint,google-maps,True,google-maps largestContentfulPaint opt warm webrender,,127,ms,fenix,444880635.0,1833598950,2024-01-27 13:25:34,1367472,,,,,,,,,,,,,,,,,,,,,,,,,,,,,,,,,,,,,,,,,,,,,,,,,TN
8b1af39d438d97102b7de82fb8f1ace8924f1e8d,146.1,firefox-android,4968999,13,aa9609abc622818006b5c3209c799183f22d4d00,android-hw-a51-11-0-aarch64-shippable-qr,True,False,,|w|a|r|m| |w|e|b|r|e|n|d|e|r|,102210fe594ee9b33d82058545b1ed14f4c8206e,largestContentfulPaint,google-maps,True,google-maps largestContentfulPaint opt warm webrender,,127,ms,fenix,444901364.0,1833741991,2024-01-28 01:37:55,1367531,,,,,,,,,,,,,,,,,,,,,,,,,,,,,,,,,,,,,,,,,,,,,,,,,TN
024141743067bc59148150d60077be1053028963,150.5,firefox-android,4968999,13,aa9609abc622818006b5c3209c799183f22d4d00,android-hw-a51-11-0-aarch64-shippable-qr,True,False,,|w|a|r|m| |w|e|b|r|e|n|d|e|r|,102210fe594ee9b33d82058545b1ed14f4c8206e,largestContentfulPaint,google-maps,True,google-maps largestContentfulPaint opt warm webrender,,127,ms,fenix,444945995.0,1833988820,2024-01-28 13:24:06,1367580,,,,,,,,,,,,,,,,,,,,,,,,,,,,,,,,,,,,,,,,,,,,,,,,,TN
1c7898ba441d79694cdfa827f2041525e71c19da,142.3,firefox-android,4968999,13,aa9609abc622818006b5c3209c799183f22d4d00,android-hw-a51-11-0-aarch64-shippable-qr,True,False,,|w|a|r|m| |w|e|b|r|e|n|d|e|r|,102210fe594ee9b33d82058545b1ed14f4c8206e,largestContentfulPaint,google-maps,True,google-maps largestContentfulPaint opt warm webrender,,127,ms,fenix,444971302.0,1834108937,2024-01-29 01:35:33,1367629,,,,,,,,,,,,,,,,,,,,,,,,,,,,,,,,,,,,,,,,,,,,,,,,,TN
9e4ba928b50148971f1624f54986f0e1ea9caa41,146.6,firefox-android,4968999,13,aa9609abc622818006b5c3209c799183f22d4d00,android-hw-a51-11-0-aarch64-shippable-qr,True,False,,|w|a|r|m| |w|e|b|r|e|n|d|e|r|,102210fe594ee9b33d82058545b1ed14f4c8206e,largestContentfulPaint,google-maps,True,google-maps largestContentfulPaint opt warm webrender,,127,ms,fenix,445039673.0,1834412885,2024-01-29 15:02:17,1367885,,,,,,,,,,,,,,,,,,,,,,,,,,,,,,,,,,,,,,,,,,,,,,,,,TN
0e28805f53fc1f55606a97b04870721975a78cfe,142.6,firefox-android,4968999,13,aa9609abc622818006b5c3209c799183f22d4d00,android-hw-a51-11-0-aarch64-shippable-qr,True,False,,|w|a|r|m| |w|e|b|r|e|n|d|e|r|,102210fe594ee9b33d82058545b1ed14f4c8206e,largestContentfulPaint,google-maps,True,google-maps largestContentfulPaint opt warm webrender,,127,ms,fenix,445122038.0,1834762818,2024-01-30 03:23:08,1368369,,,,,,,,,,,,,,,,,,,,,,,,,,,,,,,,,,,,,,,,,,,,,,,,,TN
8832039332e80981ae980d4b84c5c3731ea6df94,146.9,firefox-android,4968999,13,aa9609abc622818006b5c3209c799183f22d4d00,android-hw-a51-11-0-aarch64-shippable-qr,True,False,,|w|a|r|m| |w|e|b|r|e|n|d|e|r|,102210fe594ee9b33d82058545b1ed14f4c8206e,largestContentfulPaint,google-maps,True,google-maps largestContentfulPaint opt warm webrender,,127,ms,fenix,445195912.0,1835257546,2024-01-30 15:58:37,1368716,,,,,,,,,,,,,,,,,,,,,,,,,,,,,,,,,,,,,,,,,,,,,,,,,TN
76213dc84f49a0400e009ea06e3d09fd3ad68ded,147.7,firefox-android,4968999,13,aa9609abc622818006b5c3209c799183f22d4d00,android-hw-a51-11-0-aarch64-shippable-qr,True,False,,|w|a|r|m| |w|e|b|r|e|n|d|e|r|,102210fe594ee9b33d82058545b1ed14f4c8206e,largestContentfulPaint,google-maps,True,google-maps largestContentfulPaint opt warm webrender,,127,ms,fenix,445283701.0,1835732947,2024-01-31 03:30:02,1369153,,,,,,,,,,,,,,,,,,,,,,,,,,,,,,,,,,,,,,,,,,,,,,,,,TN
9cb30bc35e0d1006cd8d6272d820452d8f002209,146.9,firefox-android,4968999,13,aa9609abc622818006b5c3209c799183f22d4d00,android-hw-a51-11-0-aarch64-shippable-qr,True,False,,|w|a|r|m| |w|e|b|r|e|n|d|e|r|,102210fe594ee9b33d82058545b1ed14f4c8206e,largestContentfulPaint,google-maps,True,google-maps largestContentfulPaint opt warm webrender,,127,ms,fenix,445357924.0,1836061765,2024-01-31 13:03:09,1369310,,,,,,,,,,,,,,,,,,,,,,,,,,,,,,,,,,,,,,,,,,,,,,,,,TN
165d04822f1d410e9d98d36e829c16e87d784c73,144.8,firefox-android,4968999,13,aa9609abc622818006b5c3209c799183f22d4d00,android-hw-a51-11-0-aarch64-shippable-qr,True,False,,|w|a|r|m| |w|e|b|r|e|n|d|e|r|,102210fe594ee9b33d82058545b1ed14f4c8206e,largestContentfulPaint,google-maps,True,google-maps largestContentfulPaint opt warm webrender,,127,ms,fenix,445447316.0,1836465627,2024-02-01 02:27:11,1369827,,,,,,,,,,,,,,,,,,,,,,,,,,,,,,,,,,,,,,,,,,,,,,,,,TN
8d23695305a550ead07fb6c6ae43ee85462beca7,136.1,firefox-android,4968999,13,aa9609abc622818006b5c3209c799183f22d4d00,android-hw-a51-11-0-aarch64-shippable-qr,True,False,,|w|a|r|m| |w|e|b|r|e|n|d|e|r|,102210fe594ee9b33d82058545b1ed14f4c8206e,largestContentfulPaint,google-maps,True,google-maps largestContentfulPaint opt warm webrender,,127,ms,fenix,445532365.0,1836808529,2024-02-01 15:26:09,1370174,,,,,,,,,,,,,,,,,,,,,,,,,,,,,,,,,,,,,,,,,,,,,,,,,TN
a77ca3d09aa6102a24419e5d47a23ab31ef39225,146.2,firefox-android,4968999,13,aa9609abc622818006b5c3209c799183f22d4d00,android-hw-a51-11-0-aarch64-shippable-qr,True,False,,|w|a|r|m| |w|e|b|r|e|n|d|e|r|,102210fe594ee9b33d82058545b1ed14f4c8206e,largestContentfulPaint,google-maps,True,google-maps largestContentfulPaint opt warm webrender,,127,ms,fenix,445631401.0,1837278745,2024-02-02 01:00:14,1370638,,,,,,,,,,,,,,,,,,,,,,,,,,,,,,,,,,,,,,,,,,,,,,,,,TN
e5e884e3d84b10157d42aa356ce211497927b5df,147.4,firefox-android,4968999,13,aa9609abc622818006b5c3209c799183f22d4d00,android-hw-a51-11-0-aarch64-shippable-qr,True,False,,|w|a|r|m| |w|e|b|r|e|n|d|e|r|,102210fe594ee9b33d82058545b1ed14f4c8206e,largestContentfulPaint,google-maps,True,google-maps largestContentfulPaint opt warm webrender,,127,ms,fenix,445705097.0,1837578380,2024-02-02 15:30:07,1370898,,,,,,,,,,,,,,,,,,,,,,,,,,,,,,,,,,,,,,,,,,,,,,,,,TN
4399f848fdae3e4c89d1ace23b1576269af6617d,140.6,firefox-android,4968999,13,aa9609abc622818006b5c3209c799183f22d4d00,android-hw-a51-11-0-aarch64-shippable-qr,True,False,,|w|a|r|m| |w|e|b|r|e|n|d|e|r|,102210fe594ee9b33d82058545b1ed14f4c8206e,largestContentfulPaint,google-maps,True,google-maps largestContentfulPaint opt warm webrender,,127,ms,fenix,445786971.0,1837970611,2024-02-03 00:26:38,1371264,,,,,,,,,,,,,,,,,,,,,,,,,,,,,,,,,,,,,,,,,,,,,,,,,TN
2b7a785fafd661558bc743c8ed344b3dd91b7bdd,146.9,firefox-android,4968999,13,aa9609abc622818006b5c3209c799183f22d4d00,android-hw-a51-11-0-aarch64-shippable-qr,True,False,,|w|a|r|m| |w|e|b|r|e|n|d|e|r|,102210fe594ee9b33d82058545b1ed14f4c8206e,largestContentfulPaint,google-maps,True,google-maps largestContentfulPaint opt warm webrender,,127,ms,fenix,445851073.0,1838262462,2024-02-04 01:46:46,1371483,,,,,,,,,,,,,,,,,,,,,,,,,,,,,,,,,,,,,,,,,,,,,,,,,TN
f87534be3de87634a3988e7cf6586a6411cd3baf,145.4,firefox-android,4968999,13,aa9609abc622818006b5c3209c799183f22d4d00,android-hw-a51-11-0-aarch64-shippable-qr,True,False,,|w|a|r|m| |w|e|b|r|e|n|d|e|r|,102210fe594ee9b33d82058545b1ed14f4c8206e,largestContentfulPaint,google-maps,True,google-maps largestContentfulPaint opt warm webrender,,127,ms,fenix,445884239.0,1838503225,2024-02-04 15:11:43,1371535,,,,,,,,,,,,,,,,,,,,,,,,,,,,,,,,,,,,,,,,,,,,,,,,,TN
ae8a843ab342729471e572b097733b2ec866bc6f,145.6,firefox-android,4968999,13,aa9609abc622818006b5c3209c799183f22d4d00,android-hw-a51-11-0-aarch64-shippable-qr,True,False,,|w|a|r|m| |w|e|b|r|e|n|d|e|r|,102210fe594ee9b33d82058545b1ed14f4c8206e,largestContentfulPaint,google-maps,True,google-maps largestContentfulPaint opt warm webrender,,127,ms,fenix,445909216.0,1838670329,2024-02-05 02:46:43,1371580,,,,,,,,,,,,,,,,,,,,,,,,,,,,,,,,,,,,,,,,,,,,,,,,,TN
9aabff678ada90e66610ebbd0ff844d9dc7506ae,148.9,firefox-android,4968999,13,aa9609abc622818006b5c3209c799183f22d4d00,android-hw-a51-11-0-aarch64-shippable-qr,True,False,,|w|a|r|m| |w|e|b|r|e|n|d|e|r|,102210fe594ee9b33d82058545b1ed14f4c8206e,largestContentfulPaint,google-maps,True,google-maps largestContentfulPaint opt warm webrender,,127,ms,fenix,445982331.0,1838925703,2024-02-05 14:57:28,1371887,,,,,,,,,,,,,,,,,,,,,,,,,,,,,,,,,,,,,,,,,,,,,,,,,TN
0b05908da4e526e2e4e7491e4e81e26653dec9b4,147.0,firefox-android,4968999,13,aa9609abc622818006b5c3209c799183f22d4d00,android-hw-a51-11-0-aarch64-shippable-qr,True,False,,|w|a|r|m| |w|e|b|r|e|n|d|e|r|,102210fe594ee9b33d82058545b1ed14f4c8206e,largestContentfulPaint,google-maps,True,google-maps largestContentfulPaint opt warm webrender,,127,ms,fenix,446072187.0,1839254713,2024-02-06 02:27:31,1372379,,,,,,,,,,,,,,,,,,,,,,,,,,,,,,,,,,,,,,,,,,,,,,,,,TN
21b8a3b3dfb066a1d32287bafdbf815df6a1482f,147.7,firefox-android,4968999,13,aa9609abc622818006b5c3209c799183f22d4d00,android-hw-a51-11-0-aarch64-shippable-qr,True,False,,|w|a|r|m| |w|e|b|r|e|n|d|e|r|,102210fe594ee9b33d82058545b1ed14f4c8206e,largestContentfulPaint,google-maps,True,google-maps largestContentfulPaint opt warm webrender,,127,ms,fenix,446176340.0,1839765730,2024-02-06 15:27:05,1372730,,,,,,,,,,,,,,,,,,,,,,,,,,,,,,,,,,,,,,,,,,,,,,,,,TN
89dca41708afabcf25b3e7a737238001183c280c,142.4,firefox-android,4968999,13,aa9609abc622818006b5c3209c799183f22d4d00,android-hw-a51-11-0-aarch64-shippable-qr,True,False,,|w|a|r|m| |w|e|b|r|e|n|d|e|r|,102210fe594ee9b33d82058545b1ed14f4c8206e,largestContentfulPaint,google-maps,True,google-maps largestContentfulPaint opt warm webrender,,127,ms,fenix,446273016.0,1840232951,2024-02-07 01:23:22,1373139,,,,,,,,,,,,,,,,,,,,,,,,,,,,,,,,,,,,,,,,,,,,,,,,,TN
08c308a6fbfc4c242a624c4223f7187fe756c148,149.5,firefox-android,4968999,13,aa9609abc622818006b5c3209c799183f22d4d00,android-hw-a51-11-0-aarch64-shippable-qr,True,False,,|w|a|r|m| |w|e|b|r|e|n|d|e|r|,102210fe594ee9b33d82058545b1ed14f4c8206e,largestContentfulPaint,google-maps,True,google-maps largestContentfulPaint opt warm webrender,,127,ms,fenix,446364609.0,1840601593,2024-02-07 15:54:40,1373523,,,,,,,,,,,,,,,,,,,,,,,,,,,,,,,,,,,,,,,,,,,,,,,,,TN
710aeb60b1621cb03dd76e9be043a494de6671a5,144.9,firefox-android,4968999,13,aa9609abc622818006b5c3209c799183f22d4d00,android-hw-a51-11-0-aarch64-shippable-qr,True,False,,|w|a|r|m| |w|e|b|r|e|n|d|e|r|,102210fe594ee9b33d82058545b1ed14f4c8206e,largestContentfulPaint,google-maps,True,google-maps largestContentfulPaint opt warm webrender,,127,ms,fenix,446458416.0,1840987215,2024-02-08 02:51:30,1373955,,,,,,,,,,,,,,,,,,,,,,,,,,,,,,,,,,,,,,,,,,,,,,,,,TN
c2ba347dee5b40b8f2b7f7f9dcb24e17ca03dc73,145.8,firefox-android,4968999,13,aa9609abc622818006b5c3209c799183f22d4d00,android-hw-a51-11-0-aarch64-shippable-qr,True,False,,|w|a|r|m| |w|e|b|r|e|n|d|e|r|,102210fe594ee9b33d82058545b1ed14f4c8206e,largestContentfulPaint,google-maps,True,google-maps largestContentfulPaint opt warm webrender,,127,ms,fenix,446521579.0,1841265902,2024-02-08 15:25:49,1374219,,,,,,,,,,,,,,,,,,,,,,,,,,,,,,,,,,,,,,,,,,,,,,,,,TN
912d4819ef3f8f643067881599aa13469634e2af,148.8,firefox-android,4968999,13,aa9609abc622818006b5c3209c799183f22d4d00,android-hw-a51-11-0-aarch64-shippable-qr,True,False,,|w|a|r|m| |w|e|b|r|e|n|d|e|r|,102210fe594ee9b33d82058545b1ed14f4c8206e,largestContentfulPaint,google-maps,True,google-maps largestContentfulPaint opt warm webrender,,127,ms,fenix,446610792.0,1841609073,2024-02-09 03:57:17,1374657,,,,,,,,,,,,,,,,,,,,,,,,,,,,,,,,,,,,,,,,,,,,,,,,,TN
d566743ea0f041ce27c1204da903de380f96b46e,144.5,firefox-android,4968999,13,aa9609abc622818006b5c3209c799183f22d4d00,android-hw-a51-11-0-aarch64-shippable-qr,True,False,,|w|a|r|m| |w|e|b|r|e|n|d|e|r|,102210fe594ee9b33d82058545b1ed14f4c8206e,largestContentfulPaint,google-maps,True,google-maps largestContentfulPaint opt warm webrender,,127,ms,fenix,446704917.0,1841957912,2024-02-09 15:56:53,1374951,,,,,,,,,,,,,,,,,,,,,,,,,,,,,,,,,,,,,,,,,,,,,,,,,TN
1509e4504097de0ab054521f0f635c418eb6e9a3,148.0,firefox-android,4968999,13,aa9609abc622818006b5c3209c799183f22d4d00,android-hw-a51-11-0-aarch64-shippable-qr,True,False,,|w|a|r|m| |w|e|b|r|e|n|d|e|r|,102210fe594ee9b33d82058545b1ed14f4c8206e,largestContentfulPaint,google-maps,True,google-maps largestContentfulPaint opt warm webrender,,127,ms,fenix,446780004.0,1842253142,2024-02-10 03:27:29,1375352,,,,,,,,,,,,,,,,,,,,,,,,,,,,,,,,,,,,,,,,,,,,,,,,,TN
c077ee9dbfed5c037a8606e4466dc31470cf3028,143.1,firefox-android,4968999,13,aa9609abc622818006b5c3209c799183f22d4d00,android-hw-a51-11-0-aarch64-shippable-qr,True,False,,|w|a|r|m| |w|e|b|r|e|n|d|e|r|,102210fe594ee9b33d82058545b1ed14f4c8206e,largestContentfulPaint,google-maps,True,google-maps largestContentfulPaint opt warm webrender,,127,ms,fenix,446813039.0,1842379723,2024-02-10 06:41:50,1375360,,,,,,,,,,,,,,,,,,,,,,,,,,,,,,,,,,,,,,,,,,,,,,,,,TN
744c77429a98851b7a481860cf2cef0ea16a4b6a,152.5,firefox-android,4968999,13,aa9609abc622818006b5c3209c799183f22d4d00,android-hw-a51-11-0-aarch64-shippable-qr,True,False,,|w|a|r|m| |w|e|b|r|e|n|d|e|r|,102210fe594ee9b33d82058545b1ed14f4c8206e,largestContentfulPaint,google-maps,True,google-maps largestContentfulPaint opt warm webrender,,127,ms,fenix,446840673.0,1842502594,2024-02-11 02:30:07,1375438,,,,,,,,,,,,,,,,,,,,,,,,,,,,,,,,,,,,,,,,,,,,,,,,,TN
2d69fcc0c174e8f2e6541db7df542ed3c9f20033,144.1,firefox-android,4968999,13,aa9609abc622818006b5c3209c799183f22d4d00,android-hw-a51-11-0-aarch64-shippable-qr,True,False,,|w|a|r|m| |w|e|b|r|e|n|d|e|r|,102210fe594ee9b33d82058545b1ed14f4c8206e,largestContentfulPaint,google-maps,True,google-maps largestContentfulPaint opt warm webrender,,127,ms,fenix,446872406.0,1842602009,2024-02-11 13:23:46,1375487,,,,,,,,,,,,,,,,,,,,,,,,,,,,,,,,,,,,,,,,,,,,,,,,,TN
d22515b8d250c05f81b65a717bc2f0e35834e6a0,153.4,firefox-android,4968999,13,aa9609abc622818006b5c3209c799183f22d4d00,android-hw-a51-11-0-aarch64-shippable-qr,True,False,,|w|a|r|m| |w|e|b|r|e|n|d|e|r|,102210fe594ee9b33d82058545b1ed14f4c8206e,largestContentfulPaint,google-maps,True,google-maps largestContentfulPaint opt warm webrender,,127,ms,fenix,446892110.0,1842736995,2024-02-12 03:14:13,1375590,,,,,,,,,,,,,,,,,,,,,,,,,,,,,,,,,,,,,,,,,,,,,,,,,TN
95e9fa455f10bdc2bcc31ee99bf6a9b0fdb521f9,150.3,firefox-android,4968999,13,aa9609abc622818006b5c3209c799183f22d4d00,android-hw-a51-11-0-aarch64-shippable-qr,True,False,,|w|a|r|m| |w|e|b|r|e|n|d|e|r|,102210fe594ee9b33d82058545b1ed14f4c8206e,largestContentfulPaint,google-maps,True,google-maps largestContentfulPaint opt warm webrender,,127,ms,fenix,446937951.0,1842900970,2024-02-12 14:41:10,1375813,,,,,,,,,,,,,,,,,,,,,,,,,,,,,,,,,,,,,,,,,,,,,,,,,TN
0b277f1659452e08393e0394db6d9e73e911bc1a,146.0,firefox-android,4968999,13,aa9609abc622818006b5c3209c799183f22d4d00,android-hw-a51-11-0-aarch64-shippable-qr,True,False,,|w|a|r|m| |w|e|b|r|e|n|d|e|r|,102210fe594ee9b33d82058545b1ed14f4c8206e,largestContentfulPaint,google-maps,True,google-maps largestContentfulPaint opt warm webrender,,127,ms,fenix,447035060.0,1843171659,2024-02-13 02:49:57,1376296,,,,,,,,,,,,,,,,,,,,,,,,,,,,,,,,,,,,,,,,,,,,,,,,,TN
7658c557554fd9c31c987ae5b2de4aea33de87c5,143.6,firefox-android,4968999,13,aa9609abc622818006b5c3209c799183f22d4d00,android-hw-a51-11-0-aarch64-shippable-qr,True,False,,|w|a|r|m| |w|e|b|r|e|n|d|e|r|,102210fe594ee9b33d82058545b1ed14f4c8206e,largestContentfulPaint,google-maps,True,google-maps largestContentfulPaint opt warm webrender,,127,ms,fenix,447113759.0,1843496080,2024-02-13 15:46:09,1376650,,,,,,,,,,,,,,,,,,,,,,,,,,,,,,,,,,,,,,,,,,,,,,,,,TN
e2c59a3f8c1ea9ea6e2a34a7fa4539c964c35354,147.7,firefox-android,4968999,13,aa9609abc622818006b5c3209c799183f22d4d00,android-hw-a51-11-0-aarch64-shippable-qr,True,False,,|w|a|r|m| |w|e|b|r|e|n|d|e|r|,102210fe594ee9b33d82058545b1ed14f4c8206e,largestContentfulPaint,google-maps,True,google-maps largestContentfulPaint opt warm webrender,,127,ms,fenix,447201681.0,1843780327,2024-02-14 03:03:54,1376951,,,,,,,,,,,,,,,,,,,,,,,,,,,,,,,,,,,,,,,,,,,,,,,,,TN
1e5bb036370dae6a41547d1713a247ab853c5953,147.4,firefox-android,4968999,13,aa9609abc622818006b5c3209c799183f22d4d00,android-hw-a51-11-0-aarch64-shippable-qr,True,False,,|w|a|r|m| |w|e|b|r|e|n|d|e|r|,102210fe594ee9b33d82058545b1ed14f4c8206e,largestContentfulPaint,google-maps,True,google-maps largestContentfulPaint opt warm webrender,,127,ms,fenix,447265260.0,1843955950,2024-02-14 15:28:35,1377069,,,,,,,,,,,,,,,,,,,,,,,,,,,,,,,,,,,,,,,,,,,,,,,,,TN
53ef29d9c906d6984c2e8626859f67ac8274f16a,137.1,firefox-android,4968999,13,aa9609abc622818006b5c3209c799183f22d4d00,android-hw-a51-11-0-aarch64-shippable-qr,True,False,,|w|a|r|m| |w|e|b|r|e|n|d|e|r|,102210fe594ee9b33d82058545b1ed14f4c8206e,largestContentfulPaint,google-maps,True,google-maps largestContentfulPaint opt warm webrender,,127,ms,fenix,447343428.0,1844199647,2024-02-15 04:48:03,1377303,,,,,,,,,,,,,,,,,,,,,,,,,,,,,,,,,,,,,,,,,,,,,,,,,TN
6fc87ac9857ba7e24f886b2fc64519083b11405c,146.1,firefox-android,4968999,13,aa9609abc622818006b5c3209c799183f22d4d00,android-hw-a51-11-0-aarch64-shippable-qr,True,False,,|w|a|r|m| |w|e|b|r|e|n|d|e|r|,102210fe594ee9b33d82058545b1ed14f4c8206e,largestContentfulPaint,google-maps,True,google-maps largestContentfulPaint opt warm webrender,,127,ms,fenix,447397652.0,1844425008,2024-02-15 14:51:44,1377402,,,,,,,,,,,,,,,,,,,,,,,,,,,,,,,,,,,,,,,,,,,,,,,,,TN
33bfc8c94ef33e1ceb998843cdf53d5e275f3e35,144.1,firefox-android,4968999,13,aa9609abc622818006b5c3209c799183f22d4d00,android-hw-a51-11-0-aarch64-shippable-qr,True,False,,|w|a|r|m| |w|e|b|r|e|n|d|e|r|,102210fe594ee9b33d82058545b1ed14f4c8206e,largestContentfulPaint,google-maps,True,google-maps largestContentfulPaint opt warm webrender,,127,ms,fenix,447468081.0,1844663501,2024-02-16 02:39:13,1377797,,,,,,,,,,,,,,,,,,,,,,,,,,,,,,,,,,,,,,,,,,,,,,,,,TN
7e91cbaee5f431120812fcbeaa762ad2c46e7b66,151.9,firefox-android,4968999,13,aa9609abc622818006b5c3209c799183f22d4d00,android-hw-a51-11-0-aarch64-shippable-qr,True,False,,|w|a|r|m| |w|e|b|r|e|n|d|e|r|,102210fe594ee9b33d82058545b1ed14f4c8206e,largestContentfulPaint,google-maps,True,google-maps largestContentfulPaint opt warm webrender,,127,ms,fenix,447520127.0,1844825961,2024-02-16 14:54:09,1378384,,,,,,,,,,,,,,,,,,,,,,,,,,,,,,,,,,,,,,,,,,,,,,,,,TN
78f966cd69a9c2eb18c28203c1e7648b5ac42aeb,147.35,firefox-android,4968999,13,aa9609abc622818006b5c3209c799183f22d4d00,android-hw-a51-11-0-aarch64-shippable-qr,True,False,,|w|a|r|m| |w|e|b|r|e|n|d|e|r|,102210fe594ee9b33d82058545b1ed14f4c8206e,largestContentfulPaint,google-maps,True,google-maps largestContentfulPaint opt warm webrender,,127,ms,fenix,447553292.0,1844999534,2024-02-17 03:24:18,1378540,,,,,,,,,,,,,,,,,,,,,,,,,,,,,,,,,,,,,,,,,,,,,,,,,TN
2efded92c125169293c09a2ec9667f35ac5ab0e4,143.85000000000002,firefox-android,4968999,13,aa9609abc622818006b5c3209c799183f22d4d00,android-hw-a51-11-0-aarch64-shippable-qr,True,False,,|w|a|r|m| |w|e|b|r|e|n|d|e|r|,102210fe594ee9b33d82058545b1ed14f4c8206e,largestContentfulPaint,google-maps,True,google-maps largestContentfulPaint opt warm webrender,,127,ms,fenix,447581246.0,1845098397,2024-02-18 02:59:34,1378625,,,,,,,,,,,,,,,,,,,,,,,,,,,,,,,,,,,,,,,,,,,,,,,,,TN
ba6beea45bb884bc4faab05eea8e9ecc9f7d6c76,149.1,firefox-android,4968999,13,aa9609abc622818006b5c3209c799183f22d4d00,android-hw-a51-11-0-aarch64-shippable-qr,True,False,,|w|a|r|m| |w|e|b|r|e|n|d|e|r|,102210fe594ee9b33d82058545b1ed14f4c8206e,largestContentfulPaint,google-maps,True,google-maps largestContentfulPaint opt warm webrender,,127,ms,fenix,447595107.0,1845202232,2024-02-19 00:30:45,1378703,,,,,,,,,,,,,,,,,,,,,,,,,,,,,,,,,,,,,,,,,,,,,,,,,TN
7a03cd878b14d925d58a5e7ff8152b112f4c8f7e,149.3,firefox-android,4968999,13,aa9609abc622818006b5c3209c799183f22d4d00,android-hw-a51-11-0-aarch64-shippable-qr,True,False,,|w|a|r|m| |w|e|b|r|e|n|d|e|r|,102210fe594ee9b33d82058545b1ed14f4c8206e,largestContentfulPaint,google-maps,True,google-maps largestContentfulPaint opt warm webrender,,127,ms,fenix,447656726.0,1845414826,2024-02-19 15:44:19,1378923,,,,,,,,,,,,,,,,,,,,,,,,,,,,,,,,,,,,,,,,,,,,,,,,,TN
b0e0b657b07a70426e42be39bc8063e4c1e16ed3,140.9,firefox-android,4968999,13,aa9609abc622818006b5c3209c799183f22d4d00,android-hw-a51-11-0-aarch64-shippable-qr,True,False,,|w|a|r|m| |w|e|b|r|e|n|d|e|r|,102210fe594ee9b33d82058545b1ed14f4c8206e,largestContentfulPaint,google-maps,True,google-maps largestContentfulPaint opt warm webrender,,127,ms,fenix,447713254.0,1845628543,2024-02-20 01:33:19,1379084,,,,,,,,,,,,,,,,,,,,,,,,,,,,,,,,,,,,,,,,,,,,,,,,,TN
4e75e6e7142029e857f764674116af2fb98e8d4d,146.3,firefox-android,4968999,13,aa9609abc622818006b5c3209c799183f22d4d00,android-hw-a51-11-0-aarch64-shippable-qr,True,False,,|w|a|r|m| |w|e|b|r|e|n|d|e|r|,102210fe594ee9b33d82058545b1ed14f4c8206e,largestContentfulPaint,google-maps,True,google-maps largestContentfulPaint opt warm webrender,,127,ms,fenix,447762657.0,1845830177,2024-02-20 15:25:15,1379318,,,,,,,,,,,,,,,,,,,,,,,,,,,,,,,,,,,,,,,,,,,,,,,,,TN
1a4beb9342df3375bf7212f04f8d650313802e08,152.7,firefox-android,4968999,13,aa9609abc622818006b5c3209c799183f22d4d00,android-hw-a51-11-0-aarch64-shippable-qr,True,False,,|w|a|r|m| |w|e|b|r|e|n|d|e|r|,102210fe594ee9b33d82058545b1ed14f4c8206e,largestContentfulPaint,google-maps,True,google-maps largestContentfulPaint opt warm webrender,,127,ms,fenix,447839787.0,1846108004,2024-02-21 02:56:47,1379730,,,,,,,,,,,,,,,,,,,,,,,,,,,,,,,,,,,,,,,,,,,,,,,,,TN
13ee04ea67fc6ec730b926b1f24b8b77918a73d1,145.8,firefox-android,4968999,13,aa9609abc622818006b5c3209c799183f22d4d00,android-hw-a51-11-0-aarch64-shippable-qr,True,False,,|w|a|r|m| |w|e|b|r|e|n|d|e|r|,102210fe594ee9b33d82058545b1ed14f4c8206e,largestContentfulPaint,google-maps,True,google-maps largestContentfulPaint opt warm webrender,,127,ms,fenix,447914062.0,1846391146,2024-02-21 15:29:54,1379973,,,,,,,,,,,,,,,,,,,,,,,,,,,,,,,,,,,,,,,,,,,,,,,,,TN
25aefa27a1a5bfb7d51054fd588aec2f791c9ebd,143.2,firefox-android,4968999,13,aa9609abc622818006b5c3209c799183f22d4d00,android-hw-a51-11-0-aarch64-shippable-qr,True,False,,|w|a|r|m| |w|e|b|r|e|n|d|e|r|,102210fe594ee9b33d82058545b1ed14f4c8206e,largestContentfulPaint,google-maps,True,google-maps largestContentfulPaint opt warm webrender,,127,ms,fenix,448003601.0,1846871271,2024-02-22 03:00:17,1380383,,,,,,,,,,,,,,,,,,,,,,,,,,,,,,,,,,,,,,,,,,,,,,,,,TN
af453b242d8af209d3a89f66d740bf8eadb540af,145.9,firefox-android,4968999,13,aa9609abc622818006b5c3209c799183f22d4d00,android-hw-a51-11-0-aarch64-shippable-qr,True,False,,|w|a|r|m| |w|e|b|r|e|n|d|e|r|,102210fe594ee9b33d82058545b1ed14f4c8206e,largestContentfulPaint,google-maps,True,google-maps largestContentfulPaint opt warm webrender,,127,ms,fenix,448161556.0,1847497939,2024-02-23 00:26:10,1381088,,,,,,,,,,,,,,,,,,,,,,,,,,,,,,,,,,,,,,,,,,,,,,,,,TN
eb211b4d54be2be350350bf8b39226126e5de472,144.8,firefox-android,4968999,13,aa9609abc622818006b5c3209c799183f22d4d00,android-hw-a51-11-0-aarch64-shippable-qr,True,False,,|w|a|r|m| |w|e|b|r|e|n|d|e|r|,102210fe594ee9b33d82058545b1ed14f4c8206e,largestContentfulPaint,google-maps,True,google-maps largestContentfulPaint opt warm webrender,,127,ms,fenix,448236271.0,1847844986,2024-02-23 14:46:13,1381395,,,,,,,,,,,,,,,,,,,,,,,,,,,,,,,,,,,,,,,,,,,,,,,,,TN
13b08c4c4d535f87dc43973f7f37057cd4851e6f,144.4,firefox-android,4968999,13,aa9609abc622818006b5c3209c799183f22d4d00,android-hw-a51-11-0-aarch64-shippable-qr,True,False,,|w|a|r|m| |w|e|b|r|e|n|d|e|r|,102210fe594ee9b33d82058545b1ed14f4c8206e,largestContentfulPaint,google-maps,True,google-maps largestContentfulPaint opt warm webrender,,127,ms,fenix,448315830.0,1848160981,2024-02-24 00:28:03,1381841,,,,,,,,,,,,,,,,,,,,,,,,,,,,,,,,,,,,,,,,,,,,,,,,,TN
6e9370b1de0d91ebd5bfb9ba298bc01362e3405a,148.9,firefox-android,4968999,13,aa9609abc622818006b5c3209c799183f22d4d00,android-hw-a51-11-0-aarch64-shippable-qr,True,False,,|w|a|r|m| |w|e|b|r|e|n|d|e|r|,102210fe594ee9b33d82058545b1ed14f4c8206e,largestContentfulPaint,google-maps,True,google-maps largestContentfulPaint opt warm webrender,,127,ms,fenix,448345200.0,1848289349,2024-02-24 14:29:08,1381928,,,,,,,,,,,,,,,,,,,,,,,,,,,,,,,,,,,,,,,,,,,,,,,,,TN
ff9e2a1d4e61d9e2430bfab46e8fdf7553b52532,147.2,firefox-android,4968999,13,aa9609abc622818006b5c3209c799183f22d4d00,android-hw-a51-11-0-aarch64-shippable-qr,True,False,,|w|a|r|m| |w|e|b|r|e|n|d|e|r|,102210fe594ee9b33d82058545b1ed14f4c8206e,largestContentfulPaint,google-maps,True,google-maps largestContentfulPaint opt warm webrender,,127,ms,fenix,448377633.0,1848398178,2024-02-25 03:37:58,1382009,,,,,,,,,,,,,,,,,,,,,,,,,,,,,,,,,,,,,,,,,,,,,,,,,TN
8bdc4e0e4e5716977ba07ea7ec9f06ccf3c63c5a,146.5,firefox-android,4968999,13,aa9609abc622818006b5c3209c799183f22d4d00,android-hw-a51-11-0-aarch64-shippable-qr,True,False,,|w|a|r|m| |w|e|b|r|e|n|d|e|r|,102210fe594ee9b33d82058545b1ed14f4c8206e,largestContentfulPaint,google-maps,True,google-maps largestContentfulPaint opt warm webrender,,127,ms,fenix,448399616.0,1848466384,2024-02-25 15:32:27,1382044,,,,,,,,,,,,,,,,,,,,,,,,,,,,,,,,,,,,,,,,,,,,,,,,,TN
759b0e68b51e809baa11bb3e2c3c126522415490,146.8,firefox-android,4968999,13,aa9609abc622818006b5c3209c799183f22d4d00,android-hw-a51-11-0-aarch64-shippable-qr,True,False,,|w|a|r|m| |w|e|b|r|e|n|d|e|r|,102210fe594ee9b33d82058545b1ed14f4c8206e,largestContentfulPaint,google-maps,True,google-maps largestContentfulPaint opt warm webrender,,127,ms,fenix,448413894.0,1848520051,2024-02-26 00:29:05,1382087,,,,,,,,,,,,,,,,,,,,,,,,,,,,,,,,,,,,,,,,,,,,,,,,,TN
00689b4684d74fb8ee6dd00ce9c039440f835c0d,148.1,firefox-android,4968999,13,aa9609abc622818006b5c3209c799183f22d4d00,android-hw-a51-11-0-aarch64-shippable-qr,True,False,,|w|a|r|m| |w|e|b|r|e|n|d|e|r|,102210fe594ee9b33d82058545b1ed14f4c8206e,largestContentfulPaint,google-maps,True,google-maps largestContentfulPaint opt warm webrender,,127,ms,fenix,448484342.0,1848730691,2024-02-26 15:24:26,1382340,,,,,,,,,,,,,,,,,,,,,,,,,,,,,,,,,,,,,,,,,,,,,,,,,TN
95866778c7cfb843f1f3654faa907dcd47980636,148.1,firefox-android,4968999,13,aa9609abc622818006b5c3209c799183f22d4d00,android-hw-a51-11-0-aarch64-shippable-qr,True,False,,|w|a|r|m| |w|e|b|r|e|n|d|e|r|,102210fe594ee9b33d82058545b1ed14f4c8206e,largestContentfulPaint,google-maps,True,google-maps largestContentfulPaint opt warm webrender,,127,ms,fenix,448573267.0,1849103447,2024-02-27 04:18:31,1382776,,,,,,,,,,,,,,,,,,,,,,,,,,,,,,,,,,,,,,,,,,,,,,,,,TN
1c1eb3400bbe2f13ba8daf739d3c0c651c887bba,138.9,firefox-android,4968999,13,aa9609abc622818006b5c3209c799183f22d4d00,android-hw-a51-11-0-aarch64-shippable-qr,True,False,,|w|a|r|m| |w|e|b|r|e|n|d|e|r|,102210fe594ee9b33d82058545b1ed14f4c8206e,largestContentfulPaint,google-maps,True,google-maps largestContentfulPaint opt warm webrender,,127,ms,fenix,448641532.0,1849406878,2024-02-27 15:22:45,1383085,,,,,,,,,,,,,,,,,,,,,,,,,,,,,,,,,,,,,,,,,,,,,,,,,TN
12b61f9318f12ead1ea33b1c1eb0d850a5b8c39c,141.0,firefox-android,4968999,13,aa9609abc622818006b5c3209c799183f22d4d00,android-hw-a51-11-0-aarch64-shippable-qr,True,False,,|w|a|r|m| |w|e|b|r|e|n|d|e|r|,102210fe594ee9b33d82058545b1ed14f4c8206e,largestContentfulPaint,google-maps,True,google-maps largestContentfulPaint opt warm webrender,,127,ms,fenix,448719659.0,1849717059,2024-02-28 00:26:34,1383481,,,,,,,,,,,,,,,,,,,,,,,,,,,,,,,,,,,,,,,,,,,,,,,,,TN
86bd17c82b227f3a7e538e7a469d82a57541082e,152.6,firefox-android,4968999,13,aa9609abc622818006b5c3209c799183f22d4d00,android-hw-a51-11-0-aarch64-shippable-qr,True,False,,|w|a|r|m| |w|e|b|r|e|n|d|e|r|,102210fe594ee9b33d82058545b1ed14f4c8206e,largestContentfulPaint,google-maps,True,google-maps largestContentfulPaint opt warm webrender,,127,ms,fenix,448801716.0,1850031929,2024-02-28 15:25:02,1383812,,,,,,,,,,,,,,,,,,,,,,,,,,,,,,,,,,,,,,,,,,,,,,,,,TN
00fe13775fe556e59164aedf92c60ed6e7c22828,151.6,firefox-android,4968999,13,aa9609abc622818006b5c3209c799183f22d4d00,android-hw-a51-11-0-aarch64-shippable-qr,True,False,,|w|a|r|m| |w|e|b|r|e|n|d|e|r|,102210fe594ee9b33d82058545b1ed14f4c8206e,largestContentfulPaint,google-maps,True,google-maps largestContentfulPaint opt warm webrender,,127,ms,fenix,448905964.0,1850410741,2024-02-29 04:12:17,1384234,,,,,,,,,,,,,,,,,,,,,,,,,,,,,,,,,,,,,,,,,,,,,,,,,TN
0a1cebc19256d0ac6fa2eab6fd279c7017c880ec,147.3,firefox-android,4968999,13,aa9609abc622818006b5c3209c799183f22d4d00,android-hw-a51-11-0-aarch64-shippable-qr,True,False,,|w|a|r|m| |w|e|b|r|e|n|d|e|r|,102210fe594ee9b33d82058545b1ed14f4c8206e,largestContentfulPaint,google-maps,True,google-maps largestContentfulPaint opt warm webrender,,127,ms,fenix,448965665.0,1850717064,2024-02-29 15:12:31,1384633,,,,,,,,,,,,,,,,,,,,,,,,,,,,,,,,,,,,,,,,,,,,,,,,,TN
c742ee688975ec87d8fabda62e2aab88d19d3c48,152.0,firefox-android,4968999,13,aa9609abc622818006b5c3209c799183f22d4d00,android-hw-a51-11-0-aarch64-shippable-qr,True,False,,|w|a|r|m| |w|e|b|r|e|n|d|e|r|,102210fe594ee9b33d82058545b1ed14f4c8206e,largestContentfulPaint,google-maps,True,google-maps largestContentfulPaint opt warm webrender,,127,ms,fenix,449056095.0,1851120213,2024-03-01 02:28:31,1385056,,,,,,,,,,,,,,,,,,,,,,,,,,,,,,,,,,,,,,,,,,,,,,,,,TN
5548e69e424d40b5bb90b808f15e2f275af53cb7,151.0,firefox-android,4968999,13,aa9609abc622818006b5c3209c799183f22d4d00,android-hw-a51-11-0-aarch64-shippable-qr,True,False,,|w|a|r|m| |w|e|b|r|e|n|d|e|r|,102210fe594ee9b33d82058545b1ed14f4c8206e,largestContentfulPaint,google-maps,True,google-maps largestContentfulPaint opt warm webrender,,127,ms,fenix,449130706.0,1851366004,2024-03-01 14:29:15,1385423,,,,,,,,,,,,,,,,,,,,,,,,,,,,,,,,,,,,,,,,,,,,,,,,,TN
1d581d896e6c0730a245b29047282734aaac4a47,148.3,firefox-android,4968999,13,aa9609abc622818006b5c3209c799183f22d4d00,android-hw-a51-11-0-aarch64-shippable-qr,True,False,,|w|a|r|m| |w|e|b|r|e|n|d|e|r|,102210fe594ee9b33d82058545b1ed14f4c8206e,largestContentfulPaint,google-maps,True,google-maps largestContentfulPaint opt warm webrender,,127,ms,fenix,449180760.0,1851593729,2024-03-02 00:45:43,1385826,,,,,,,,,,,,,,,,,,,,,,,,,,,,,,,,,,,,,,,,,,,,,,,,,TN
5c87b07e3ce2c816fbd85cb26dc6146a6f7a2fed,157.4,firefox-android,4968999,13,aa9609abc622818006b5c3209c799183f22d4d00,android-hw-a51-11-0-aarch64-shippable-qr,True,False,,|w|a|r|m| |w|e|b|r|e|n|d|e|r|,102210fe594ee9b33d82058545b1ed14f4c8206e,largestContentfulPaint,google-maps,True,google-maps largestContentfulPaint opt warm webrender,,127,ms,fenix,449227416.0,1851791972,2024-03-02 14:52:12,1385932,,,,,,,,,,,,,,,,,,,,,,,,,,,,,,,,,,,,,,,,,,,,,,,,,TN
8b847689ea31d238de8c8295d2c3de41072d10cc,152.7,firefox-android,4968999,13,aa9609abc622818006b5c3209c799183f22d4d00,android-hw-a51-11-0-aarch64-shippable-qr,True,False,,|w|a|r|m| |w|e|b|r|e|n|d|e|r|,102210fe594ee9b33d82058545b1ed14f4c8206e,largestContentfulPaint,google-maps,True,google-maps largestContentfulPaint opt warm webrender,,127,ms,fenix,449282766.0,1852013513,2024-03-03 02:57:50,1386003,,,,,,,,,,,,,,,,,,,,,,,,,,,,,,,,,,,,,,,,,,,,,,,,,TN
ef2730c3c3efab75e99e72827b92edb40d2370ac,148.5,firefox-android,4968999,13,aa9609abc622818006b5c3209c799183f22d4d00,android-hw-a51-11-0-aarch64-shippable-qr,True,False,,|w|a|r|m| |w|e|b|r|e|n|d|e|r|,102210fe594ee9b33d82058545b1ed14f4c8206e,largestContentfulPaint,google-maps,True,google-maps largestContentfulPaint opt warm webrender,,127,ms,fenix,449317503.0,1852145666,2024-03-03 13:38:25,1386071,,,,,,,,,,,,,,,,,,,,,,,,,,,,,,,,,,,,,,,,,,,,,,,,,TN
33306d0ac42df2c1aa16e1cd016e9e81b8d2c6b7,153.7,firefox-android,4968999,13,aa9609abc622818006b5c3209c799183f22d4d00,android-hw-a51-11-0-aarch64-shippable-qr,True,False,,|w|a|r|m| |w|e|b|r|e|n|d|e|r|,102210fe594ee9b33d82058545b1ed14f4c8206e,largestContentfulPaint,google-maps,True,google-maps largestContentfulPaint opt warm webrender,,127,ms,fenix,449344558.0,1852243714,2024-03-04 02:08:24,1386152,,,,,,,,,,,,,,,,,,,,,,,,,,,,,,,,,,,,,,,,,,,,,,,,,TN
73bbfbbe22dbeeb89e25953638f1bd81a4f88cfd,149.8,firefox-android,4968999,13,aa9609abc622818006b5c3209c799183f22d4d00,android-hw-a51-11-0-aarch64-shippable-qr,True,False,,|w|a|r|m| |w|e|b|r|e|n|d|e|r|,102210fe594ee9b33d82058545b1ed14f4c8206e,largestContentfulPaint,google-maps,True,google-maps largestContentfulPaint opt warm webrender,,127,ms,fenix,449432469.0,1852534405,2024-03-04 14:36:43,1386429,,,,,,,,,,,,,,,,,,,,,,,,,,,,,,,,,,,,,,,,,,,,,,,,,TN
7ae5f4f95a9bbb1616fa171a1ae42fff2b632100,147.4,firefox-android,4968999,13,aa9609abc622818006b5c3209c799183f22d4d00,android-hw-a51-11-0-aarch64-shippable-qr,True,False,,|w|a|r|m| |w|e|b|r|e|n|d|e|r|,102210fe594ee9b33d82058545b1ed14f4c8206e,largestContentfulPaint,google-maps,True,google-maps largestContentfulPaint opt warm webrender,,127,ms,fenix,449539368.0,1852942370,2024-03-05 01:52:24,1386882,,,,,,,,,,,,,,,,,,,,,,,,,,,,,,,,,,,,,,,,,,,,,,,,,TN
43037d72d3040f7eddfa71114adefce111f94d19,153.7,firefox-android,4968999,13,aa9609abc622818006b5c3209c799183f22d4d00,android-hw-a51-11-0-aarch64-shippable-qr,True,False,,|w|a|r|m| |w|e|b|r|e|n|d|e|r|,102210fe594ee9b33d82058545b1ed14f4c8206e,largestContentfulPaint,google-maps,True,google-maps largestContentfulPaint opt warm webrender,,127,ms,fenix,449620031.0,1853227374,2024-03-05 15:00:24,1387280,,,,,,,,,,,,,,,,,,,,,,,,,,,,,,,,,,,,,,,,,,,,,,,,,TN
a9ffbd6854bc4dd14a97e91489716c95c9ee247c,149.3,firefox-android,4968999,13,aa9609abc622818006b5c3209c799183f22d4d00,android-hw-a51-11-0-aarch64-shippable-qr,True,False,,|w|a|r|m| |w|e|b|r|e|n|d|e|r|,102210fe594ee9b33d82058545b1ed14f4c8206e,largestContentfulPaint,google-maps,True,google-maps largestContentfulPaint opt warm webrender,,127,ms,fenix,449712825.0,1853547244,2024-03-06 00:28:16,1387819,,,,,,,,,,,,,,,,,,,,,,,,,,,,,,,,,,,,,,,,,,,,,,,,,TN
7c182b5729bdd5efb0fac4203372eb81c28b4794,155.3,firefox-android,4968999,13,aa9609abc622818006b5c3209c799183f22d4d00,android-hw-a51-11-0-aarch64-shippable-qr,True,False,,|w|a|r|m| |w|e|b|r|e|n|d|e|r|,102210fe594ee9b33d82058545b1ed14f4c8206e,largestContentfulPaint,google-maps,True,google-maps largestContentfulPaint opt warm webrender,,127,ms,fenix,449796795.0,1853866321,2024-03-06 15:43:18,1388239,,,,,,,,,,,,,,,,,,,,,,,,,,,,,,,,,,,,,,,,,,,,,,,,,TN
b6929924f7e9576b65f423f65c01245f434abd20,145.8,firefox-android,4968999,13,aa9609abc622818006b5c3209c799183f22d4d00,android-hw-a51-11-0-aarch64-shippable-qr,True,False,,|w|a|r|m| |w|e|b|r|e|n|d|e|r|,102210fe594ee9b33d82058545b1ed14f4c8206e,largestContentfulPaint,google-maps,True,google-maps largestContentfulPaint opt warm webrender,,127,ms,fenix,449893942.0,1854284604,2024-03-07 02:07:13,1388793,,,,,,,,,,,,,,,,,,,,,,,,,,,,,,,,,,,,,,,,,,,,,,,,,TN
3c05d1be1ae64f59f21d8155088426bdb42910a9,148.6,firefox-android,4968999,13,aa9609abc622818006b5c3209c799183f22d4d00,android-hw-a51-11-0-aarch64-shippable-qr,True,False,,|w|a|r|m| |w|e|b|r|e|n|d|e|r|,102210fe594ee9b33d82058545b1ed14f4c8206e,largestContentfulPaint,google-maps,True,google-maps largestContentfulPaint opt warm webrender,,127,ms,fenix,449945905.0,1854530348,2024-03-07 14:15:30,1388895,,,,,,,,,,,,,,,,,,,,,,,,,,,,,,,,,,,,,,,,,,,,,,,,,TN
b4c6c5a230866adbbf1443ac1fd79d2c733fb924,151.7,firefox-android,4968999,13,aa9609abc622818006b5c3209c799183f22d4d00,android-hw-a51-11-0-aarch64-shippable-qr,True,False,,|w|a|r|m| |w|e|b|r|e|n|d|e|r|,102210fe594ee9b33d82058545b1ed14f4c8206e,largestContentfulPaint,google-maps,True,google-maps largestContentfulPaint opt warm webrender,,127,ms,fenix,450029443.0,1854920766,2024-03-08 03:19:10,1389519,,,,,,,,,,,,,,,,,,,,,,,,,,,,,,,,,,,,,,,,,,,,,,,,,TN
977e70d484937eb146d1f6ba9ce7689d87a432db,154.1,firefox-android,4968999,13,aa9609abc622818006b5c3209c799183f22d4d00,android-hw-a51-11-0-aarch64-shippable-qr,True,False,,|w|a|r|m| |w|e|b|r|e|n|d|e|r|,102210fe594ee9b33d82058545b1ed14f4c8206e,largestContentfulPaint,google-maps,True,google-maps largestContentfulPaint opt warm webrender,,127,ms,fenix,450089214.0,1855148194,2024-03-08 15:53:36,1389682,,,,,,,,,,,,,,,,,,,,,,,,,,,,,,,,,,,,,,,,,,,,,,,,,TN
7b496064e4ce166cdaffcd55718c1152f9d79f47,142.3,firefox-android,4968999,13,aa9609abc622818006b5c3209c799183f22d4d00,android-hw-a51-11-0-aarch64-shippable-qr,True,False,,|w|a|r|m| |w|e|b|r|e|n|d|e|r|,102210fe594ee9b33d82058545b1ed14f4c8206e,largestContentfulPaint,google-maps,True,google-maps largestContentfulPaint opt warm webrender,,127,ms,fenix,450153058.0,1855480293,2024-03-09 00:27:15,1390129,,,,,,,,,,,,,,,,,,,,,,,,,,,,,,,,,,,,,,,,,,,,,,,,,TN
4ea254da0df4830ac6e4acf5b10b4a81b2f8b907,151.5,firefox-android,4968999,13,aa9609abc622818006b5c3209c799183f22d4d00,android-hw-a51-11-0-aarch64-shippable-qr,True,False,,|w|a|r|m| |w|e|b|r|e|n|d|e|r|,102210fe594ee9b33d82058545b1ed14f4c8206e,largestContentfulPaint,google-maps,True,google-maps largestContentfulPaint opt warm webrender,,127,ms,fenix,450201612.0,1855624800,2024-03-09 13:46:42,1390209,,,,,,,,,,,,,,,,,,,,,,,,,,,,,,,,,,,,,,,,,,,,,,,,,TN
40bc8a4bf91fb92b79f315d691ee09610f87597b,153.5,firefox-android,4968999,13,aa9609abc622818006b5c3209c799183f22d4d00,android-hw-a51-11-0-aarch64-shippable-qr,True,False,,|w|a|r|m| |w|e|b|r|e|n|d|e|r|,102210fe594ee9b33d82058545b1ed14f4c8206e,largestContentfulPaint,google-maps,True,google-maps largestContentfulPaint opt warm webrender,,127,ms,fenix,450273793.0,1855878696,2024-03-10 01:54:43,1390261,,,,,,,,,,,,,,,,,,,,,,,,,,,,,,,,,,,,,,,,,,,,,,,,,TN
a194d6b8bbef032d161d98157a75831abe2a88ee,159.0,firefox-android,4968999,13,aa9609abc622818006b5c3209c799183f22d4d00,android-hw-a51-11-0-aarch64-shippable-qr,True,False,,|w|a|r|m| |w|e|b|r|e|n|d|e|r|,102210fe594ee9b33d82058545b1ed14f4c8206e,largestContentfulPaint,google-maps,True,google-maps largestContentfulPaint opt warm webrender,,127,ms,fenix,450255098.0,1855810929,2024-03-10 14:20:08,1390285,,,,,,,,,,,,,,,,,,,,,,,,,,,,,,,,,,,,,,,,,,,,,,,,,TN
1d7f591298d887b697811a0ae617b5ed6820ab90,151.3,firefox-android,4968999,13,aa9609abc622818006b5c3209c799183f22d4d00,android-hw-a51-11-0-aarch64-shippable-qr,True,False,,|w|a|r|m| |w|e|b|r|e|n|d|e|r|,102210fe594ee9b33d82058545b1ed14f4c8206e,largestContentfulPaint,google-maps,True,google-maps largestContentfulPaint opt warm webrender,,127,ms,fenix,450282392.0,1855946213,2024-03-11 02:13:43,1390364,,,,,,,,,,,,,,,,,,,,,,,,,,,,,,,,,,,,,,,,,,,,,,,,,TN
dce356eef05d7a03d9dd3ca6b1b160c887337b54,153.1,firefox-android,4968999,13,aa9609abc622818006b5c3209c799183f22d4d00,android-hw-a51-11-0-aarch64-shippable-qr,True,False,,|w|a|r|m| |w|e|b|r|e|n|d|e|r|,102210fe594ee9b33d82058545b1ed14f4c8206e,largestContentfulPaint,google-maps,True,google-maps largestContentfulPaint opt warm webrender,,127,ms,fenix,450338890.0,1856163145,2024-03-11 15:43:23,1390645,,,,,,,,,,,,,,,,,,,,,,,,,,,,,,,,,,,,,,,,,,,,,,,,,TN
9508db846c51f6fe3adf1486d4e363f61e37e446,153.9,firefox-android,4968999,13,aa9609abc622818006b5c3209c799183f22d4d00,android-hw-a51-11-0-aarch64-shippable-qr,True,False,,|w|a|r|m| |w|e|b|r|e|n|d|e|r|,102210fe594ee9b33d82058545b1ed14f4c8206e,largestContentfulPaint,google-maps,True,google-maps largestContentfulPaint opt warm webrender,,127,ms,fenix,450424947.0,1856443026,2024-03-12 01:32:34,1391151,,,,,,,,,,,,,,,,,,,,,,,,,,,,,,,,,,,,,,,,,,,,,,,,,TN
383fce50d4375410ebe9e79549ec9138132712cb,158.3,firefox-android,4968999,13,aa9609abc622818006b5c3209c799183f22d4d00,android-hw-a51-11-0-aarch64-shippable-qr,True,False,,|w|a|r|m| |w|e|b|r|e|n|d|e|r|,102210fe594ee9b33d82058545b1ed14f4c8206e,largestContentfulPaint,google-maps,True,google-maps largestContentfulPaint opt warm webrender,,127,ms,fenix,450487158.0,1856695342,2024-03-12 14:52:32,1391385,,,,,,,,,,,,,,,,,,,,,,,,,,,,,,,,,,,,,,,,,,,,,,,,,TN
d6c67a2ee1d13164fcb84d527c26ab856b58bb3b,148.9,firefox-android,4968999,13,aa9609abc622818006b5c3209c799183f22d4d00,android-hw-a51-11-0-aarch64-shippable-qr,True,False,,|w|a|r|m| |w|e|b|r|e|n|d|e|r|,102210fe594ee9b33d82058545b1ed14f4c8206e,largestContentfulPaint,google-maps,True,google-maps largestContentfulPaint opt warm webrender,,127,ms,fenix,450567588.0,1856981807,2024-03-13 03:25:52,1391953,,,,,,,,,,,,,,,,,,,,,,,,,,,,,,,,,,,,,,,,,,,,,,,,,TN
bbc1bd60c15bb31ba4ae700c386075ed90c98cab,150.2,firefox-android,4968999,13,aa9609abc622818006b5c3209c799183f22d4d00,android-hw-a51-11-0-aarch64-shippable-qr,True,False,,|w|a|r|m| |w|e|b|r|e|n|d|e|r|,102210fe594ee9b33d82058545b1ed14f4c8206e,largestContentfulPaint,google-maps,True,google-maps largestContentfulPaint opt warm webrender,,127,ms,fenix,450637383.0,1857318498,2024-03-13 15:51:24,1392321,,,,,,,,,,,,,,,,,,,,,,,,,,,,,,,,,,,,,,,,,,,,,,,,,TN
8704ac34c85d9dd3b496a3696aa1ab780a2df162,148.4,firefox-android,4968999,13,aa9609abc622818006b5c3209c799183f22d4d00,android-hw-a51-11-0-aarch64-shippable-qr,True,False,,|w|a|r|m| |w|e|b|r|e|n|d|e|r|,102210fe594ee9b33d82058545b1ed14f4c8206e,largestContentfulPaint,google-maps,True,google-maps largestContentfulPaint opt warm webrender,,127,ms,fenix,450703162.0,1857644167,2024-03-14 01:42:52,1392700,,,,,,,,,,,,,,,,,,,,,,,,,,,,,,,,,,,,,,,,,,,,,,,,,TN
2871877ff70cb221ca1c71aaebbe38a1f39f986d,141.8,firefox-android,4968999,13,aa9609abc622818006b5c3209c799183f22d4d00,android-hw-a51-11-0-aarch64-shippable-qr,True,False,,|w|a|r|m| |w|e|b|r|e|n|d|e|r|,102210fe594ee9b33d82058545b1ed14f4c8206e,largestContentfulPaint,google-maps,True,google-maps largestContentfulPaint opt warm webrender,,127,ms,fenix,450781418.0,1857932520,2024-03-14 15:45:10,1393064,,,,,,,,,,,,,,,,,,,,,,,,,,,,,,,,,,,,,,,,,,,,,,,,,TN
be339a52e4232cf2c119ff9cf30dab0d2bb4f362,156.0,firefox-android,4968999,13,aa9609abc622818006b5c3209c799183f22d4d00,android-hw-a51-11-0-aarch64-shippable-qr,True,False,,|w|a|r|m| |w|e|b|r|e|n|d|e|r|,102210fe594ee9b33d82058545b1ed14f4c8206e,largestContentfulPaint,google-maps,True,google-maps largestContentfulPaint opt warm webrender,,127,ms,fenix,450853469.0,1858296834,2024-03-15 02:59:13,1393470,,,,,,,,,,,,,,,,,,,,,,,,,,,,,,,,,,,,,,,,,,,,,,,,,TN
