job_id,entry_id,push_timestamp,value,revision,push_id,repository_name,test,lower_is_better,name,parent_signature,repository_id,measurement_unit,application,has_subtests,tags,extra_options,signature_id,framework_id,signature_hash,option_collection_hash,machine_platform,suite,should_alert,alert_id,alert_push_id,alert_prev_push_id,alert_creation_timestamp,alert_first_triaged,alert_triage_due_date,alert_repository,alert_framework,test_id,test_status,test_series_signature_framework_id,test_series_signature_signature_hash,test_series_signature_machine_platform,test_series_signature_test,test_series_signature_suite,test_series_signature_lower_is_better,test_series_signature_has_subtests,test_series_signature_option_collection_hash,test_series_signature_tags,test_series_signature_extra_options,test_series_signature_measurement_unit,test_series_signature_suite_public_name,test_series_signature_test_public_name,test_prev_taskcluster_metadata_task_id,test_prev_taskcluster_metadata_retry_id,test_taskcluster_metadata_task_id,test_taskcluster_metadata_retry_id,test_profile_url,test_prev_profile_url,test_is_regression,test_prev_value,test_new_value,test_t_value,test_amount_abs,test_amount_pct,test_summary_id,test_related_summary_id,test_manually_created,test_classifier,test_starred,test_classifier_email,test_backfill_record_context,test_backfill_record_status,test_backfill_record_total_actions_triggered,test_backfill_record_total_backfills_failed,test_backfill_record_total_backfills_successful,test_backfill_record_total_backfills_in_progress,test_noise_profile,alert_related_alerts,alert_status,alert_bug_number,alert_bug_due_date,alert_bug_updated,alert_issue_tracker,alert_notes,alert_push_timestamp,alert_prev_push_revision,alert_assignee_username,alert_assignee_email,alert_performance_tags
,1700064667,2023-05-24 10:49:25,733.7,1db51625512e546534a6a7352ff4ff3b9c48d713,1245770,autoland,LastVisualChange (geomean),True,google-maps LastVisualChange (geomean) opt warm webrender,,77,ms,geckoview,False,|w|a|r|m| |w|e|b|r|e|n|d|e|r|,,4611756,13,7f817cd97eca25f36de0c08dba5fde655dda9912,102210fe594ee9b33d82058545b1ed14f4c8206e,android-hw-a51-11-0-aarch64-shippable-qr,google-maps,True,,,,,,,,,,,,,,,,,,,,,,,,,,,,,,,,,,,,,,,,,,,,,,,,,,TN,,,,,,,,,,
,1700092057,2023-05-24 13:34:40,734.6,6a96bb1f430f92b83cc31f74db4e4c1f71e155e5,1245871,autoland,LastVisualChange (geomean),True,google-maps LastVisualChange (geomean) opt warm webrender,,77,ms,geckoview,False,|w|a|r|m| |w|e|b|r|e|n|d|e|r|,,4611756,13,7f817cd97eca25f36de0c08dba5fde655dda9912,102210fe594ee9b33d82058545b1ed14f4c8206e,android-hw-a51-11-0-aarch64-shippable-qr,google-maps,True,,,,,,,,,,,,,,,,,,,,,,,,,,,,,,,,,,,,,,,,,,,,,,,,,,TN,,,,,,,,,,
,1700217749,2023-05-24 17:26:23,739.6,b9da43bde2c92655235855f4bb966f7a2537eafa,1246058,autoland,LastVisualChange (geomean),True,google-maps LastVisualChange (geomean) opt warm webrender,,77,ms,geckoview,False,|w|a|r|m| |w|e|b|r|e|n|d|e|r|,,4611756,13,7f817cd97eca25f36de0c08dba5fde655dda9912,102210fe594ee9b33d82058545b1ed14f4c8206e,android-hw-a51-11-0-aarch64-shippable-qr,google-maps,True,,,,,,,,,,,,,,,,,,,,,,,,,,,,,,,,,,,,,,,,,,,,,,,,,,TN,,,,,,,,,,
,1700358860,2023-05-24 21:30:03,718.5,468123d0735b96f7486f1e1a4de373e3dd7520bd,1246204,autoland,LastVisualChange (geomean),True,google-maps LastVisualChange (geomean) opt warm webrender,,77,ms,geckoview,False,|w|a|r|m| |w|e|b|r|e|n|d|e|r|,,4611756,13,7f817cd97eca25f36de0c08dba5fde655dda9912,102210fe594ee9b33d82058545b1ed14f4c8206e,android-hw-a51-11-0-aarch64-shippable-qr,google-maps,True,,,,,,,,,,,,,,,,,,,,,,,,,,,,,,,,,,,,,,,,,,,,,,,,,,TN,,,,,,,,,,
,1700417985,2023-05-25 01:52:13,734.6,c1577427eba79d954813d300bfe6d4f09e0249f0,1246339,autoland,LastVisualChange (geomean),True,google-maps LastVisualChange (geomean) opt warm webrender,,77,ms,geckoview,False,|w|a|r|m| |w|e|b|r|e|n|d|e|r|,,4611756,13,7f817cd97eca25f36de0c08dba5fde655dda9912,102210fe594ee9b33d82058545b1ed14f4c8206e,android-hw-a51-11-0-aarch64-shippable-qr,google-maps,True,,,,,,,,,,,,,,,,,,,,,,,,,,,,,,,,,,,,,,,,,,,,,,,,,,TN,,,,,,,,,,
,1700479532,2023-05-25 06:53:28,747.0,ee3230b1fe26e5521d07465dcab71e75d586e422,1246434,autoland,LastVisualChange (geomean),True,google-maps LastVisualChange (geomean) opt warm webrender,,77,ms,geckoview,False,|w|a|r|m| |w|e|b|r|e|n|d|e|r|,,4611756,13,7f817cd97eca25f36de0c08dba5fde655dda9912,102210fe594ee9b33d82058545b1ed14f4c8206e,android-hw-a51-11-0-aarch64-shippable-qr,google-maps,True,,,,,,,,,,,,,,,,,,,,,,,,,,,,,,,,,,,,,,,,,,,,,,,,,,TN,,,,,,,,,,
,1700522413,2023-05-25 09:03:58,726.7,0cd7e9f3c07773af459b1d5676b4f14a1a4c2844,1246517,autoland,LastVisualChange (geomean),True,google-maps LastVisualChange (geomean) opt warm webrender,,77,ms,geckoview,False,|w|a|r|m| |w|e|b|r|e|n|d|e|r|,,4611756,13,7f817cd97eca25f36de0c08dba5fde655dda9912,102210fe594ee9b33d82058545b1ed14f4c8206e,android-hw-a51-11-0-aarch64-shippable-qr,google-maps,True,,,,,,,,,,,,,,,,,,,,,,,,,,,,,,,,,,,,,,,,,,,,,,,,,,TN,,,,,,,,,,
,1700663840,2023-05-25 13:17:19,711.0,09f3ed0c8776aaa707aab014022efa3a16e01a6e,1246661,autoland,LastVisualChange (geomean),True,google-maps LastVisualChange (geomean) opt warm webrender,,77,ms,geckoview,False,|w|a|r|m| |w|e|b|r|e|n|d|e|r|,,4611756,13,7f817cd97eca25f36de0c08dba5fde655dda9912,102210fe594ee9b33d82058545b1ed14f4c8206e,android-hw-a51-11-0-aarch64-shippable-qr,google-maps,True,,,,,,,,,,,,,,,,,,,,,,,,,,,,,,,,,,,,,,,,,,,,,,,,,,TN,,,,,,,,,,
,1700668190,2023-05-25 13:25:13,726.8,6e07dad252683bcc1ed82d6a973adda9b490af1f,1246670,autoland,LastVisualChange (geomean),True,google-maps LastVisualChange (geomean) opt warm webrender,,77,ms,geckoview,False,|w|a|r|m| |w|e|b|r|e|n|d|e|r|,,4611756,13,7f817cd97eca25f36de0c08dba5fde655dda9912,102210fe594ee9b33d82058545b1ed14f4c8206e,android-hw-a51-11-0-aarch64-shippable-qr,google-maps,True,,,,,,,,,,,,,,,,,,,,,,,,,,,,,,,,,,,,,,,,,,,,,,,,,,TN,,,,,,,,,,
,1700758067,2023-05-25 17:00:24,734.0,4971297a8917c4ce5f9136ebb0c82cde74eb50c4,1246837,autoland,LastVisualChange (geomean),True,google-maps LastVisualChange (geomean) opt warm webrender,,77,ms,geckoview,False,|w|a|r|m| |w|e|b|r|e|n|d|e|r|,,4611756,13,7f817cd97eca25f36de0c08dba5fde655dda9912,102210fe594ee9b33d82058545b1ed14f4c8206e,android-hw-a51-11-0-aarch64-shippable-qr,google-maps,True,,,,,,,,,,,,,,,,,,,,,,,,,,,,,,,,,,,,,,,,,,,,,,,,,,TN,,,,,,,,,,
,1700924849,2023-05-25 20:49:35,717.7,6d91b4ed2bb8fbe97d7f5fcf7cad0e6f2bb6ad2f,1247021,autoland,LastVisualChange (geomean),True,google-maps LastVisualChange (geomean) opt warm webrender,,77,ms,geckoview,False,|w|a|r|m| |w|e|b|r|e|n|d|e|r|,,4611756,13,7f817cd97eca25f36de0c08dba5fde655dda9912,102210fe594ee9b33d82058545b1ed14f4c8206e,android-hw-a51-11-0-aarch64-shippable-qr,google-maps,True,,,,,,,,,,,,,,,,,,,,,,,,,,,,,,,,,,,,,,,,,,,,,,,,,,TN,,,,,,,,,,
,1701061154,2023-05-26 00:58:32,724.8,d49f009b89ad3ae1616d96cb1d2d9234ef3f6cda,1247180,autoland,LastVisualChange (geomean),True,google-maps LastVisualChange (geomean) opt warm webrender,,77,ms,geckoview,False,|w|a|r|m| |w|e|b|r|e|n|d|e|r|,,4611756,13,7f817cd97eca25f36de0c08dba5fde655dda9912,102210fe594ee9b33d82058545b1ed14f4c8206e,android-hw-a51-11-0-aarch64-shippable-qr,google-maps,True,,,,,,,,,,,,,,,,,,,,,,,,,,,,,,,,,,,,,,,,,,,,,,,,,,TN,,,,,,,,,,
,1701147257,2023-05-26 04:58:44,720.2,ffc18acbe9c027a3d6c960322b40a9d0576af311,1247241,autoland,LastVisualChange (geomean),True,google-maps LastVisualChange (geomean) opt warm webrender,,77,ms,geckoview,False,|w|a|r|m| |w|e|b|r|e|n|d|e|r|,,4611756,13,7f817cd97eca25f36de0c08dba5fde655dda9912,102210fe594ee9b33d82058545b1ed14f4c8206e,android-hw-a51-11-0-aarch64-shippable-qr,google-maps,True,,,,,,,,,,,,,,,,,,,,,,,,,,,,,,,,,,,,,,,,,,,,,,,,,,TN,,,,,,,,,,
,1701228871,2023-05-26 08:30:04,743.2,35f77e2aafb53fdda81c118a9ea61aefdacd61b4,1247293,autoland,LastVisualChange (geomean),True,google-maps LastVisualChange (geomean) opt warm webrender,,77,ms,geckoview,False,|w|a|r|m| |w|e|b|r|e|n|d|e|r|,,4611756,13,7f817cd97eca25f36de0c08dba5fde655dda9912,102210fe594ee9b33d82058545b1ed14f4c8206e,android-hw-a51-11-0-aarch64-shippable-qr,google-maps,True,,,,,,,,,,,,,,,,,,,,,,,,,,,,,,,,,,,,,,,,,,,,,,,,,,TN,,,,,,,,,,
,1701372378,2023-05-26 12:58:50,743.6,3999253a6a3dc448416b9a73377e8599ca6bd022,1247437,autoland,LastVisualChange (geomean),True,google-maps LastVisualChange (geomean) opt warm webrender,,77,ms,geckoview,False,|w|a|r|m| |w|e|b|r|e|n|d|e|r|,,4611756,13,7f817cd97eca25f36de0c08dba5fde655dda9912,102210fe594ee9b33d82058545b1ed14f4c8206e,android-hw-a51-11-0-aarch64-shippable-qr,google-maps,True,,,,,,,,,,,,,,,,,,,,,,,,,,,,,,,,,,,,,,,,,,,,,,,,,,TN,,,,,,,,,,
,1701394974,2023-05-26 13:11:40,735.3,bb19012006135abc7ddd72be3cd269be7ef114b5,1247444,autoland,LastVisualChange (geomean),True,google-maps LastVisualChange (geomean) opt warm webrender,,77,ms,geckoview,False,|w|a|r|m| |w|e|b|r|e|n|d|e|r|,,4611756,13,7f817cd97eca25f36de0c08dba5fde655dda9912,102210fe594ee9b33d82058545b1ed14f4c8206e,android-hw-a51-11-0-aarch64-shippable-qr,google-maps,True,,,,,,,,,,,,,,,,,,,,,,,,,,,,,,,,,,,,,,,,,,,,,,,,,,TN,,,,,,,,,,
,1701517942,2023-05-26 17:23:29,756.3,8ca2ea7fe36515caaf70ddf90bfd2ee269f059cf,1247619,autoland,LastVisualChange (geomean),True,google-maps LastVisualChange (geomean) opt warm webrender,,77,ms,geckoview,False,|w|a|r|m| |w|e|b|r|e|n|d|e|r|,,4611756,13,7f817cd97eca25f36de0c08dba5fde655dda9912,102210fe594ee9b33d82058545b1ed14f4c8206e,android-hw-a51-11-0-aarch64-shippable-qr,google-maps,True,,,,,,,,,,,,,,,,,,,,,,,,,,,,,,,,,,,,,,,,,,,,,,,,,,TN,,,,,,,,,,
,1701616997,2023-05-26 19:44:57,756.0,fc6056442a0fa16146259cb730d4e34a16656952,1247712,autoland,LastVisualChange (geomean),True,google-maps LastVisualChange (geomean) opt warm webrender,,77,ms,geckoview,False,|w|a|r|m| |w|e|b|r|e|n|d|e|r|,,4611756,13,7f817cd97eca25f36de0c08dba5fde655dda9912,102210fe594ee9b33d82058545b1ed14f4c8206e,android-hw-a51-11-0-aarch64-shippable-qr,google-maps,True,,,,,,,,,,,,,,,,,,,,,,,,,,,,,,,,,,,,,,,,,,,,,,,,,,TN,,,,,,,,,,
,1701738439,2023-05-27 00:56:39,752.6,b45b68be3f9bae0da4d649a44e60c6cd175f2212,1247879,autoland,LastVisualChange (geomean),True,google-maps LastVisualChange (geomean) opt warm webrender,,77,ms,geckoview,False,|w|a|r|m| |w|e|b|r|e|n|d|e|r|,,4611756,13,7f817cd97eca25f36de0c08dba5fde655dda9912,102210fe594ee9b33d82058545b1ed14f4c8206e,android-hw-a51-11-0-aarch64-shippable-qr,google-maps,True,,,,,,,,,,,,,,,,,,,,,,,,,,,,,,,,,,,,,,,,,,,,,,,,,,TN,,,,,,,,,,
,1701884503,2023-05-27 11:39:36,737.1,6a941c8c6ff3290e530942915ee97161b670f15d,1247945,autoland,LastVisualChange (geomean),True,google-maps LastVisualChange (geomean) opt warm webrender,,77,ms,geckoview,False,|w|a|r|m| |w|e|b|r|e|n|d|e|r|,,4611756,13,7f817cd97eca25f36de0c08dba5fde655dda9912,102210fe594ee9b33d82058545b1ed14f4c8206e,android-hw-a51-11-0-aarch64-shippable-qr,google-maps,True,,,,,,,,,,,,,,,,,,,,,,,,,,,,,,,,,,,,,,,,,,,,,,,,,,TN,,,,,,,,,,
,1701921649,2023-05-27 15:52:21,736.3,531a15ae09d49e29c270830e9b873aa625a5a8c2,1247961,autoland,LastVisualChange (geomean),True,google-maps LastVisualChange (geomean) opt warm webrender,,77,ms,geckoview,False,|w|a|r|m| |w|e|b|r|e|n|d|e|r|,,4611756,13,7f817cd97eca25f36de0c08dba5fde655dda9912,102210fe594ee9b33d82058545b1ed14f4c8206e,android-hw-a51-11-0-aarch64-shippable-qr,google-maps,True,,,,,,,,,,,,,,,,,,,,,,,,,,,,,,,,,,,,,,,,,,,,,,,,,,TN,,,,,,,,,,
,1702049702,2023-05-28 20:46:15,744.7,47f0f49b40361f9c5bde3a5691dc5d65ec1e0061,1248031,autoland,LastVisualChange (geomean),True,google-maps LastVisualChange (geomean) opt warm webrender,,77,ms,geckoview,False,|w|a|r|m| |w|e|b|r|e|n|d|e|r|,,4611756,13,7f817cd97eca25f36de0c08dba5fde655dda9912,102210fe594ee9b33d82058545b1ed14f4c8206e,android-hw-a51-11-0-aarch64-shippable-qr,google-maps,True,,,,,,,,,,,,,,,,,,,,,,,,,,,,,,,,,,,,,,,,,,,,,,,,,,TN,,,,,,,,,,
,1702084267,2023-05-29 02:12:22,752.1,1f8f2142966233c5d8d437f93d361aa0cc2b36c6,1248080,autoland,LastVisualChange (geomean),True,google-maps LastVisualChange (geomean) opt warm webrender,,77,ms,geckoview,False,|w|a|r|m| |w|e|b|r|e|n|d|e|r|,,4611756,13,7f817cd97eca25f36de0c08dba5fde655dda9912,102210fe594ee9b33d82058545b1ed14f4c8206e,android-hw-a51-11-0-aarch64-shippable-qr,google-maps,True,,,,,,,,,,,,,,,,,,,,,,,,,,,,,,,,,,,,,,,,,,,,,,,,,,TN,,,,,,,,,,
,1702146124,2023-05-29 06:50:24,753.4,1565861edeebf64845658a3f48cb89fa4515bb68,1248115,autoland,LastVisualChange (geomean),True,google-maps LastVisualChange (geomean) opt warm webrender,,77,ms,geckoview,False,|w|a|r|m| |w|e|b|r|e|n|d|e|r|,,4611756,13,7f817cd97eca25f36de0c08dba5fde655dda9912,102210fe594ee9b33d82058545b1ed14f4c8206e,android-hw-a51-11-0-aarch64-shippable-qr,google-maps,True,,,,,,,,,,,,,,,,,,,,,,,,,,,,,,,,,,,,,,,,,,,,,,,,,,TN,,,,,,,,,,
,1702159822,2023-05-29 07:27:55,728.0,31915ad324761c4fe80dac65ca36f070ab2102a2,1248125,autoland,LastVisualChange (geomean),True,google-maps LastVisualChange (geomean) opt warm webrender,,77,ms,geckoview,False,|w|a|r|m| |w|e|b|r|e|n|d|e|r|,,4611756,13,7f817cd97eca25f36de0c08dba5fde655dda9912,102210fe594ee9b33d82058545b1ed14f4c8206e,android-hw-a51-11-0-aarch64-shippable-qr,google-maps,True,,,,,,,,,,,,,,,,,,,,,,,,,,,,,,,,,,,,,,,,,,,,,,,,,,TN,,,,,,,,,,
,1702330379,2023-05-29 15:52:56,732.4,e1a08bab18008646938a96dfab802d2471fcadc1,1248305,autoland,LastVisualChange (geomean),True,google-maps LastVisualChange (geomean) opt warm webrender,,77,ms,geckoview,False,|w|a|r|m| |w|e|b|r|e|n|d|e|r|,,4611756,13,7f817cd97eca25f36de0c08dba5fde655dda9912,102210fe594ee9b33d82058545b1ed14f4c8206e,android-hw-a51-11-0-aarch64-shippable-qr,google-maps,True,,,,,,,,,,,,,,,,,,,,,,,,,,,,,,,,,,,,,,,,,,,,,,,,,,TN,,,,,,,,,,
,1702415949,2023-05-29 20:27:32,758.5,496eefc6bee2519ce93df561b640b582e869b964,1248440,autoland,LastVisualChange (geomean),True,google-maps LastVisualChange (geomean) opt warm webrender,,77,ms,geckoview,False,|w|a|r|m| |w|e|b|r|e|n|d|e|r|,,4611756,13,7f817cd97eca25f36de0c08dba5fde655dda9912,102210fe594ee9b33d82058545b1ed14f4c8206e,android-hw-a51-11-0-aarch64-shippable-qr,google-maps,True,,,,,,,,,,,,,,,,,,,,,,,,,,,,,,,,,,,,,,,,,,,,,,,,,,TN,,,,,,,,,,
,1702436142,2023-05-29 20:34:18,740.8,f7d3e204b0fb015cf0fb51a08403e22986a2ae52,1248445,autoland,LastVisualChange (geomean),True,google-maps LastVisualChange (geomean) opt warm webrender,,77,ms,geckoview,False,|w|a|r|m| |w|e|b|r|e|n|d|e|r|,,4611756,13,7f817cd97eca25f36de0c08dba5fde655dda9912,102210fe594ee9b33d82058545b1ed14f4c8206e,android-hw-a51-11-0-aarch64-shippable-qr,google-maps,True,,,,,,,,,,,,,,,,,,,,,,,,,,,,,,,,,,,,,,,,,,,,,,,,,,TN,,,,,,,,,,
,1702496734,2023-05-30 01:15:28,745.0,82442b2d56d94c600cca707dd62ab7a19d68bbd2,1248536,autoland,LastVisualChange (geomean),True,google-maps LastVisualChange (geomean) opt warm webrender,,77,ms,geckoview,False,|w|a|r|m| |w|e|b|r|e|n|d|e|r|,,4611756,13,7f817cd97eca25f36de0c08dba5fde655dda9912,102210fe594ee9b33d82058545b1ed14f4c8206e,android-hw-a51-11-0-aarch64-shippable-qr,google-maps,True,,,,,,,,,,,,,,,,,,,,,,,,,,,,,,,,,,,,,,,,,,,,,,,,,,TN,,,,,,,,,,
,1702595320,2023-05-30 06:58:06,734.0,23a3b1b5a2b78d86456189221e567423206bc00a,1248601,autoland,LastVisualChange (geomean),True,google-maps LastVisualChange (geomean) opt warm webrender,,77,ms,geckoview,False,|w|a|r|m| |w|e|b|r|e|n|d|e|r|,,4611756,13,7f817cd97eca25f36de0c08dba5fde655dda9912,102210fe594ee9b33d82058545b1ed14f4c8206e,android-hw-a51-11-0-aarch64-shippable-qr,google-maps,True,,,,,,,,,,,,,,,,,,,,,,,,,,,,,,,,,,,,,,,,,,,,,,,,,,TN,,,,,,,,,,
,1702608488,2023-05-30 07:49:46,716.2,64b2487b96b949b3c6a787dfd17210f9998fb42e,1248618,autoland,LastVisualChange (geomean),True,google-maps LastVisualChange (geomean) opt warm webrender,,77,ms,geckoview,False,|w|a|r|m| |w|e|b|r|e|n|d|e|r|,,4611756,13,7f817cd97eca25f36de0c08dba5fde655dda9912,102210fe594ee9b33d82058545b1ed14f4c8206e,android-hw-a51-11-0-aarch64-shippable-qr,google-maps,True,,,,,,,,,,,,,,,,,,,,,,,,,,,,,,,,,,,,,,,,,,,,,,,,,,TN,,,,,,,,,,
,1702753486,2023-05-30 12:05:20,730.0,121d4440186ece5c7acf444a8879a3818d54fef5,1248752,autoland,LastVisualChange (geomean),True,google-maps LastVisualChange (geomean) opt warm webrender,,77,ms,geckoview,False,|w|a|r|m| |w|e|b|r|e|n|d|e|r|,,4611756,13,7f817cd97eca25f36de0c08dba5fde655dda9912,102210fe594ee9b33d82058545b1ed14f4c8206e,android-hw-a51-11-0-aarch64-shippable-qr,google-maps,True,,,,,,,,,,,,,,,,,,,,,,,,,,,,,,,,,,,,,,,,,,,,,,,,,,TN,,,,,,,,,,
,1702834977,2023-05-30 15:20:14,745.8,8ddf44b47ed68e786f1ca69913136fe2ddd7f1d2,1248888,autoland,LastVisualChange (geomean),True,google-maps LastVisualChange (geomean) opt warm webrender,,77,ms,geckoview,False,|w|a|r|m| |w|e|b|r|e|n|d|e|r|,,4611756,13,7f817cd97eca25f36de0c08dba5fde655dda9912,102210fe594ee9b33d82058545b1ed14f4c8206e,android-hw-a51-11-0-aarch64-shippable-qr,google-maps,True,,,,,,,,,,,,,,,,,,,,,,,,,,,,,,,,,,,,,,,,,,,,,,,,,,TN,,,,,,,,,,
,1702915786,2023-05-30 19:20:55,737.2,361a866d206fd695b15823113863d449afb7c87d,1249050,autoland,LastVisualChange (geomean),True,google-maps LastVisualChange (geomean) opt warm webrender,,77,ms,geckoview,False,|w|a|r|m| |w|e|b|r|e|n|d|e|r|,,4611756,13,7f817cd97eca25f36de0c08dba5fde655dda9912,102210fe594ee9b33d82058545b1ed14f4c8206e,android-hw-a51-11-0-aarch64-shippable-qr,google-maps,True,,,,,,,,,,,,,,,,,,,,,,,,,,,,,,,,,,,,,,,,,,,,,,,,,,TN,,,,,,,,,,
,1702937428,2023-05-30 19:21:44,736.8,f9dad80c02c9517d8cb38311989dab88f1236015,1249051,autoland,LastVisualChange (geomean),True,google-maps LastVisualChange (geomean) opt warm webrender,,77,ms,geckoview,False,|w|a|r|m| |w|e|b|r|e|n|d|e|r|,,4611756,13,7f817cd97eca25f36de0c08dba5fde655dda9912,102210fe594ee9b33d82058545b1ed14f4c8206e,android-hw-a51-11-0-aarch64-shippable-qr,google-maps,True,,,,,,,,,,,,,,,,,,,,,,,,,,,,,,,,,,,,,,,,,,,,,,,,,,TN,,,,,,,,,,
,1703089972,2023-05-30 22:16:30,737.4,0ea1f0bff41ab8b0e92e4f35f3d6eaf801ad3fc0,1249172,autoland,LastVisualChange (geomean),True,google-maps LastVisualChange (geomean) opt warm webrender,,77,ms,geckoview,False,|w|a|r|m| |w|e|b|r|e|n|d|e|r|,,4611756,13,7f817cd97eca25f36de0c08dba5fde655dda9912,102210fe594ee9b33d82058545b1ed14f4c8206e,android-hw-a51-11-0-aarch64-shippable-qr,google-maps,True,,,,,,,,,,,,,,,,,,,,,,,,,,,,,,,,,,,,,,,,,,,,,,,,,,TN,,,,,,,,,,
,1703161121,2023-05-31 02:21:54,715.8,40997d8c121ee054ffe5df2c1a10d3a392f78c3c,1249255,autoland,LastVisualChange (geomean),True,google-maps LastVisualChange (geomean) opt warm webrender,,77,ms,geckoview,False,|w|a|r|m| |w|e|b|r|e|n|d|e|r|,,4611756,13,7f817cd97eca25f36de0c08dba5fde655dda9912,102210fe594ee9b33d82058545b1ed14f4c8206e,android-hw-a51-11-0-aarch64-shippable-qr,google-maps,True,,,,,,,,,,,,,,,,,,,,,,,,,,,,,,,,,,,,,,,,,,,,,,,,,,TN,,,,,,,,,,
,1703431266,2023-05-31 09:56:26,714.7,2317c21d7aeb68528ec7946980e7ca68d74c451a,1249439,autoland,LastVisualChange (geomean),True,google-maps LastVisualChange (geomean) opt warm webrender,,77,ms,geckoview,False,|w|a|r|m| |w|e|b|r|e|n|d|e|r|,,4611756,13,7f817cd97eca25f36de0c08dba5fde655dda9912,102210fe594ee9b33d82058545b1ed14f4c8206e,android-hw-a51-11-0-aarch64-shippable-qr,google-maps,True,,,,,,,,,,,,,,,,,,,,,,,,,,,,,,,,,,,,,,,,,,,,,,,,,,TN,,,,,,,,,,
,1703754808,2023-05-31 14:02:33,743.0,7d2ea0789fc8c8538febac2643670ed4a46de087,1249550,autoland,LastVisualChange (geomean),True,google-maps LastVisualChange (geomean) opt warm webrender,,77,ms,geckoview,False,|w|a|r|m| |w|e|b|r|e|n|d|e|r|,,4611756,13,7f817cd97eca25f36de0c08dba5fde655dda9912,102210fe594ee9b33d82058545b1ed14f4c8206e,android-hw-a51-11-0-aarch64-shippable-qr,google-maps,True,,,,,,,,,,,,,,,,,,,,,,,,,,,,,,,,,,,,,,,,,,,,,,,,,,TN,,,,,,,,,,
,1703780725,2023-05-31 15:08:35,732.3,513ac812d28fbd668a0b4216f4f52aef38b29501,1249582,autoland,LastVisualChange (geomean),True,google-maps LastVisualChange (geomean) opt warm webrender,,77,ms,geckoview,False,|w|a|r|m| |w|e|b|r|e|n|d|e|r|,,4611756,13,7f817cd97eca25f36de0c08dba5fde655dda9912,102210fe594ee9b33d82058545b1ed14f4c8206e,android-hw-a51-11-0-aarch64-shippable-qr,google-maps,True,,,,,,,,,,,,,,,,,,,,,,,,,,,,,,,,,,,,,,,,,,,,,,,,,,TN,,,,,,,,,,
,1703905592,2023-05-31 17:22:12,740.5,b1a1fe06a88b8bdb3f1c5564d12f6798261f34f8,1249712,autoland,LastVisualChange (geomean),True,google-maps LastVisualChange (geomean) opt warm webrender,,77,ms,geckoview,False,|w|a|r|m| |w|e|b|r|e|n|d|e|r|,,4611756,13,7f817cd97eca25f36de0c08dba5fde655dda9912,102210fe594ee9b33d82058545b1ed14f4c8206e,android-hw-a51-11-0-aarch64-shippable-qr,google-maps,True,,,,,,,,,,,,,,,,,,,,,,,,,,,,,,,,,,,,,,,,,,,,,,,,,,TN,,,,,,,,,,
,1703998495,2023-05-31 20:28:19,746.6,acd631722a01cb363c4967477af9f240d35cd218,1249881,autoland,LastVisualChange (geomean),True,google-maps LastVisualChange (geomean) opt warm webrender,,77,ms,geckoview,False,|w|a|r|m| |w|e|b|r|e|n|d|e|r|,,4611756,13,7f817cd97eca25f36de0c08dba5fde655dda9912,102210fe594ee9b33d82058545b1ed14f4c8206e,android-hw-a51-11-0-aarch64-shippable-qr,google-maps,True,,,,,,,,,,,,,,,,,,,,,,,,,,,,,,,,,,,,,,,,,,,,,,,,,,TN,,,,,,,,,,
,1704148695,2023-05-31 23:35:37,738.2,69cd9d943489100b8424cf1b19b0646cbc9c317c,1250055,autoland,LastVisualChange (geomean),True,google-maps LastVisualChange (geomean) opt warm webrender,,77,ms,geckoview,False,|w|a|r|m| |w|e|b|r|e|n|d|e|r|,,4611756,13,7f817cd97eca25f36de0c08dba5fde655dda9912,102210fe594ee9b33d82058545b1ed14f4c8206e,android-hw-a51-11-0-aarch64-shippable-qr,google-maps,True,,,,,,,,,,,,,,,,,,,,,,,,,,,,,,,,,,,,,,,,,,,,,,,,,,TN,,,,,,,,,,
,1704228946,2023-06-01 03:44:27,748.1,5d6127a9b7ed37774d6403efd4ee1ec813503592,1250134,autoland,LastVisualChange (geomean),True,google-maps LastVisualChange (geomean) opt warm webrender,,77,ms,geckoview,False,|w|a|r|m| |w|e|b|r|e|n|d|e|r|,,4611756,13,7f817cd97eca25f36de0c08dba5fde655dda9912,102210fe594ee9b33d82058545b1ed14f4c8206e,android-hw-a51-11-0-aarch64-shippable-qr,google-maps,True,,,,,,,,,,,,,,,,,,,,,,,,,,,,,,,,,,,,,,,,,,,,,,,,,,TN,,,,,,,,,,
,1704365460,2023-06-01 08:18:01,756.7,310a02cb1216c0fafadcbc049aac0875871eab96,1250206,autoland,LastVisualChange (geomean),True,google-maps LastVisualChange (geomean) opt warm webrender,,77,ms,geckoview,False,|w|a|r|m| |w|e|b|r|e|n|d|e|r|,,4611756,13,7f817cd97eca25f36de0c08dba5fde655dda9912,102210fe594ee9b33d82058545b1ed14f4c8206e,android-hw-a51-11-0-aarch64-shippable-qr,google-maps,True,,,,,,,,,,,,,,,,,,,,,,,,,,,,,,,,,,,,,,,,,,,,,,,,,,TN,,,,,,,,,,
,1704434112,2023-06-01 09:51:53,753.9,3ee1184f75ef01c3b8b3acb826d84a189cac75ce,1250243,autoland,LastVisualChange (geomean),True,google-maps LastVisualChange (geomean) opt warm webrender,,77,ms,geckoview,False,|w|a|r|m| |w|e|b|r|e|n|d|e|r|,,4611756,13,7f817cd97eca25f36de0c08dba5fde655dda9912,102210fe594ee9b33d82058545b1ed14f4c8206e,android-hw-a51-11-0-aarch64-shippable-qr,google-maps,True,,,,,,,,,,,,,,,,,,,,,,,,,,,,,,,,,,,,,,,,,,,,,,,,,,TN,,,,,,,,,,
,1704622498,2023-06-01 13:54:39,748.6,01e7e891e3d0793f8a185fe99b6f8cc9c6ffa74e,1250379,autoland,LastVisualChange (geomean),True,google-maps LastVisualChange (geomean) opt warm webrender,,77,ms,geckoview,False,|w|a|r|m| |w|e|b|r|e|n|d|e|r|,,4611756,13,7f817cd97eca25f36de0c08dba5fde655dda9912,102210fe594ee9b33d82058545b1ed14f4c8206e,android-hw-a51-11-0-aarch64-shippable-qr,google-maps,True,,,,,,,,,,,,,,,,,,,,,,,,,,,,,,,,,,,,,,,,,,,,,,,,,,TN,,,,,,,,,,
,1704814081,2023-06-01 19:53:44,747.6,ae0f513f1d25aef3f79ad009b5f2dd7407536827,1250634,autoland,LastVisualChange (geomean),True,google-maps LastVisualChange (geomean) opt warm webrender,,77,ms,geckoview,False,|w|a|r|m| |w|e|b|r|e|n|d|e|r|,,4611756,13,7f817cd97eca25f36de0c08dba5fde655dda9912,102210fe594ee9b33d82058545b1ed14f4c8206e,android-hw-a51-11-0-aarch64-shippable-qr,google-maps,True,,,,,,,,,,,,,,,,,,,,,,,,,,,,,,,,,,,,,,,,,,,,,,,,,,TN,,,,,,,,,,
,1704845204,2023-06-01 21:35:55,734.1,9718fca142ae7765c8ca6c3616fab6e303225556,1250675,autoland,LastVisualChange (geomean),True,google-maps LastVisualChange (geomean) opt warm webrender,,77,ms,geckoview,False,|w|a|r|m| |w|e|b|r|e|n|d|e|r|,,4611756,13,7f817cd97eca25f36de0c08dba5fde655dda9912,102210fe594ee9b33d82058545b1ed14f4c8206e,android-hw-a51-11-0-aarch64-shippable-qr,google-maps,True,,,,,,,,,,,,,,,,,,,,,,,,,,,,,,,,,,,,,,,,,,,,,,,,,,TN,,,,,,,,,,
,1704947398,2023-06-02 02:04:00,737.7,c365694efc9c7ac4c2c010f9dc97afb7c80107ee,1250783,autoland,LastVisualChange (geomean),True,google-maps LastVisualChange (geomean) opt warm webrender,,77,ms,geckoview,False,|w|a|r|m| |w|e|b|r|e|n|d|e|r|,,4611756,13,7f817cd97eca25f36de0c08dba5fde655dda9912,102210fe594ee9b33d82058545b1ed14f4c8206e,android-hw-a51-11-0-aarch64-shippable-qr,google-maps,True,,,,,,,,,,,,,,,,,,,,,,,,,,,,,,,,,,,,,,,,,,,,,,,,,,TN,,,,,,,,,,
,1705162383,2023-06-02 12:19:13,731.0,5d642eb9394b5f5e9e9f0a4b6be492055e341e31,1250979,autoland,LastVisualChange (geomean),True,google-maps LastVisualChange (geomean) opt warm webrender,,77,ms,geckoview,False,|w|a|r|m| |w|e|b|r|e|n|d|e|r|,,4611756,13,7f817cd97eca25f36de0c08dba5fde655dda9912,102210fe594ee9b33d82058545b1ed14f4c8206e,android-hw-a51-11-0-aarch64-shippable-qr,google-maps,True,,,,,,,,,,,,,,,,,,,,,,,,,,,,,,,,,,,,,,,,,,,,,,,,,,TN,,,,,,,,,,
,1705201624,2023-06-02 13:27:34,732.9,e2c71d0ed1e8bb2b9752f78b13c31171d5dde3a9,1251019,autoland,LastVisualChange (geomean),True,google-maps LastVisualChange (geomean) opt warm webrender,,77,ms,geckoview,False,|w|a|r|m| |w|e|b|r|e|n|d|e|r|,,4611756,13,7f817cd97eca25f36de0c08dba5fde655dda9912,102210fe594ee9b33d82058545b1ed14f4c8206e,android-hw-a51-11-0-aarch64-shippable-qr,google-maps,True,,,,,,,,,,,,,,,,,,,,,,,,,,,,,,,,,,,,,,,,,,,,,,,,,,TN,,,,,,,,,,
,1705318037,2023-06-02 17:59:13,749.2,ad7e9e56836f2bd7e0668d322719f548e825a685,1251185,autoland,LastVisualChange (geomean),True,google-maps LastVisualChange (geomean) opt warm webrender,,77,ms,geckoview,False,|w|a|r|m| |w|e|b|r|e|n|d|e|r|,,4611756,13,7f817cd97eca25f36de0c08dba5fde655dda9912,102210fe594ee9b33d82058545b1ed14f4c8206e,android-hw-a51-11-0-aarch64-shippable-qr,google-maps,True,,,,,,,,,,,,,,,,,,,,,,,,,,,,,,,,,,,,,,,,,,,,,,,,,,TN,,,,,,,,,,
,1705294849,2023-06-02 18:03:52,739.1,8c3b1c60fde747fcb4e3421062a37b829d6acb9f,1251187,autoland,LastVisualChange (geomean),True,google-maps LastVisualChange (geomean) opt warm webrender,,77,ms,geckoview,False,|w|a|r|m| |w|e|b|r|e|n|d|e|r|,,4611756,13,7f817cd97eca25f36de0c08dba5fde655dda9912,102210fe594ee9b33d82058545b1ed14f4c8206e,android-hw-a51-11-0-aarch64-shippable-qr,google-maps,True,,,,,,,,,,,,,,,,,,,,,,,,,,,,,,,,,,,,,,,,,,,,,,,,,,TN,,,,,,,,,,
,1705399578,2023-06-02 22:18:32,719.6,b9f63a24bc677e4c6a1f9bc801c2e3bf44dbd6e8,1251308,autoland,LastVisualChange (geomean),True,google-maps LastVisualChange (geomean) opt warm webrender,,77,ms,geckoview,False,|w|a|r|m| |w|e|b|r|e|n|d|e|r|,,4611756,13,7f817cd97eca25f36de0c08dba5fde655dda9912,102210fe594ee9b33d82058545b1ed14f4c8206e,android-hw-a51-11-0-aarch64-shippable-qr,google-maps,True,,,,,,,,,,,,,,,,,,,,,,,,,,,,,,,,,,,,,,,,,,,,,,,,,,TN,,,,,,,,,,
,1705447372,2023-06-03 05:40:17,726.8,64bce9d136ae9b4bd5482515721d6daf2da53dc3,1251358,autoland,LastVisualChange (geomean),True,google-maps LastVisualChange (geomean) opt warm webrender,,77,ms,geckoview,False,|w|a|r|m| |w|e|b|r|e|n|d|e|r|,,4611756,13,7f817cd97eca25f36de0c08dba5fde655dda9912,102210fe594ee9b33d82058545b1ed14f4c8206e,android-hw-a51-11-0-aarch64-shippable-qr,google-maps,True,,,,,,,,,,,,,,,,,,,,,,,,,,,,,,,,,,,,,,,,,,,,,,,,,,TN,,,,,,,,,,
,1705531916,2023-06-03 14:24:38,732.4,7bc8c25b2935765c57adc63333c221bbe5067831,1251409,autoland,LastVisualChange (geomean),True,google-maps LastVisualChange (geomean) opt warm webrender,,77,ms,geckoview,False,|w|a|r|m| |w|e|b|r|e|n|d|e|r|,,4611756,13,7f817cd97eca25f36de0c08dba5fde655dda9912,102210fe594ee9b33d82058545b1ed14f4c8206e,android-hw-a51-11-0-aarch64-shippable-qr,google-maps,True,,,,,,,,,,,,,,,,,,,,,,,,,,,,,,,,,,,,,,,,,,,,,,,,,,TN,,,,,,,,,,
,1705593222,2023-06-03 23:39:13,733.1,b8f06acca6bf62e32647496ed613012fa4c27e9e,1251453,autoland,LastVisualChange (geomean),True,google-maps LastVisualChange (geomean) opt warm webrender,,77,ms,geckoview,False,|w|a|r|m| |w|e|b|r|e|n|d|e|r|,,4611756,13,7f817cd97eca25f36de0c08dba5fde655dda9912,102210fe594ee9b33d82058545b1ed14f4c8206e,android-hw-a51-11-0-aarch64-shippable-qr,google-maps,True,,,,,,,,,,,,,,,,,,,,,,,,,,,,,,,,,,,,,,,,,,,,,,,,,,TN,,,,,,,,,,
,1705677575,2023-06-04 11:53:44,729.6,00802389f336283602445d4f08e53b8bd09b43eb,1251481,autoland,LastVisualChange (geomean),True,google-maps LastVisualChange (geomean) opt warm webrender,,77,ms,geckoview,False,|w|a|r|m| |w|e|b|r|e|n|d|e|r|,,4611756,13,7f817cd97eca25f36de0c08dba5fde655dda9912,102210fe594ee9b33d82058545b1ed14f4c8206e,android-hw-a51-11-0-aarch64-shippable-qr,google-maps,True,,,,,,,,,,,,,,,,,,,,,,,,,,,,,,,,,,,,,,,,,,,,,,,,,,TN,,,,,,,,,,
,1705719166,2023-06-04 20:28:08,738.1,eeba3a3c20a4dc53210a44734b25d2c0870b6523,1251514,autoland,LastVisualChange (geomean),True,google-maps LastVisualChange (geomean) opt warm webrender,,77,ms,geckoview,False,|w|a|r|m| |w|e|b|r|e|n|d|e|r|,,4611756,13,7f817cd97eca25f36de0c08dba5fde655dda9912,102210fe594ee9b33d82058545b1ed14f4c8206e,android-hw-a51-11-0-aarch64-shippable-qr,google-maps,True,,,,,,,,,,,,,,,,,,,,,,,,,,,,,,,,,,,,,,,,,,,,,,,,,,TN,,,,,,,,,,
,1705767648,2023-06-05 03:24:10,744.0,f8fa7749f7bdc93fa3491918a4e8b0fb4db659eb,1251552,autoland,LastVisualChange (geomean),True,google-maps LastVisualChange (geomean) opt warm webrender,,77,ms,geckoview,False,|w|a|r|m| |w|e|b|r|e|n|d|e|r|,,4611756,13,7f817cd97eca25f36de0c08dba5fde655dda9912,102210fe594ee9b33d82058545b1ed14f4c8206e,android-hw-a51-11-0-aarch64-shippable-qr,google-maps,True,,,,,,,,,,,,,,,,,,,,,,,,,,,,,,,,,,,,,,,,,,,,,,,,,,TN,,,,,,,,,,
,1705805215,2023-06-05 08:05:57,739.6,61d4558543daf8b284b3194aba84289d6e31ad2f,1251588,autoland,LastVisualChange (geomean),True,google-maps LastVisualChange (geomean) opt warm webrender,,77,ms,geckoview,False,|w|a|r|m| |w|e|b|r|e|n|d|e|r|,,4611756,13,7f817cd97eca25f36de0c08dba5fde655dda9912,102210fe594ee9b33d82058545b1ed14f4c8206e,android-hw-a51-11-0-aarch64-shippable-qr,google-maps,True,,,,,,,,,,,,,,,,,,,,,,,,,,,,,,,,,,,,,,,,,,,,,,,,,,TN,,,,,,,,,,
,1705925177,2023-06-05 12:01:26,744.6,00af548d93acc8c2c3ab652a04c882e3a80476a9,1251712,autoland,LastVisualChange (geomean),True,google-maps LastVisualChange (geomean) opt warm webrender,,77,ms,geckoview,False,|w|a|r|m| |w|e|b|r|e|n|d|e|r|,,4611756,13,7f817cd97eca25f36de0c08dba5fde655dda9912,102210fe594ee9b33d82058545b1ed14f4c8206e,android-hw-a51-11-0-aarch64-shippable-qr,google-maps,True,,,,,,,,,,,,,,,,,,,,,,,,,,,,,,,,,,,,,,,,,,,,,,,,,,TN,,,,,,,,,,
,1706090192,2023-06-05 16:13:31,736.0,c8df8c0bde6047b8fe23c9716940cbc1c07c2a65,1251888,autoland,LastVisualChange (geomean),True,google-maps LastVisualChange (geomean) opt warm webrender,,77,ms,geckoview,False,|w|a|r|m| |w|e|b|r|e|n|d|e|r|,,4611756,13,7f817cd97eca25f36de0c08dba5fde655dda9912,102210fe594ee9b33d82058545b1ed14f4c8206e,android-hw-a51-11-0-aarch64-shippable-qr,google-maps,True,,,,,,,,,,,,,,,,,,,,,,,,,,,,,,,,,,,,,,,,,,,,,,,,,,TN,,,,,,,,,,
,1706122364,2023-06-05 16:43:43,714.2,03d635b2bdb2041550924e64dc0dd20abf4499f9,1251915,autoland,LastVisualChange (geomean),True,google-maps LastVisualChange (geomean) opt warm webrender,,77,ms,geckoview,False,|w|a|r|m| |w|e|b|r|e|n|d|e|r|,,4611756,13,7f817cd97eca25f36de0c08dba5fde655dda9912,102210fe594ee9b33d82058545b1ed14f4c8206e,android-hw-a51-11-0-aarch64-shippable-qr,google-maps,True,,,,,,,,,,,,,,,,,,,,,,,,,,,,,,,,,,,,,,,,,,,,,,,,,,TN,,,,,,,,,,
,1706260607,2023-06-05 20:14:05,733.2,d73c2643092115d9b5859c16e121e421656264bc,1252060,autoland,LastVisualChange (geomean),True,google-maps LastVisualChange (geomean) opt warm webrender,,77,ms,geckoview,False,|w|a|r|m| |w|e|b|r|e|n|d|e|r|,,4611756,13,7f817cd97eca25f36de0c08dba5fde655dda9912,102210fe594ee9b33d82058545b1ed14f4c8206e,android-hw-a51-11-0-aarch64-shippable-qr,google-maps,True,,,,,,,,,,,,,,,,,,,,,,,,,,,,,,,,,,,,,,,,,,,,,,,,,,TN,,,,,,,,,,
,1706269625,2023-06-05 22:25:10,753.4,3a79e9a1c11da81af50cfb6e535537b5e8e7ce9f,1252165,autoland,LastVisualChange (geomean),True,google-maps LastVisualChange (geomean) opt warm webrender,,77,ms,geckoview,False,|w|a|r|m| |w|e|b|r|e|n|d|e|r|,,4611756,13,7f817cd97eca25f36de0c08dba5fde655dda9912,102210fe594ee9b33d82058545b1ed14f4c8206e,android-hw-a51-11-0-aarch64-shippable-qr,google-maps,True,,,,,,,,,,,,,,,,,,,,,,,,,,,,,,,,,,,,,,,,,,,,,,,,,,TN,,,,,,,,,,
