,revision,value,repository_name,signature_id,framework_id,signature_hash,machine_platform,should_alert,has_subtests,extra_options,tags,option_collection_hash,test,suite,lower_is_better,name,parent_signature,repository_id,measurement_unit,application,job_id,entry_id,push_timestamp,push_id,single_alert_new_value,single_alert_classifier,alert_summary_prev_push_revision,alert_summary_id,single_alert_amount_pct,single_alert_prev_value,alert_summary_first_triaged,alert_summary_framework,single_alert_series_signature_framework_id,single_alert_series_signature_suite_public_name,alert_summary_related_alerts,single_alert_taskcluster_metadata_retry_id,alert_summary_prev_push_id,alert_summary_status,single_alert_status,alert_summary_assignee_username,single_alert_prev_taskcluster_metadata_task_id,alert_summary_bug_number,alert_summary_bug_due_date,single_alert_series_signature_test_public_name,alert_summary_issue_tracker,single_alert_amount_abs,single_alert_id,single_alert_taskcluster_metadata_task_id,single_alert_backfill_record_total_backfills_successful,single_alert_summary_id,single_alert_prev_taskcluster_metadata_retry_id,single_alert_is_regression,single_alert_manually_created,single_alert_classifier_email,single_alert_backfill_record_total_backfills_failed,single_alert_backfill_record_total_actions_triggered,alert_summary_assignee_email,alert_summary_creation_timestamp,single_alert_prev_profile_url,alert_summary_notes,single_alert_noise_profile,single_alert_related_summary_id,alert_summary_bug_updated,single_alert_profile_url,single_alert_backfill_record_context,single_alert_starred,single_alert_backfill_record_total_backfills_in_progress,single_alert_t_value,single_alert_series_signature_suite,single_alert_backfill_record_status,single_alert_series_signature_tags,alert_summary_triage_due_date,alert_summary_status_general
0,1b56c653a5ee3a14ec0955b092498999e9333bfa,0.19030258840685388,autoland,5096647,1,2d3b5580a91b8117c60610abfc447c7f4ca9b68e,windows10-64-shippable-qr,True,False,,,102210fe594ee9b33d82058545b1ed14f4c8206e,issue9418.pdf,pdfpaint,True,pdfpaint issue9418.pdf opt e10s fission stylo webrender,4768710,77,ms,firefox,453912139,1870677861,2024-04-08 13:49:41,1405618,,,,,,,,,,,,,,,,,,,,,,,,,,,,,,,,,,,,,,,,,,,,,,,,,TN
1,79551503d77c8353439905d86ec3033546f0c874,0.2056142909223473,autoland,5096647,1,2d3b5580a91b8117c60610abfc447c7f4ca9b68e,windows10-64-shippable-qr,True,False,,,102210fe594ee9b33d82058545b1ed14f4c8206e,issue9418.pdf,pdfpaint,True,pdfpaint issue9418.pdf opt e10s fission stylo webrender,4768710,77,ms,firefox,453960211,1870831386,2024-04-08 19:08:45,1405880,,,,,,,,,,,,,,,,,,,,,,,,,,,,,,,,,,,,,,,,,,,,,,,,,TN
2,c19d16f89e851b3d8052fb11a8e8f0ae3f4cb9b7,0.0,autoland,5096647,1,2d3b5580a91b8117c60610abfc447c7f4ca9b68e,windows10-64-shippable-qr,True,False,,,102210fe594ee9b33d82058545b1ed14f4c8206e,issue9418.pdf,pdfpaint,True,pdfpaint issue9418.pdf opt e10s fission stylo webrender,4768710,77,ms,firefox,453997958,1870975360,2024-04-08 23:24:57,1406026,,,,,,,,,,,,,,,,,,,,,,,,,,,,,,,,,,,,,,,,,,,,,,,,,TN
3,643848d855ebb8ab8d9d7009ca7ce9d21d267b34,0.3795114837768869,autoland,5096647,1,2d3b5580a91b8117c60610abfc447c7f4ca9b68e,windows10-64-shippable-qr,True,False,,,102210fe594ee9b33d82058545b1ed14f4c8206e,issue9418.pdf,pdfpaint,True,pdfpaint issue9418.pdf opt e10s fission stylo webrender,4768710,77,ms,firefox,454020302,1871133736,2024-04-09 06:15:12,1406147,,,,,,,,,,,,,,,,,,,,,,,,,,,,,,,,,,,,,,,,,,,,,,,,,TN
4,7cd4aaac69823ebb7b440d4e14d05275ba50a073,0.6857455340867666,autoland,5096647,1,2d3b5580a91b8117c60610abfc447c7f4ca9b68e,windows10-64-shippable-qr,True,False,,,102210fe594ee9b33d82058545b1ed14f4c8206e,issue9418.pdf,pdfpaint,True,pdfpaint issue9418.pdf opt e10s fission stylo webrender,4768710,77,ms,firefox,454046533,1871222717,2024-04-09 10:19:15,1406264,,,,,,,,,,,,,,,,,,,,,,,,,,,,,,,,,,,,,,,,,,,,,,,,,TN
5,34fef7e7706b912024aa3ba8826647e5ddc0a0ab,0.4600802041560339,autoland,5096647,1,2d3b5580a91b8117c60610abfc447c7f4ca9b68e,windows10-64-shippable-qr,True,False,,,102210fe594ee9b33d82058545b1ed14f4c8206e,issue9418.pdf,pdfpaint,True,pdfpaint issue9418.pdf opt e10s fission stylo webrender,4768710,77,ms,firefox,454084842,1871418652,2024-04-09 14:26:21,1406452,,,,,,,,,,,,,,,,,,,,,,,,,,,,,,,,,,,,,,,,,,,,,,,,,TN
6,e3c9c90141d0f6b39792470ce489a5af6123cc15,0.35763762304046676,autoland,5096647,1,2d3b5580a91b8117c60610abfc447c7f4ca9b68e,windows10-64-shippable-qr,True,False,,,102210fe594ee9b33d82058545b1ed14f4c8206e,issue9418.pdf,pdfpaint,True,pdfpaint issue9418.pdf opt e10s fission stylo webrender,4768710,77,ms,firefox,454089072,1871453105,2024-04-09 17:03:26,1406581,,,,,,,,,,,,,,,,,,,,,,,,,,,,,,,,,,,,,,,,,,,,,,,,,TN
7,42fe954d2d47356658d58a292876a6f15d6cbc51,0.3999270871308793,autoland,5096647,1,2d3b5580a91b8117c60610abfc447c7f4ca9b68e,windows10-64-shippable-qr,True,False,,,102210fe594ee9b33d82058545b1ed14f4c8206e,issue9418.pdf,pdfpaint,True,pdfpaint issue9418.pdf opt e10s fission stylo webrender,4768710,77,ms,firefox,454113220,1871541832,2024-04-09 20:18:20,1406718,,,,,,,,,,,,,,,,,,,,,,,,,,,,,,,,,,,,,,,,,,,,,,,,,TN
8,c6228adca1a9c453ab8514c86ee26ee9a7903d27,0.281443674808604,autoland,5096647,1,2d3b5580a91b8117c60610abfc447c7f4ca9b68e,windows10-64-shippable-qr,True,False,,,102210fe594ee9b33d82058545b1ed14f4c8206e,issue9418.pdf,pdfpaint,True,pdfpaint issue9418.pdf opt e10s fission stylo webrender,4768710,77,ms,firefox,454134967,1871653761,2024-04-10 00:18:40,1406841,,,,,,,,,,,,,,,,,,,,,,,,,,,,,,,,,,,,,,,,,,,,,,,,,TN
9,a3f0d7e2d176a84f97e08088b78e1abe8da0a5f7,0.12978490703609236,autoland,5096647,1,2d3b5580a91b8117c60610abfc447c7f4ca9b68e,windows10-64-shippable-qr,True,False,,,102210fe594ee9b33d82058545b1ed14f4c8206e,issue9418.pdf,pdfpaint,True,pdfpaint issue9418.pdf opt e10s fission stylo webrender,4768710,77,ms,firefox,454142125,1871730715,2024-04-10 05:00:45,1406899,,,,,,,,,,,,,,,,,,,,,,,,,,,,,,,,,,,,,,,,,,,,,,,,,TN
10,cb449d228d38790ba76f64d551817f6a804c044e,0.07582938388625582,autoland,5096647,1,2d3b5580a91b8117c60610abfc447c7f4ca9b68e,windows10-64-shippable-qr,True,False,,,102210fe594ee9b33d82058545b1ed14f4c8206e,issue9418.pdf,pdfpaint,True,pdfpaint issue9418.pdf opt e10s fission stylo webrender,4768710,77,ms,firefox,454158671,1871795609,2024-04-10 09:31:15,1406973,,,,,,,,,,,,,,,,,,,,,,,,,,,,,,,,,,,,,,,,,,,,,,,,,TN
11,53228f89fadff09aff9d51b46652c77d94059014,0.46044476850164084,autoland,5096647,1,2d3b5580a91b8117c60610abfc447c7f4ca9b68e,windows10-64-shippable-qr,True,False,,,102210fe594ee9b33d82058545b1ed14f4c8206e,issue9418.pdf,pdfpaint,True,pdfpaint issue9418.pdf opt e10s fission stylo webrender,4768710,77,ms,firefox,454189405,1871912213,2024-04-10 13:31:55,1407087,,,,,,,,,,,,,,,,,,,,,,,,,,,,,,,,,,,,,,,,,,,,,,,,,TN
12,a30d53cfa601940935af0c765cccbdde2178bb67,0.15676266861100974,autoland,5096647,1,2d3b5580a91b8117c60610abfc447c7f4ca9b68e,windows10-64-shippable-qr,True,False,,,102210fe594ee9b33d82058545b1ed14f4c8206e,issue9418.pdf,pdfpaint,True,pdfpaint issue9418.pdf opt e10s fission stylo webrender,4768710,77,ms,firefox,454209602,1872021310,2024-04-10 17:21:37,1407259,,,,,,,,,,,,,,,,,,,,,,,,,,,,,,,,,,,,,,,,,,,,,,,,,TN
13,bc425d90bbe9987cc754323772553d4be3e6de83,0.3452424352898289,autoland,5096647,1,2d3b5580a91b8117c60610abfc447c7f4ca9b68e,windows10-64-shippable-qr,True,False,,,102210fe594ee9b33d82058545b1ed14f4c8206e,issue9418.pdf,pdfpaint,True,pdfpaint issue9418.pdf opt e10s fission stylo webrender,4768710,77,ms,firefox,454235899,1872153185,2024-04-10 20:55:18,1407422,,,,,,,,,,,,,,,,,,,,,,,,,,,,,,,,,,,,,,,,,,,,,,,,,TN
14,1ae79ee05e2fe6a64e1916d65c78979921af1e5e,0.1760845789281804,autoland,5096647,1,2d3b5580a91b8117c60610abfc447c7f4ca9b68e,windows10-64-shippable-qr,True,False,,,102210fe594ee9b33d82058545b1ed14f4c8206e,issue9418.pdf,pdfpaint,True,pdfpaint issue9418.pdf opt e10s fission stylo webrender,4768710,77,ms,firefox,454256468,1872283406,2024-04-11 01:15:30,1407545,,,,,,,,,,,,,,,,,,,,,,,,,,,,,,,,,,,,,,,,,,,,,,,,,TN
15,7a8a0223fffe0f06dd2e7aad79bf1920cf1430c0,0.37732409770324526,autoland,5096647,1,2d3b5580a91b8117c60610abfc447c7f4ca9b68e,windows10-64-shippable-qr,True,False,,,102210fe594ee9b33d82058545b1ed14f4c8206e,issue9418.pdf,pdfpaint,True,pdfpaint issue9418.pdf opt e10s fission stylo webrender,4768710,77,ms,firefox,454275121,1872422870,2024-04-11 06:36:24,1407612,,,,,,,,,,,,,,,,,,,,,,,,,,,,,,,,,,,,,,,,,,,,,,,,,TN
16,747c6705d00627b032063055173575d6e6043880,0.3179001093693037,autoland,5096647,1,2d3b5580a91b8117c60610abfc447c7f4ca9b68e,windows10-64-shippable-qr,True,False,,,102210fe594ee9b33d82058545b1ed14f4c8206e,issue9418.pdf,pdfpaint,True,pdfpaint issue9418.pdf opt e10s fission stylo webrender,4768710,77,ms,firefox,454308468,1872642625,2024-04-11 11:27:44,1407747,,,,,,,,,,,,,,,,,,,,,,,,,,,,,,,,,,,,,,,,,,,,,,,,,TN
17,bbca818d6385ef61c987f967ebccfe9df63fc36b,0.3572730586948598,autoland,5096647,1,2d3b5580a91b8117c60610abfc447c7f4ca9b68e,windows10-64-shippable-qr,True,False,,,102210fe594ee9b33d82058545b1ed14f4c8206e,issue9418.pdf,pdfpaint,True,pdfpaint issue9418.pdf opt e10s fission stylo webrender,4768710,77,ms,firefox,454325185,1872755900,2024-04-11 15:41:30,1407834,,,,,,,,,,,,,,,,,,,,,,,,,,,,,,,,,,,,,,,,,,,,,,,,,TN
18,036ac9a41b52b5af1836d103d3a7aefad37e2b87,0.4345606999635434,autoland,5096647,1,2d3b5580a91b8117c60610abfc447c7f4ca9b68e,windows10-64-shippable-qr,True,False,,,102210fe594ee9b33d82058545b1ed14f4c8206e,issue9418.pdf,pdfpaint,True,pdfpaint issue9418.pdf opt e10s fission stylo webrender,4768710,77,ms,firefox,454339430,1872847067,2024-04-11 18:08:24,1407970,,,,,,,,,,,,,,,,,,,,,,,,,,,,,,,,,,,,,,,,,,,,,,,,,TN
19,90ef908ff18573cca9f4f0e5d676df56875c68b5,0.3638352169157857,autoland,5096647,1,2d3b5580a91b8117c60610abfc447c7f4ca9b68e,windows10-64-shippable-qr,True,False,,,102210fe594ee9b33d82058545b1ed14f4c8206e,issue9418.pdf,pdfpaint,True,pdfpaint issue9418.pdf opt e10s fission stylo webrender,4768710,77,ms,firefox,454371796,1872984410,2024-04-11 23:15:25,1408175,,,,,,,,,,,,,,,,,,,,,,,,,,,,,,,,,,,,,,,,,,,,,,,,,TN
20,be4463b26a49bdb9c791eaf7d0b41ff9eb0294d3,0.3536274152387895,autoland,5096647,1,2d3b5580a91b8117c60610abfc447c7f4ca9b68e,windows10-64-shippable-qr,True,False,,,102210fe594ee9b33d82058545b1ed14f4c8206e,issue9418.pdf,pdfpaint,True,pdfpaint issue9418.pdf opt e10s fission stylo webrender,4768710,77,ms,firefox,454404726,1873191174,2024-04-12 14:13:45,1408318,,,,,,,,,,,,,,,,,,,,,,,,,,,,,,,,,,,,,,,,,,,,,,,,,TN
21,5e5bc998487f4e6ee9fe6fe52ca5eb66cd37de03,0.3127962085308056,autoland,5096647,1,2d3b5580a91b8117c60610abfc447c7f4ca9b68e,windows10-64-shippable-qr,True,False,,,102210fe594ee9b33d82058545b1ed14f4c8206e,issue9418.pdf,pdfpaint,True,pdfpaint issue9418.pdf opt e10s fission stylo webrender,4768710,77,ms,firefox,454423410,1873295524,2024-04-12 20:21:58,1408379,,,,,,,,,,,,,,,,,,,,,,,,,,,,,,,,,,,,,,,,,,,,,,,,,TN
22,39657b697a7ffcda0f07cae917b68f1e84f57d54,0.16587677725118422,autoland,5096647,1,2d3b5580a91b8117c60610abfc447c7f4ca9b68e,windows10-64-shippable-qr,True,False,,,102210fe594ee9b33d82058545b1ed14f4c8206e,issue9418.pdf,pdfpaint,True,pdfpaint issue9418.pdf opt e10s fission stylo webrender,4768710,77,ms,firefox,454440923,1873406497,2024-04-13 06:05:05,1408439,,,,,,,,,,,,,,,,,,,,,,,,,,,,,,,,,,,,,,,,,,,,,,,,,TN
23,1dc823d4e96db6fe0450fcb588466eff7038b4cc,0.40685380969741214,autoland,5096647,1,2d3b5580a91b8117c60610abfc447c7f4ca9b68e,windows10-64-shippable-qr,True,False,,,102210fe594ee9b33d82058545b1ed14f4c8206e,issue9418.pdf,pdfpaint,True,pdfpaint issue9418.pdf opt e10s fission stylo webrender,4768710,77,ms,firefox,454464310,1873511485,2024-04-13 20:36:37,1408512,,,,,,,,,,,,,,,,,,,,,,,,,,,,,,,,,,,,,,,,,,,,,,,,,TN
24,25a22c2f939167a119d912b3fe61312db879d576,0.2807145461173892,autoland,5096647,1,2d3b5580a91b8117c60610abfc447c7f4ca9b68e,windows10-64-shippable-qr,True,False,,,102210fe594ee9b33d82058545b1ed14f4c8206e,issue9418.pdf,pdfpaint,True,pdfpaint issue9418.pdf opt e10s fission stylo webrender,4768710,77,ms,firefox,454484824,1873659533,2024-04-14 12:41:18,1408562,,,,,,,,,,,,,,,,,,,,,,,,,,,,,,,,,,,,,,,,,,,,,,,,,TN
25,8c457b0d7626241855c3c025a2531eb5f00b8cfc,0.3357637623040466,autoland,5096647,1,2d3b5580a91b8117c60610abfc447c7f4ca9b68e,windows10-64-shippable-qr,True,False,,,102210fe594ee9b33d82058545b1ed14f4c8206e,issue9418.pdf,pdfpaint,True,pdfpaint issue9418.pdf opt e10s fission stylo webrender,4768710,77,ms,firefox,454506113,1873810127,2024-04-15 00:20:26,1408605,,,,,,,,,,,,,,,,,,,,,,,,,,,,,,,,,,,,,,,,,,,,,,,,,TN
26,4b17d2a2a7ae64b3c8d364d200a6b97cc636dffd,0.44586219467736043,autoland,5096647,1,2d3b5580a91b8117c60610abfc447c7f4ca9b68e,windows10-64-shippable-qr,True,False,,,102210fe594ee9b33d82058545b1ed14f4c8206e,issue9418.pdf,pdfpaint,True,pdfpaint issue9418.pdf opt e10s fission stylo webrender,4768710,77,ms,firefox,454512147,1873844894,2024-04-15 05:51:41,1408627,,,,,,,,,,,,,,,,,,,,,,,,,,,,,,,,,,,,,,,,,,,,,,,,,TN
27,177f569e862519d4372977ba20b630f95e24ef1c,0.44112285818447017,autoland,5096647,1,2d3b5580a91b8117c60610abfc447c7f4ca9b68e,windows10-64-shippable-qr,True,False,,,102210fe594ee9b33d82058545b1ed14f4c8206e,issue9418.pdf,pdfpaint,True,pdfpaint issue9418.pdf opt e10s fission stylo webrender,4768710,77,ms,firefox,454540201,1873978524,2024-04-15 10:25:42,1408738,,,,,,,,,,,,,,,,,,,,,,,,,,,,,,,,,,,,,,,,,,,,,,,,,TN
28,4897460458d13272e6016fd9e4c184c3c41cbd74,0.21873860736419992,autoland,5096647,1,2d3b5580a91b8117c60610abfc447c7f4ca9b68e,windows10-64-shippable-qr,True,False,,,102210fe594ee9b33d82058545b1ed14f4c8206e,issue9418.pdf,pdfpaint,True,pdfpaint issue9418.pdf opt e10s fission stylo webrender,4768710,77,ms,firefox,454575048,1874081367,2024-04-15 14:58:12,1408898,,,,,,,,,,,,,,,,,,,,,,,,,,,,,,,,,,,,,,,,,,,,,,,,,TN
29,d49ecc17e4ae83fbccee8ffbe50a119039d1e408,0.3893547211082753,autoland,5096647,1,2d3b5580a91b8117c60610abfc447c7f4ca9b68e,windows10-64-shippable-qr,True,False,,,102210fe594ee9b33d82058545b1ed14f4c8206e,issue9418.pdf,pdfpaint,True,pdfpaint issue9418.pdf opt e10s fission stylo webrender,4768710,77,ms,firefox,454611567,1874268573,2024-04-15 18:18:39,1409057,,,,,,,,,,,,,,,,,,,,,,,,,,,,,,,,,,,,,,,,,,,,,,,,,TN
30,8d488b7ac977a67ba128a580f6959fe058df2fe5,0.08530805687203813,autoland,5096647,1,2d3b5580a91b8117c60610abfc447c7f4ca9b68e,windows10-64-shippable-qr,True,False,,,102210fe594ee9b33d82058545b1ed14f4c8206e,issue9418.pdf,pdfpaint,True,pdfpaint issue9418.pdf opt e10s fission stylo webrender,4768710,77,ms,firefox,454619683,1874316202,2024-04-15 20:13:44,1409141,,,,,,,,,,,,,,,,,,,,,,,,,,,,,,,,,,,,,,,,,,,,,,,,,TN
31,547363a98ae60f0645c5cc21aeecffb7e0ddb047,0.425082026977762,autoland,5096647,1,2d3b5580a91b8117c60610abfc447c7f4ca9b68e,windows10-64-shippable-qr,True,False,,,102210fe594ee9b33d82058545b1ed14f4c8206e,issue9418.pdf,pdfpaint,True,pdfpaint issue9418.pdf opt e10s fission stylo webrender,4768710,77,ms,firefox,454632234,1874397782,2024-04-15 21:50:25,1409212,,,,,,,,,,,,,,,,,,,,,,,,,,,,,,,,,,,,,,,,,,,,,,,,,TN
32,5a31505f08c64efa6eb7a8ed02d5e9c0db448e37,0.18337586584032106,autoland,5096647,1,2d3b5580a91b8117c60610abfc447c7f4ca9b68e,windows10-64-shippable-qr,True,False,,,102210fe594ee9b33d82058545b1ed14f4c8206e,issue9418.pdf,pdfpaint,True,pdfpaint issue9418.pdf opt e10s fission stylo webrender,4768710,77,ms,firefox,454646271,1874451579,2024-04-16 00:41:18,1409277,,,,,,,,,,,,,,,,,,,,,,,,,,,,,,,,,,,,,,,,,,,,,,,,,TN
33,69a1a1d802b357216fef131d6ad99816defddc1f,0.6780896828290199,autoland,5096647,1,2d3b5580a91b8117c60610abfc447c7f4ca9b68e,windows10-64-shippable-qr,True,False,,,102210fe594ee9b33d82058545b1ed14f4c8206e,issue9418.pdf,pdfpaint,True,pdfpaint issue9418.pdf opt e10s fission stylo webrender,4768710,77,ms,firefox,454675884,1874579269,2024-04-16 05:04:40,1409360,,,,,,,,,,,,,,,,,,,,,,,,,,,,,,,,,,,,,,,,,,,,,,,,,TN
34,2949cb403e680d76f7bcb101117ceefeb480b064,0.14947138169886998,autoland,5096647,1,2d3b5580a91b8117c60610abfc447c7f4ca9b68e,windows10-64-shippable-qr,True,False,,,102210fe594ee9b33d82058545b1ed14f4c8206e,issue9418.pdf,pdfpaint,True,pdfpaint issue9418.pdf opt e10s fission stylo webrender,4768710,77,ms,firefox,454698507,1874647758,2024-04-16 09:18:49,1409480,,,,,,,,,,,,,,,,,,,,,,,,,,,,,,,,,,,,,,,,,,,,,,,,,TN
35,11d1c89ad8b2dad0cee1caf733cd833e448945eb,0.4403937294932554,autoland,5096647,1,2d3b5580a91b8117c60610abfc447c7f4ca9b68e,windows10-64-shippable-qr,True,False,,,102210fe594ee9b33d82058545b1ed14f4c8206e,issue9418.pdf,pdfpaint,True,pdfpaint issue9418.pdf opt e10s fission stylo webrender,4768710,77,ms,firefox,454713913,1874716961,2024-04-16 13:28:04,1409649,,,,,,,,,,,,,,,,,,,,,,,,,,,,,,,,,,,,,,,,,,,,,,,,,TN
36,12c7f0b00cd7ce4e2edde6ff37daf12e807388b1,0.32446226759022956,autoland,5096647,1,2d3b5580a91b8117c60610abfc447c7f4ca9b68e,windows10-64-shippable-qr,True,False,,,102210fe594ee9b33d82058545b1ed14f4c8206e,issue9418.pdf,pdfpaint,True,pdfpaint issue9418.pdf opt e10s fission stylo webrender,4768710,77,ms,firefox,454741441,1874897562,2024-04-16 17:33:30,1409875,,,,,,,,,,,,,,,,,,,,,,,,,,,,,,,,,,,,,,,,,,,,,,,,,TN
37,852d3945e38d8d16c4cf17918e862882d7ef363c,0.0816624134159678,autoland,5096647,1,2d3b5580a91b8117c60610abfc447c7f4ca9b68e,windows10-64-shippable-qr,True,False,,,102210fe594ee9b33d82058545b1ed14f4c8206e,issue9418.pdf,pdfpaint,True,pdfpaint issue9418.pdf opt e10s fission stylo webrender,4768710,77,ms,firefox,454760307,1874974556,2024-04-16 20:13:25,1409984,,,,,,,,,,,,,,,,,,,,,,,,,,,,,,,,,,,,,,,,,,,,,,,,,TN
38,3f5bf473ca3cf95233298d16ad833028500755e6,0.10645278891724352,autoland,5096647,1,2d3b5580a91b8117c60610abfc447c7f4ca9b68e,windows10-64-shippable-qr,True,False,,,102210fe594ee9b33d82058545b1ed14f4c8206e,issue9418.pdf,pdfpaint,True,pdfpaint issue9418.pdf opt e10s fission stylo webrender,4768710,77,ms,firefox,454778063,1875066073,2024-04-17 00:00:12,1410132,,,,,,,,,,,,,,,,,,,,,,,,,,,,,,,,,,,,,,,,,,,,,,,,,TN
39,7900ea0538965c6aba695fd896a6e2833d781007,0.24717462632154596,autoland,5096647,1,2d3b5580a91b8117c60610abfc447c7f4ca9b68e,windows10-64-shippable-qr,True,False,,,102210fe594ee9b33d82058545b1ed14f4c8206e,issue9418.pdf,pdfpaint,True,pdfpaint issue9418.pdf opt e10s fission stylo webrender,4768710,77,ms,firefox,454795192,1875186496,2024-04-17 04:14:52,1410204,,,,,,,,,,,,,,,,,,,,,,,,,,,,,,,,,,,,,,,,,,,,,,,,,TN
40,acabdf625d68e5d96c49e0eebb5c71f4286e5ffd,0.25300765585125795,autoland,5096647,1,2d3b5580a91b8117c60610abfc447c7f4ca9b68e,windows10-64-shippable-qr,True,False,,,102210fe594ee9b33d82058545b1ed14f4c8206e,issue9418.pdf,pdfpaint,True,pdfpaint issue9418.pdf opt e10s fission stylo webrender,4768710,77,ms,firefox,454825550,1875296124,2024-04-17 08:24:06,1410333,,,,,,,,,,,,,,,,,,,,,,,,,,,,,,,,,,,,,,,,,,,,,,,,,TN
41,57f6925a520cf97f4af35e42db00435e817475dc,0.425082026977762,autoland,5096647,1,2d3b5580a91b8117c60610abfc447c7f4ca9b68e,windows10-64-shippable-qr,True,False,,,102210fe594ee9b33d82058545b1ed14f4c8206e,issue9418.pdf,pdfpaint,True,pdfpaint issue9418.pdf opt e10s fission stylo webrender,4768710,77,ms,firefox,454874167,1875475864,2024-04-17 13:57:03,1410569,,,,,,,,,,,,,,,,,,,,,,,,,,,,,,,,,,,,,,,,,,,,,,,,,TN
42,25500210a453fec07cc9d95612bbe778bae07f71,0.32446226759022956,autoland,5096647,1,2d3b5580a91b8117c60610abfc447c7f4ca9b68e,windows10-64-shippable-qr,True,False,,,102210fe594ee9b33d82058545b1ed14f4c8206e,issue9418.pdf,pdfpaint,True,pdfpaint issue9418.pdf opt e10s fission stylo webrender,4768710,77,ms,firefox,454897092,1875566073,2024-04-17 18:33:15,1410800,,,,,,,,,,,,,,,,,,,,,,,,,,,,,,,,,,,,,,,,,,,,,,,,,TN
43,1bf7d54b4913d7994ed2ce4b07f0426fc70b4b7e,0.3138899015676264,autoland,5096647,1,2d3b5580a91b8117c60610abfc447c7f4ca9b68e,windows10-64-shippable-qr,True,False,,,102210fe594ee9b33d82058545b1ed14f4c8206e,issue9418.pdf,pdfpaint,True,pdfpaint issue9418.pdf opt e10s fission stylo webrender,4768710,77,ms,firefox,454938580,1875734268,2024-04-18 00:20:10,1411120,,,,,,,,,,,,,,,,,,,,,,,,,,,,,,,,,,,,,,,,,,,,,,,,,TN
44,12adf93b9ad4085d4f0b493c368533bb040dce46,0.09588042289464127,autoland,5096647,1,2d3b5580a91b8117c60610abfc447c7f4ca9b68e,windows10-64-shippable-qr,True,False,,,102210fe594ee9b33d82058545b1ed14f4c8206e,issue9418.pdf,pdfpaint,True,pdfpaint issue9418.pdf opt e10s fission stylo webrender,4768710,77,ms,firefox,454954528,1875806158,2024-04-18 03:49:51,1411204,,,,,,,,,,,,,,,,,,,,,,,,,,,,,,,,,,,,,,,,,,,,,,,,,TN
45,d4cde5148929d0d9587580bca2d37027d7424348,0.27670433831571284,autoland,5096647,1,2d3b5580a91b8117c60610abfc447c7f4ca9b68e,windows10-64-shippable-qr,True,False,,,102210fe594ee9b33d82058545b1ed14f4c8206e,issue9418.pdf,pdfpaint,True,pdfpaint issue9418.pdf opt e10s fission stylo webrender,4768710,77,ms,firefox,454970484,1875910285,2024-04-18 07:53:55,1411277,,,,,,,,,,,,,,,,,,,,,,,,,,,,,,,,,,,,,,,,,,,,,,,,,TN
46,123e0c272c21270c6f9a5e2fca3bfbc72c7b5ef9,0.3324826831935841,autoland,5096647,1,2d3b5580a91b8117c60610abfc447c7f4ca9b68e,windows10-64-shippable-qr,True,False,,,102210fe594ee9b33d82058545b1ed14f4c8206e,issue9418.pdf,pdfpaint,True,pdfpaint issue9418.pdf opt e10s fission stylo webrender,4768710,77,ms,firefox,455011235,1876081550,2024-04-18 12:14:33,1411435,,,,,,,,,,,,,,,,,,,,,,,,,,,,,,,,,,,,,,,,,,,,,,,,,TN
47,257d3013546c7ec40031343c459162a0b69fa6f2,0.10900473933649213,autoland,5096647,1,2d3b5580a91b8117c60610abfc447c7f4ca9b68e,windows10-64-shippable-qr,True,False,,,102210fe594ee9b33d82058545b1ed14f4c8206e,issue9418.pdf,pdfpaint,True,pdfpaint issue9418.pdf opt e10s fission stylo webrender,4768710,77,ms,firefox,455046908,1876230612,2024-04-18 15:42:46,1411573,,,,,,,,,,,,,,,,,,,,,,,,,,,,,,,,,,,,,,,,,,,,,,,,,TN
48,0f5d446707971afc1fab01c0a28b208101241b8a,0.23988333940940532,autoland,5096647,1,2d3b5580a91b8117c60610abfc447c7f4ca9b68e,windows10-64-shippable-qr,True,False,,,102210fe594ee9b33d82058545b1ed14f4c8206e,issue9418.pdf,pdfpaint,True,pdfpaint issue9418.pdf opt e10s fission stylo webrender,4768710,77,ms,firefox,455065601,1876303117,2024-04-18 18:28:28,1411727,,,,,,,,,,,,,,,,,,,,,,,,,,,,,,,,,,,,,,,,,,,,,,,,,TN
49,eed297665148d999a1c59d7d6e66f6973e0dd84c,0.12650382792562898,autoland,5096647,1,2d3b5580a91b8117c60610abfc447c7f4ca9b68e,windows10-64-shippable-qr,True,False,,,102210fe594ee9b33d82058545b1ed14f4c8206e,issue9418.pdf,pdfpaint,True,pdfpaint issue9418.pdf opt e10s fission stylo webrender,4768710,77,ms,firefox,455087833,1876445325,2024-04-18 21:15:15,1411845,,,,,,,,,,,,,,,,,,,,,,,,,,,,,,,,,,,,,,,,,,,,,,,,,TN
50,3e097fca93b9af809ad16ed1d5f0bdd874f8f8e2,0.29711994166970435,autoland,5096647,1,2d3b5580a91b8117c60610abfc447c7f4ca9b68e,windows10-64-shippable-qr,True,False,,,102210fe594ee9b33d82058545b1ed14f4c8206e,issue9418.pdf,pdfpaint,True,pdfpaint issue9418.pdf opt e10s fission stylo webrender,4768710,77,ms,firefox,455109568,1876632869,2024-04-19 01:55:54,1411981,,,,,,,,,,,,,,,,,,,,,,,,,,,,,,,,,,,,,,,,,,,,,,,,,TN
51,99364906cd1d11016d0fc2dc03a8b7fd11705aa4,0.37440758293838794,autoland,5096647,1,2d3b5580a91b8117c60610abfc447c7f4ca9b68e,windows10-64-shippable-qr,True,False,,,102210fe594ee9b33d82058545b1ed14f4c8206e,issue9418.pdf,pdfpaint,True,pdfpaint issue9418.pdf opt e10s fission stylo webrender,4768710,77,ms,firefox,455119983,1876793263,2024-04-19 06:08:52,1412057,,,,,,,,,,,,,,,,,,,,,,,,,,,,,,,,,,,,,,,,,,,,,,,,,TN
52,465ebfc7da3d3a6de812574016249ab37ab8605c,0.2150929639081296,autoland,5096647,1,2d3b5580a91b8117c60610abfc447c7f4ca9b68e,windows10-64-shippable-qr,True,False,,,102210fe594ee9b33d82058545b1ed14f4c8206e,issue9418.pdf,pdfpaint,True,pdfpaint issue9418.pdf opt e10s fission stylo webrender,4768710,77,ms,firefox,455148196,1876960097,2024-04-19 10:27:22,1412150,,,,,,,,,,,,,,,,,,,,,,,,,,,,,,,,,,,,,,,,,,,,,,,,,TN
53,4b196ac64ccbf1061ee2c2835e31fe8b071b9099,0.4958075100255197,autoland,5096647,1,2d3b5580a91b8117c60610abfc447c7f4ca9b68e,windows10-64-shippable-qr,True,False,,,102210fe594ee9b33d82058545b1ed14f4c8206e,issue9418.pdf,pdfpaint,True,pdfpaint issue9418.pdf opt e10s fission stylo webrender,4768710,77,ms,firefox,455185462,1877088349,2024-04-19 14:48:08,1412270,,,,,,,,,,,,,,,,,,,,,,,,,,,,,,,,,,,,,,,,,,,,,,,,,TN
54,cf54488baa94dff90075eb1c2e96afc7353a4eee,0.2245716368939119,autoland,5096647,1,2d3b5580a91b8117c60610abfc447c7f4ca9b68e,windows10-64-shippable-qr,True,False,,,102210fe594ee9b33d82058545b1ed14f4c8206e,issue9418.pdf,pdfpaint,True,pdfpaint issue9418.pdf opt e10s fission stylo webrender,4768710,77,ms,firefox,455215130,1877260516,2024-04-19 18:48:31,1412477,,,,,,,,,,,,,,,,,,,,,,,,,,,,,,,,,,,,,,,,,,,,,,,,,TN
55,fd56e5907d69d8a14032cc7ec308f013a266ee16,0.2712358731316078,autoland,5096647,1,2d3b5580a91b8117c60610abfc447c7f4ca9b68e,windows10-64-shippable-qr,True,False,,,102210fe594ee9b33d82058545b1ed14f4c8206e,issue9418.pdf,pdfpaint,True,pdfpaint issue9418.pdf opt e10s fission stylo webrender,4768710,77,ms,firefox,455243085,1877430120,2024-04-19 22:58:06,1412613,,,,,,,,,,,,,,,,,,,,,,,,,,,,,,,,,,,,,,,,,,,,,,,,,TN
56,4797f0a19ccc6dca6f6aa6710f76967e23ba6276,0.30915056507473526,autoland,5096647,1,2d3b5580a91b8117c60610abfc447c7f4ca9b68e,windows10-64-shippable-qr,True,False,,,102210fe594ee9b33d82058545b1ed14f4c8206e,issue9418.pdf,pdfpaint,True,pdfpaint issue9418.pdf opt e10s fission stylo webrender,4768710,77,ms,firefox,455253606,1877508952,2024-04-20 05:31:24,1412701,,,,,,,,,,,,,,,,,,,,,,,,,,,,,,,,,,,,,,,,,,,,,,,,,TN
57,f5d9ea237d971478f314e77299398079989b786c,0.1097338680277069,autoland,5096647,1,2d3b5580a91b8117c60610abfc447c7f4ca9b68e,windows10-64-shippable-qr,True,False,,,102210fe594ee9b33d82058545b1ed14f4c8206e,issue9418.pdf,pdfpaint,True,pdfpaint issue9418.pdf opt e10s fission stylo webrender,4768710,77,ms,firefox,455283740,1877626935,2024-04-20 15:42:35,1412749,,,,,,,,,,,,,,,,,,,,,,,,,,,,,,,,,,,,,,,,,,,,,,,,,TN
58,65ceed609eb489d653eefc7e22fa34f869027a26,0.3886255924170623,autoland,5096647,1,2d3b5580a91b8117c60610abfc447c7f4ca9b68e,windows10-64-shippable-qr,True,False,,,102210fe594ee9b33d82058545b1ed14f4c8206e,issue9418.pdf,pdfpaint,True,pdfpaint issue9418.pdf opt e10s fission stylo webrender,4768710,77,ms,firefox,455289504,1877668653,2024-04-21 00:18:25,1412781,,,,,,,,,,,,,,,,,,,,,,,,,,,,,,,,,,,,,,,,,,,,,,,,,TN
59,400d4e6908a3aef8f83ae4db204d62e3e028f704,0.34998177178272005,autoland,5096647,1,2d3b5580a91b8117c60610abfc447c7f4ca9b68e,windows10-64-shippable-qr,True,False,,,102210fe594ee9b33d82058545b1ed14f4c8206e,issue9418.pdf,pdfpaint,True,pdfpaint issue9418.pdf opt e10s fission stylo webrender,4768710,77,ms,firefox,455326030,1877866036,2024-04-21 21:40:30,1412843,,,,,,,,,,,,,,,,,,,,,,,,,,,,,,,,,,,,,,,,,,,,,,,,,TN
60,d4a6129fdbbe32300d5069df6ce47dd92f665c96,0.16697047028800593,autoland,5096647,1,2d3b5580a91b8117c60610abfc447c7f4ca9b68e,windows10-64-shippable-qr,True,False,,,102210fe594ee9b33d82058545b1ed14f4c8206e,issue9418.pdf,pdfpaint,True,pdfpaint issue9418.pdf opt e10s fission stylo webrender,4768710,77,ms,firefox,455334835,1877948988,2024-04-22 04:00:04,1412913,,,,,,,,,,,,,,,,,,,,,,,,,,,,,,,,,,,,,,,,,,,,,,,,,TN
61,5a83d047329402d960e6c402c6deb27927a436c9,0.1257746992344151,autoland,5096647,1,2d3b5580a91b8117c60610abfc447c7f4ca9b68e,windows10-64-shippable-qr,True,False,,,102210fe594ee9b33d82058545b1ed14f4c8206e,issue9418.pdf,pdfpaint,True,pdfpaint issue9418.pdf opt e10s fission stylo webrender,4768710,77,ms,firefox,455348856,1878018749,2024-04-22 08:07:09,1412944,,,,,,,,,,,,,,,,,,,,,,,,,,,,,,,,,,,,,,,,,,,,,,,,,TN
62,1c34b0b26d5a556ee695c70bd744ca9f129f456e,0.5953335763762304,autoland,5096647,1,2d3b5580a91b8117c60610abfc447c7f4ca9b68e,windows10-64-shippable-qr,True,False,,,102210fe594ee9b33d82058545b1ed14f4c8206e,issue9418.pdf,pdfpaint,True,pdfpaint issue9418.pdf opt e10s fission stylo webrender,4768710,77,ms,firefox,455389473,1878170596,2024-04-22 12:07:57,1413048,,,,,,,,,,,,,,,,,,,,,,,,,,,,,,,,,,,,,,,,,,,,,,,,,TN
63,ed724b89a2c25252a6eab99f0fa48f85f2523b66,0.37550127597520966,autoland,5096647,1,2d3b5580a91b8117c60610abfc447c7f4ca9b68e,windows10-64-shippable-qr,True,False,,,102210fe594ee9b33d82058545b1ed14f4c8206e,issue9418.pdf,pdfpaint,True,pdfpaint issue9418.pdf opt e10s fission stylo webrender,4768710,77,ms,firefox,455437948,1878359249,2024-04-22 19:20:17,1413379,,,,,,,,,,,,,,,,,,,,,,,,,,,,,,,,,,,,,,,,,,,,,,,,,TN
64,294255d7250372c7cd6256cb6d1da23325d1f728,0.43419613561793646,autoland,5096647,1,2d3b5580a91b8117c60610abfc447c7f4ca9b68e,windows10-64-shippable-qr,True,False,,,102210fe594ee9b33d82058545b1ed14f4c8206e,issue9418.pdf,pdfpaint,True,pdfpaint issue9418.pdf opt e10s fission stylo webrender,4768710,77,ms,firefox,455469789,1878516720,2024-04-22 23:20:55,1413581,,,,,,,,,,,,,,,,,,,,,,,,,,,,,,,,,,,,,,,,,,,,,,,,,TN
65,074d29b6e81d7fbf5ac7dea664ffea6a59b41b80,0.6183011301494714,autoland,5096647,1,2d3b5580a91b8117c60610abfc447c7f4ca9b68e,windows10-64-shippable-qr,True,False,,,102210fe594ee9b33d82058545b1ed14f4c8206e,issue9418.pdf,pdfpaint,True,pdfpaint issue9418.pdf opt e10s fission stylo webrender,4768710,77,ms,firefox,455487985,1878644037,2024-04-23 03:59:43,1413693,,,,,,,,,,,,,,,,,,,,,,,,,,,,,,,,,,,,,,,,,,,,,,,,,TN
66,5519716422b3e14060894caded45bac7a3aeb773,0.38133430550492164,autoland,5096647,1,2d3b5580a91b8117c60610abfc447c7f4ca9b68e,windows10-64-shippable-qr,True,False,,,102210fe594ee9b33d82058545b1ed14f4c8206e,issue9418.pdf,pdfpaint,True,pdfpaint issue9418.pdf opt e10s fission stylo webrender,4768710,77,ms,firefox,455500564,1878736528,2024-04-23 08:01:00,1413770,,,,,,,,,,,,,,,,,,,,,,,,,,,,,,,,,,,,,,,,,,,,,,,,,TN
67,d0b5d121d8fc8ffddbec3e026a455ecfe0071347,0.3649289099526065,autoland,5096647,1,2d3b5580a91b8117c60610abfc447c7f4ca9b68e,windows10-64-shippable-qr,True,False,,,102210fe594ee9b33d82058545b1ed14f4c8206e,issue9418.pdf,pdfpaint,True,pdfpaint issue9418.pdf opt e10s fission stylo webrender,4768710,77,ms,firefox,455540619,1878880588,2024-04-23 11:54:58,1413921,,,,,,,,,,,,,,,,,,,,,,,,,,,,,,,,,,,,,,,,,,,,,,,,,TN
68,058dc2e8394c7361874508e49f2bbbfc3173f1a9,0.10353627415238797,autoland,5096647,1,2d3b5580a91b8117c60610abfc447c7f4ca9b68e,windows10-64-shippable-qr,True,False,,,102210fe594ee9b33d82058545b1ed14f4c8206e,issue9418.pdf,pdfpaint,True,pdfpaint issue9418.pdf opt e10s fission stylo webrender,4768710,77,ms,firefox,455563225,1879040923,2024-04-23 15:44:45,1414120,,,,,,,,,,,,,,,,,,,,,,,,,,,,,,,,,,,,,,,,,,,,,,,,,TN
69,1c40eb01d534a1c361c5c6fe0b3fdc64aed2c883,0.3547211082756103,autoland,5096647,1,2d3b5580a91b8117c60610abfc447c7f4ca9b68e,windows10-64-shippable-qr,True,False,,,102210fe594ee9b33d82058545b1ed14f4c8206e,issue9418.pdf,pdfpaint,True,pdfpaint issue9418.pdf opt e10s fission stylo webrender,4768710,77,ms,firefox,455587453,1879204055,2024-04-23 18:21:27,1414216,,,,,,,,,,,,,,,,,,,,,,,,,,,,,,,,,,,,,,,,,,,,,,,,,TN
70,b516592332299274cdbcfd113f1d8a97cc0ee8af,0.471017134524244,autoland,5096647,1,2d3b5580a91b8117c60610abfc447c7f4ca9b68e,windows10-64-shippable-qr,True,False,,,102210fe594ee9b33d82058545b1ed14f4c8206e,issue9418.pdf,pdfpaint,True,pdfpaint issue9418.pdf opt e10s fission stylo webrender,4768710,77,ms,firefox,455614429,1879336030,2024-04-23 22:59:53,1414419,,,,,,,,,,,,,,,,,,,,,,,,,,,,,,,,,,,,,,,,,,,,,,,,,TN
71,3de3f9428f138bf269718fceb36c5112a195ca37,0.1633248268319356,autoland,5096647,1,2d3b5580a91b8117c60610abfc447c7f4ca9b68e,windows10-64-shippable-qr,True,False,,,102210fe594ee9b33d82058545b1ed14f4c8206e,issue9418.pdf,pdfpaint,True,pdfpaint issue9418.pdf opt e10s fission stylo webrender,4768710,77,ms,firefox,455629132,1879412640,2024-04-24 03:55:37,1414529,,,,,,,,,,,,,,,,,,,,,,,,,,,,,,,,,,,,,,,,,,,,,,,,,TN
72,fd7d96cffddb9a76a1ecc148c3b284e8003fe6b9,0.4123222748815172,autoland,5096647,1,2d3b5580a91b8117c60610abfc447c7f4ca9b68e,windows10-64-shippable-qr,True,False,,,102210fe594ee9b33d82058545b1ed14f4c8206e,issue9418.pdf,pdfpaint,True,pdfpaint issue9418.pdf opt e10s fission stylo webrender,4768710,77,ms,firefox,455653729,1879580101,2024-04-24 07:56:15,1414632,,,,,,,,,,,,,,,,,,,,,,,,,,,,,,,,,,,,,,,,,,,,,,,,,TN
73,87963547052db96296ae50e55c8266cbfc3bd922,0.4334670069267226,autoland,5096647,1,2d3b5580a91b8117c60610abfc447c7f4ca9b68e,windows10-64-shippable-qr,True,False,,,102210fe594ee9b33d82058545b1ed14f4c8206e,issue9418.pdf,pdfpaint,True,pdfpaint issue9418.pdf opt e10s fission stylo webrender,4768710,77,ms,firefox,455698938,1879774058,2024-04-24 12:15:38,1414844,,,,,,,,,,,,,,,,,,,,,,,,,,,,,,,,,,,,,,,,,,,,,,,,,TN
74,ec5140ea1b1384a44d1ce6e0271fc97472399e96,0.40867663142544597,autoland,5096647,1,2d3b5580a91b8117c60610abfc447c7f4ca9b68e,windows10-64-shippable-qr,True,False,,,102210fe594ee9b33d82058545b1ed14f4c8206e,issue9418.pdf,pdfpaint,True,pdfpaint issue9418.pdf opt e10s fission stylo webrender,4768710,77,ms,firefox,455758090,141780,2024-04-25 00:20:54,1415370,,,,,,,,,,,,,,,,,,,,,,,,,,,,,,,,,,,,,,,,,,,,,,,,,TN
75,cffa531d3b2e833bda2b3f035d37edb92f838428,0.2526430915056501,autoland,5096647,1,2d3b5580a91b8117c60610abfc447c7f4ca9b68e,windows10-64-shippable-qr,True,False,,,102210fe594ee9b33d82058545b1ed14f4c8206e,issue9418.pdf,pdfpaint,True,pdfpaint issue9418.pdf opt e10s fission stylo webrender,4768710,77,ms,firefox,455774718,214361,2024-04-25 02:34:18,1415633,,,,,,,,,,,,,,,,,,,,,,,,,,,,,,,,,,,,,,,,,,,,,,,,,TN
76,792c9892791495e8f13e77e5a78bfda83ab7a455,0.333211811884798,autoland,5096647,1,2d3b5580a91b8117c60610abfc447c7f4ca9b68e,windows10-64-shippable-qr,True,False,,,102210fe594ee9b33d82058545b1ed14f4c8206e,issue9418.pdf,pdfpaint,True,pdfpaint issue9418.pdf opt e10s fission stylo webrender,4768710,77,ms,firefox,455789756,310719,2024-04-25 05:01:58,1415718,,,,,,,,,,,,,,,,,,,,,,,,,,,,,,,,,,,,,,,,,,,,,,,,,TN
77,5b0d6bb6f3780aaf074d79548381fd6e7a565b85,0.09405760116660566,autoland,5096647,1,2d3b5580a91b8117c60610abfc447c7f4ca9b68e,windows10-64-shippable-qr,True,False,,,102210fe594ee9b33d82058545b1ed14f4c8206e,issue9418.pdf,pdfpaint,True,pdfpaint issue9418.pdf opt e10s fission stylo webrender,4768710,77,ms,firefox,455809300,473449,2024-04-25 09:09:49,1415822,,,,,,,,,,,,,,,,,,,,,,,,,,,,,,,,,,,,,,,,,,,,,,,,,TN
78,88f7b12683ce863c6ca742ac14e176ee045383bd,0.22602989427633968,autoland,5096647,1,2d3b5580a91b8117c60610abfc447c7f4ca9b68e,windows10-64-shippable-qr,True,False,,,102210fe594ee9b33d82058545b1ed14f4c8206e,issue9418.pdf,pdfpaint,True,pdfpaint issue9418.pdf opt e10s fission stylo webrender,4768710,77,ms,firefox,455865212,681141,2024-04-25 13:10:04,1416008,,,,,,,,,,,,,,,,,,,,,,,,,,,,,,,,,,,,,,,,,,,,,,,,,TN
79,6611338ffbdafbbc5b82211b1c255353bdb30763,0.4695588771418162,autoland,5096647,1,2d3b5580a91b8117c60610abfc447c7f4ca9b68e,windows10-64-shippable-qr,True,False,,,102210fe594ee9b33d82058545b1ed14f4c8206e,issue9418.pdf,pdfpaint,True,pdfpaint issue9418.pdf opt e10s fission stylo webrender,4768710,77,ms,firefox,455879461,759259,2024-04-25 16:29:00,1416183,,,,,,,,,,,,,,,,,,,,,,,,,,,,,,,,,,,,,,,,,,,,,,,,,TN
80,6a497992821d53c3704819a4f43c6a7d3234c5a2,0.42289464090411943,autoland,5096647,1,2d3b5580a91b8117c60610abfc447c7f4ca9b68e,windows10-64-shippable-qr,True,False,,,102210fe594ee9b33d82058545b1ed14f4c8206e,issue9418.pdf,pdfpaint,True,pdfpaint issue9418.pdf opt e10s fission stylo webrender,4768710,77,ms,firefox,455929341,939819,2024-04-25 21:12:20,1416361,,,,,,,,,,,,,,,,,,,,,,,,,,,,,,,,,,,,,,,,,,,,,,,,,TN
81,b89431ee0f24bcb481d894ad21288e4f09e1960d,0.14947138169886998,autoland,5096647,1,2d3b5580a91b8117c60610abfc447c7f4ca9b68e,windows10-64-shippable-qr,True,False,,,102210fe594ee9b33d82058545b1ed14f4c8206e,issue9418.pdf,pdfpaint,True,pdfpaint issue9418.pdf opt e10s fission stylo webrender,4768710,77,ms,firefox,455944156,1024241,2024-04-26 01:33:24,1416487,,,,,,,,,,,,,,,,,,,,,,,,,,,,,,,,,,,,,,,,,,,,,,,,,TN
82,ed2448d27fe2e034cd5804dc7310c3f72ac2eaa5,0.28034998177178316,autoland,5096647,1,2d3b5580a91b8117c60610abfc447c7f4ca9b68e,windows10-64-shippable-qr,True,False,,,102210fe594ee9b33d82058545b1ed14f4c8206e,issue9418.pdf,pdfpaint,True,pdfpaint issue9418.pdf opt e10s fission stylo webrender,4768710,77,ms,firefox,455960913,1139193,2024-04-26 05:34:38,1416537,,,,,,,,,,,,,,,,,,,,,,,,,,,,,,,,,,,,,,,,,,,,,,,,,TN
83,c8be3827903b85cfb4313957b4f308f696d3b0fe,0.14072183740430155,autoland,5096647,1,2d3b5580a91b8117c60610abfc447c7f4ca9b68e,windows10-64-shippable-qr,True,False,,,102210fe594ee9b33d82058545b1ed14f4c8206e,issue9418.pdf,pdfpaint,True,pdfpaint issue9418.pdf opt e10s fission stylo webrender,4768710,77,ms,firefox,455998471,1304599,2024-04-26 09:39:43,1416671,,,,,,,,,,,,,,,,,,,,,,,,,,,,,,,,,,,,,,,,,,,,,,,,,TN
84,462f013c08cacd7abfae1f2d1bf26354372a829f,0.3350346336128327,autoland,5096647,1,2d3b5580a91b8117c60610abfc447c7f4ca9b68e,windows10-64-shippable-qr,True,False,,,102210fe594ee9b33d82058545b1ed14f4c8206e,issue9418.pdf,pdfpaint,True,pdfpaint issue9418.pdf opt e10s fission stylo webrender,4768710,77,ms,firefox,456031080,1421890,2024-04-26 13:51:38,1416831,,,,,,,,,,,,,,,,,,,,,,,,,,,,,,,,,,,,,,,,,,,,,,,,,TN
85,ed101e266315213d1ad0a423c49bade6ff5df172,0.18847976667882094,autoland,5096647,1,2d3b5580a91b8117c60610abfc447c7f4ca9b68e,windows10-64-shippable-qr,True,False,,,102210fe594ee9b33d82058545b1ed14f4c8206e,issue9418.pdf,pdfpaint,True,pdfpaint issue9418.pdf opt e10s fission stylo webrender,4768710,77,ms,firefox,456055956,1536170,2024-04-26 17:53:01,1417003,,,,,,,,,,,,,,,,,,,,,,,,,,,,,,,,,,,,,,,,,,,,,,,,,TN
86,7b85c82d731ddab976c6abe7e54685cacaebba41,0.06525701786365268,autoland,5096647,1,2d3b5580a91b8117c60610abfc447c7f4ca9b68e,windows10-64-shippable-qr,True,False,,,102210fe594ee9b33d82058545b1ed14f4c8206e,issue9418.pdf,pdfpaint,True,pdfpaint issue9418.pdf opt e10s fission stylo webrender,4768710,77,ms,firefox,456082648,1667596,2024-04-26 22:54:36,1417188,,,,,,,,,,,,,,,,,,,,,,,,,,,,,,,,,,,,,,,,,,,,,,,,,TN
87,45defed78aafc90410c68310027bf771bcfc5968,0.14290922347794321,autoland,5096647,1,2d3b5580a91b8117c60610abfc447c7f4ca9b68e,windows10-64-shippable-qr,True,False,,,102210fe594ee9b33d82058545b1ed14f4c8206e,issue9418.pdf,pdfpaint,True,pdfpaint issue9418.pdf opt e10s fission stylo webrender,4768710,77,ms,firefox,456094332,1752272,2024-04-27 03:46:15,1417229,,,,,,,,,,,,,,,,,,,,,,,,,,,,,,,,,,,,,,,,,,,,,,,,,TN
88,b694b588a2936a5c99a0ecf2d9d8fb6382a2bff4,0.29967189208895384,autoland,5096647,1,2d3b5580a91b8117c60610abfc447c7f4ca9b68e,windows10-64-shippable-qr,True,False,,,102210fe594ee9b33d82058545b1ed14f4c8206e,issue9418.pdf,pdfpaint,True,pdfpaint issue9418.pdf opt e10s fission stylo webrender,4768710,77,ms,firefox,456116440,1849170,2024-04-27 10:47:32,1417256,,,,,,,,,,,,,,,,,,,,,,,,,,,,,,,,,,,,,,,,,,,,,,,,,TN
89,69bb72420e433fa8d66fff354e5ce90402289ac1,0.17863652934742902,autoland,5096647,1,2d3b5580a91b8117c60610abfc447c7f4ca9b68e,windows10-64-shippable-qr,True,False,,,102210fe594ee9b33d82058545b1ed14f4c8206e,issue9418.pdf,pdfpaint,True,pdfpaint issue9418.pdf opt e10s fission stylo webrender,4768710,77,ms,firefox,456136478,1946834,2024-04-27 18:43:51,1417294,,,,,,,,,,,,,,,,,,,,,,,,,,,,,,,,,,,,,,,,,,,,,,,,,TN
90,8256dde0533523666a60914881f81717e1705f8a,0.37550127597520966,autoland,5096647,1,2d3b5580a91b8117c60610abfc447c7f4ca9b68e,windows10-64-shippable-qr,True,False,,,102210fe594ee9b33d82058545b1ed14f4c8206e,issue9418.pdf,pdfpaint,True,pdfpaint issue9418.pdf opt e10s fission stylo webrender,4768710,77,ms,firefox,456151323,2016639,2024-04-27 22:45:22,1417317,,,,,,,,,,,,,,,,,,,,,,,,,,,,,,,,,,,,,,,,,,,,,,,,,TN
91,d1651fe33156a2aab5884ab1eaaaa8c5dd64631d,0.45023696682464465,autoland,5096647,1,2d3b5580a91b8117c60610abfc447c7f4ca9b68e,windows10-64-shippable-qr,True,False,,,102210fe594ee9b33d82058545b1ed14f4c8206e,issue9418.pdf,pdfpaint,True,pdfpaint issue9418.pdf opt e10s fission stylo webrender,4768710,77,ms,firefox,456157174,2046862,2024-04-28 03:23:06,1417329,,,,,,,,,,,,,,,,,,,,,,,,,,,,,,,,,,,,,,,,,,,,,,,,,TN
92,e479324bc8bb9135d7a48ad8ebc677725f27de37,0.36091870215092925,autoland,5096647,1,2d3b5580a91b8117c60610abfc447c7f4ca9b68e,windows10-64-shippable-qr,True,False,,,102210fe594ee9b33d82058545b1ed14f4c8206e,issue9418.pdf,pdfpaint,True,pdfpaint issue9418.pdf opt e10s fission stylo webrender,4768710,77,ms,firefox,456181137,2148781,2024-04-28 10:04:44,1417378,,,,,,,,,,,,,,,,,,,,,,,,,,,,,,,,,,,,,,,,,,,,,,,,,TN
93,f157e5d64220507743654737cdd9b5e74f4f3ed5,0.6773605541378052,autoland,5096647,1,2d3b5580a91b8117c60610abfc447c7f4ca9b68e,windows10-64-shippable-qr,True,False,,,102210fe594ee9b33d82058545b1ed14f4c8206e,issue9418.pdf,pdfpaint,True,pdfpaint issue9418.pdf opt e10s fission stylo webrender,4768710,77,ms,firefox,456188273,2188536,2024-04-28 14:13:44,1417383,,,,,,,,,,,,,,,,,,,,,,,,,,,,,,,,,,,,,,,,,,,,,,,,,TN
94,717a883474bedbbf5f420ffd52c76d3f6d4b910d,0.2898286547575646,autoland,5096647,1,2d3b5580a91b8117c60610abfc447c7f4ca9b68e,windows10-64-shippable-qr,True,False,,,102210fe594ee9b33d82058545b1ed14f4c8206e,issue9418.pdf,pdfpaint,True,pdfpaint issue9418.pdf opt e10s fission stylo webrender,4768710,77,ms,firefox,456192008,2215940,2024-04-28 19:02:33,1417402,,,,,,,,,,,,,,,,,,,,,,,,,,,,,,,,,,,,,,,,,,,,,,,,,TN
95,0481d43263e16ab0b359e3c85888197704857817,0.34670069267225667,autoland,5096647,1,2d3b5580a91b8117c60610abfc447c7f4ca9b68e,windows10-64-shippable-qr,True,False,,,102210fe594ee9b33d82058545b1ed14f4c8206e,issue9418.pdf,pdfpaint,True,pdfpaint issue9418.pdf opt e10s fission stylo webrender,4768710,77,ms,firefox,456208185,2283214,2024-04-29 00:22:43,1417434,,,,,,,,,,,,,,,,,,,,,,,,,,,,,,,,,,,,,,,,,,,,,,,,,TN
96,6b17c605c084e2db078b234e703a176d3b427fe1,0.4414874225300762,autoland,5096647,1,2d3b5580a91b8117c60610abfc447c7f4ca9b68e,windows10-64-shippable-qr,True,False,,,102210fe594ee9b33d82058545b1ed14f4c8206e,issue9418.pdf,pdfpaint,True,pdfpaint issue9418.pdf opt e10s fission stylo webrender,4768710,77,ms,firefox,456216971,2356502,2024-04-29 06:17:09,1417456,,,,,,,,,,,,,,,,,,,,,,,,,,,,,,,,,,,,,,,,,,,,,,,,,TN
97,04a668ef9c909b54153526f6b4e28b4287e80664,0.27597520962449895,autoland,5096647,1,2d3b5580a91b8117c60610abfc447c7f4ca9b68e,windows10-64-shippable-qr,True,False,,,102210fe594ee9b33d82058545b1ed14f4c8206e,issue9418.pdf,pdfpaint,True,pdfpaint issue9418.pdf opt e10s fission stylo webrender,4768710,77,ms,firefox,456250470,2529464,2024-04-29 10:38:34,1417565,,,,,,,,,,,,,,,,,,,,,,,,,,,,,,,,,,,,,,,,,,,,,,,,,TN
98,650dda9187436a12c66c2e81441e68e1d481e164,0.44185198687568406,autoland,5096647,1,2d3b5580a91b8117c60610abfc447c7f4ca9b68e,windows10-64-shippable-qr,True,False,,,102210fe594ee9b33d82058545b1ed14f4c8206e,issue9418.pdf,pdfpaint,True,pdfpaint issue9418.pdf opt e10s fission stylo webrender,4768710,77,ms,firefox,456295165,2684531,2024-04-29 14:46:23,1417768,,,,,,,,,,,,,,,,,,,,,,,,,,,,,,,,,,,,,,,,,,,,,,,,,TN
99,e9cdeeb2f957d210479897325c1d72ded8f512a4,0.0619759387531893,autoland,5096647,1,2d3b5580a91b8117c60610abfc447c7f4ca9b68e,windows10-64-shippable-qr,True,False,,,102210fe594ee9b33d82058545b1ed14f4c8206e,issue9418.pdf,pdfpaint,True,pdfpaint issue9418.pdf opt e10s fission stylo webrender,4768710,77,ms,firefox,456339238,2960272,2024-04-29 19:52:22,1418020,,,,,,,,,,,,,,,,,,,,,,,,,,,,,,,,,,,,,,,,,,,,,,,,,TN
100,660a39c9cdc7fc3c728c5da5ccaa8856854fa346,0.4126868392271241,autoland,5096647,1,2d3b5580a91b8117c60610abfc447c7f4ca9b68e,windows10-64-shippable-qr,True,False,,,102210fe594ee9b33d82058545b1ed14f4c8206e,issue9418.pdf,pdfpaint,True,pdfpaint issue9418.pdf opt e10s fission stylo webrender,4768710,77,ms,firefox,456368208,3067439,2024-04-30 00:02:50,1418169,,,,,,,,,,,,,,,,,,,,,,,,,,,,,,,,,,,,,,,,,,,,,,,,,TN
101,0c6cd807867dbaf592b3c7db4eef81220fe03acf,0.1615020051039,autoland,5096647,1,2d3b5580a91b8117c60610abfc447c7f4ca9b68e,windows10-64-shippable-qr,True,False,,,102210fe594ee9b33d82058545b1ed14f4c8206e,issue9418.pdf,pdfpaint,True,pdfpaint issue9418.pdf opt e10s fission stylo webrender,4768710,77,ms,firefox,456379287,3133658,2024-04-30 05:00:53,1418256,,,,,,,,,,,,,,,,,,,,,,,,,,,,,,,,,,,,,,,,,,,,,,,,,TN
102,5502377f2629549b2b7c5368c980d0487ed281d4,0.7400656215822092,autoland,5096647,1,2d3b5580a91b8117c60610abfc447c7f4ca9b68e,windows10-64-shippable-qr,True,False,,,102210fe594ee9b33d82058545b1ed14f4c8206e,issue9418.pdf,pdfpaint,True,pdfpaint issue9418.pdf opt e10s fission stylo webrender,4768710,77,ms,firefox,456398145,3233981,2024-04-30 09:02:30,1418348,,,,,,,,,,,,,,,,,,,,,,,,,,,,,,,,,,,,,,,,,,,,,,,,,TN
103,df31c6244c03bc65932fec706fefedf091587459,0.32765220561429054,autoland,5096647,1,2d3b5580a91b8117c60610abfc447c7f4ca9b68e,windows10-64-shippable-qr,True,False,,,102210fe594ee9b33d82058545b1ed14f4c8206e,issue9418.pdf,pdfpaint,True,pdfpaint issue9418.pdf opt e10s fission stylo webrender,4768710,77,ms,firefox,456450232,3434965,2024-04-30 13:09:55,1418487,,,,,,,,,,,,,,,,,,,,,,,,,,,,,,,,,,,,,,,,,,,,,,,,,TN
104,8f7500d7e530d9db7e5101922db97ea633705f4e,0.3289828654757567,autoland,5096647,1,2d3b5580a91b8117c60610abfc447c7f4ca9b68e,windows10-64-shippable-qr,True,False,,,102210fe594ee9b33d82058545b1ed14f4c8206e,issue9418.pdf,pdfpaint,True,pdfpaint issue9418.pdf opt e10s fission stylo webrender,4768710,77,ms,firefox,456463922,3518426,2024-04-30 16:26:23,1418685,,,,,,,,,,,,,,,,,,,,,,,,,,,,,,,,,,,,,,,,,,,,,,,,,TN
105,ec8f015d7e7237118cd2c9633310bf3b43bc902b,0.2500911410864015,autoland,5096647,1,2d3b5580a91b8117c60610abfc447c7f4ca9b68e,windows10-64-shippable-qr,True,False,,,102210fe594ee9b33d82058545b1ed14f4c8206e,issue9418.pdf,pdfpaint,True,pdfpaint issue9418.pdf opt e10s fission stylo webrender,4768710,77,ms,firefox,456483303,3960784,2024-04-30 19:24:53,1418797,,,,,,,,,,,,,,,,,,,,,,,,,,,,,,,,,,,,,,,,,,,,,,,,,TN
106,cd22a3f9463d7df724c7e17c83b6f9d8fe0dd54e,0.4024790375501279,autoland,5096647,1,2d3b5580a91b8117c60610abfc447c7f4ca9b68e,windows10-64-shippable-qr,True,False,,,102210fe594ee9b33d82058545b1ed14f4c8206e,issue9418.pdf,pdfpaint,True,pdfpaint issue9418.pdf opt e10s fission stylo webrender,4768710,77,ms,firefox,456514485,3969855,2024-04-30 23:32:26,1418926,,,,,,,,,,,,,,,,,,,,,,,,,,,,,,,,,,,,,,,,,,,,,,,,,TN
107,5801de1f3daa092cf721149dc96e7b073c172a92,0.3919066715275248,autoland,5096647,1,2d3b5580a91b8117c60610abfc447c7f4ca9b68e,windows10-64-shippable-qr,True,False,,,102210fe594ee9b33d82058545b1ed14f4c8206e,issue9418.pdf,pdfpaint,True,pdfpaint issue9418.pdf opt e10s fission stylo webrender,4768710,77,ms,firefox,456524076,3974315,2024-05-01 03:47:22,1419018,,,,,,,,,,,,,,,,,,,,,,,,,,,,,,,,,,,,,,,,,,,,,,,,,TN
108,287f670c824ebf9c8dbde990f795f92c94af4882,0.24886073641997797,autoland,5096647,1,2d3b5580a91b8117c60610abfc447c7f4ca9b68e,windows10-64-shippable-qr,True,False,,,102210fe594ee9b33d82058545b1ed14f4c8206e,issue9418.pdf,pdfpaint,True,pdfpaint issue9418.pdf opt e10s fission stylo webrender,4768710,77,ms,firefox,456540172,4005804,2024-05-01 07:50:28,1419058,,,,,,,,,,,,,,,,,,,,,,,,,,,,,,,,,,,,,,,,,,,,,,,,,TN
109,0c09216614e40f92d253d63a3699eb680be6773a,0.0816624134159678,autoland,5096647,1,2d3b5580a91b8117c60610abfc447c7f4ca9b68e,windows10-64-shippable-qr,True,False,,,102210fe594ee9b33d82058545b1ed14f4c8206e,issue9418.pdf,pdfpaint,True,pdfpaint issue9418.pdf opt e10s fission stylo webrender,4768710,77,ms,firefox,456581089,4087672,2024-05-01 18:27:07,1419281,,,,,,,,,,,,,,,,,,,,,,,,,,,,,,,,,,,,,,,,,,,,,,,,,TN
110,8155e4688d45fa3a29a0aeb9ded0ce192a8c0c47,0.2796208530805684,autoland,5096647,1,2d3b5580a91b8117c60610abfc447c7f4ca9b68e,windows10-64-shippable-qr,True,False,,,102210fe594ee9b33d82058545b1ed14f4c8206e,issue9418.pdf,pdfpaint,True,pdfpaint issue9418.pdf opt e10s fission stylo webrender,4768710,77,ms,firefox,457036608,6673647,2024-05-01 20:18:35,1419365,,,,,,,,,,,,,,,,,,,,,,,,,,,,,,,,,,,,,,,,,,,,,,,,,TN
111,c89881d85f2ec6b2f1b51c808eb6e3684e453ac2,0.16514764855997122,autoland,5096647,1,2d3b5580a91b8117c60610abfc447c7f4ca9b68e,windows10-64-shippable-qr,True,False,,,102210fe594ee9b33d82058545b1ed14f4c8206e,issue9418.pdf,pdfpaint,True,pdfpaint issue9418.pdf opt e10s fission stylo webrender,4768710,77,ms,firefox,457035913,6661128,2024-05-01 20:20:13,1419367,,,,,,,,,,,,,,,,,,,,,,,,,,,,,,,,,,,,,,,,,,,,,,,,,TN
112,1e2a08de201760bc399c6da361ab5c7a1700e8d4,0.08020415603354003,autoland,5096647,1,2d3b5580a91b8117c60610abfc447c7f4ca9b68e,windows10-64-shippable-qr,True,False,,,102210fe594ee9b33d82058545b1ed14f4c8206e,issue9418.pdf,pdfpaint,True,pdfpaint issue9418.pdf opt e10s fission stylo webrender,4768710,77,ms,firefox,457035918,6661419,2024-05-01 20:21:12,1419370,,,,,,,,,,,,,,,,,,,,,,,,,,,,,,,,,,,,,,,,,,,,,,,,,TN
113,51489f639f649cb13fd7a2e28284ee7e957425df,0.5384615384615383,autoland,5096647,1,2d3b5580a91b8117c60610abfc447c7f4ca9b68e,windows10-64-shippable-qr,True,False,,,102210fe594ee9b33d82058545b1ed14f4c8206e,issue9418.pdf,pdfpaint,True,pdfpaint issue9418.pdf opt e10s fission stylo webrender,4768710,77,ms,firefox,457035959,6664193,2024-05-01 20:22:17,1419371,,,,,,,,,,,,,,,,,,,,,,,,,,,,,,,,,,,,,,,,,,,,,,,,,TN
114,a8e17efc1b46465b0fb16242195151abdf8e8c21,0.5472110827561067,autoland,5096647,1,2d3b5580a91b8117c60610abfc447c7f4ca9b68e,windows10-64-shippable-qr,True,False,,,102210fe594ee9b33d82058545b1ed14f4c8206e,issue9418.pdf,pdfpaint,True,pdfpaint issue9418.pdf opt e10s fission stylo webrender,4768710,77,ms,firefox,457035923,6661697,2024-05-01 20:23:12,1419372,,,,,,,,,,,,,,,,,,,,,,,,,,,,,,,,,,,,,,,,,,,,,,,,,TN
115,722113f251ad3b273ca7d4d9c47030249795f439,0.08895370032810845,autoland,5096647,1,2d3b5580a91b8117c60610abfc447c7f4ca9b68e,windows10-64-shippable-qr,True,False,,,102210fe594ee9b33d82058545b1ed14f4c8206e,issue9418.pdf,pdfpaint,True,pdfpaint issue9418.pdf opt e10s fission stylo webrender,4768710,77,ms,firefox,457035888,6660672,2024-05-01 20:24:07,1419373,,,,,,,,,,,,,,,,,,,,,,,,,,,,,,,,,,,,,,,,,,,,,,,,,TN
116,a3ebbaf9460e9aab1b716d03ef50a90690faf8ef,0.1990521327014214,autoland,5096647,1,2d3b5580a91b8117c60610abfc447c7f4ca9b68e,windows10-64-shippable-qr,True,False,,,102210fe594ee9b33d82058545b1ed14f4c8206e,issue9418.pdf,pdfpaint,True,pdfpaint issue9418.pdf opt e10s fission stylo webrender,4768710,77,ms,firefox,457035872,6659987,2024-05-01 20:25:00,1419374,,,,,,,,,,,,,,,,,,,,,,,,,,,,,,,,,,,,,,,,,,,,,,,,,TN
117,4459d106a0119c8cebbe8a12564c2e84c00e03af,0.32701421800947905,autoland,5096647,1,2d3b5580a91b8117c60610abfc447c7f4ca9b68e,windows10-64-shippable-qr,True,False,,,102210fe594ee9b33d82058545b1ed14f4c8206e,issue9418.pdf,pdfpaint,True,pdfpaint issue9418.pdf opt e10s fission stylo webrender,4768710,77,ms,firefox,457035942,6663446,2024-05-01 20:25:50,1419376,,,,,,,,,,,,,,,,,,,,,,,,,,,,,,,,,,,,,,,,,,,,,,,,,TN
118,c007571d2c9313de88c285141b266604060ea4a6,0.21144732045205927,autoland,5096647,1,2d3b5580a91b8117c60610abfc447c7f4ca9b68e,windows10-64-shippable-qr,True,False,,,102210fe594ee9b33d82058545b1ed14f4c8206e,issue9418.pdf,pdfpaint,True,pdfpaint issue9418.pdf opt e10s fission stylo webrender,4768710,77,ms,firefox,457035922,6661593,2024-05-01 20:26:39,1419377,,,,,,,,,,,,,,,,,,,,,,,,,,,,,,,,,,,,,,,,,,,,,,,,,TN
119,b8f4a7d4d873dccbf25b9bc2f3510753c2b3fde7,0.4768501640539551,autoland,5096647,1,2d3b5580a91b8117c60610abfc447c7f4ca9b68e,windows10-64-shippable-qr,True,False,,,102210fe594ee9b33d82058545b1ed14f4c8206e,issue9418.pdf,pdfpaint,True,pdfpaint issue9418.pdf opt e10s fission stylo webrender,4768710,77,ms,firefox,456605313,4228517,2024-05-01 20:27:27,1419379,,,,,,,,,,,,,,,,,,,,,,,,,,,,,,,,,,,,,,,,,,,,,,,,,TN
120,cc7310ddf9a3d299491efc7c2b1279cef8b05ae7,0.32774334670069205,autoland,5096647,1,2d3b5580a91b8117c60610abfc447c7f4ca9b68e,windows10-64-shippable-qr,True,False,,,102210fe594ee9b33d82058545b1ed14f4c8206e,issue9418.pdf,pdfpaint,True,pdfpaint issue9418.pdf opt e10s fission stylo webrender,4768710,77,ms,firefox,457032593,6639703,2024-05-01 22:42:15,1419435,,,,,,,,,,,,,,,,,,,,,,,,,,,,,,,,,,,,,,,,,,,,,,,,,TN
121,f873ea171aa0a79e19d6d38f0801893b0fb7127f,0.1181188479766675,autoland,5096647,1,2d3b5580a91b8117c60610abfc447c7f4ca9b68e,windows10-64-shippable-qr,True,False,,,102210fe594ee9b33d82058545b1ed14f4c8206e,issue9418.pdf,pdfpaint,True,pdfpaint issue9418.pdf opt e10s fission stylo webrender,4768710,77,ms,firefox,457032595,6643830,2024-05-01 22:43:04,1419437,,,,,,,,,,,,,,,,,,,,,,,,,,,,,,,,,,,,,,,,,,,,,,,,,TN
122,262c96e73c709e06d8239a36868def2b04a75bf2,0.06635071090047351,autoland,5096647,1,2d3b5580a91b8117c60610abfc447c7f4ca9b68e,windows10-64-shippable-qr,True,False,,,102210fe594ee9b33d82058545b1ed14f4c8206e,issue9418.pdf,pdfpaint,True,pdfpaint issue9418.pdf opt e10s fission stylo webrender,4768710,77,ms,firefox,457035925,6664090,2024-05-01 22:43:53,1419438,,,,,,,,,,,,,,,,,,,,,,,,,,,,,,,,,,,,,,,,,,,,,,,,,TN
123,4612b726c541060dddb0f1f617454af55fea5be7,0.08567262121764507,autoland,5096647,1,2d3b5580a91b8117c60610abfc447c7f4ca9b68e,windows10-64-shippable-qr,True,False,,,102210fe594ee9b33d82058545b1ed14f4c8206e,issue9418.pdf,pdfpaint,True,pdfpaint issue9418.pdf opt e10s fission stylo webrender,4768710,77,ms,firefox,457035929,6664731,2024-05-01 23:08:21,1419447,,,,,,,,,,,,,,,,,,,,,,,,,,,,,,,,,,,,,,,,,,,,,,,,,TN
124,fede39fbed59e3dd89e94b9e4a0d2b9e5f66987e,0.1913962814436747,autoland,5096647,1,2d3b5580a91b8117c60610abfc447c7f4ca9b68e,windows10-64-shippable-qr,True,False,,,102210fe594ee9b33d82058545b1ed14f4c8206e,issue9418.pdf,pdfpaint,True,pdfpaint issue9418.pdf opt e10s fission stylo webrender,4768710,77,ms,firefox,457035911,6663219,2024-05-01 23:09:16,1419448,,,,,,,,,,,,,,,,,,,,,,,,,,,,,,,,,,,,,,,,,,,,,,,,,TN
125,f734b044add3e21746c201c3f3eda0e36762bff9,0.1097338680277069,autoland,5096647,1,2d3b5580a91b8117c60610abfc447c7f4ca9b68e,windows10-64-shippable-qr,True,False,,,102210fe594ee9b33d82058545b1ed14f4c8206e,issue9418.pdf,pdfpaint,True,pdfpaint issue9418.pdf opt e10s fission stylo webrender,4768710,77,ms,firefox,457035928,6664580,2024-05-01 23:10:10,1419449,,,,,,,,,,,,,,,,,,,,,,,,,,,,,,,,,,,,,,,,,,,,,,,,,TN
126,ecdcf546a3a47d676651aae9edc3c41c22239a20,0.10098432373313848,autoland,5096647,1,2d3b5580a91b8117c60610abfc447c7f4ca9b68e,windows10-64-shippable-qr,True,False,,,102210fe594ee9b33d82058545b1ed14f4c8206e,issue9418.pdf,pdfpaint,True,pdfpaint issue9418.pdf opt e10s fission stylo webrender,4768710,77,ms,firefox,457035889,6662398,2024-05-01 23:10:58,1419450,,,,,,,,,,,,,,,,,,,,,,,,,,,,,,,,,,,,,,,,,,,,,,,,,TN
127,1e51d7374105fddbda8ddc636c4d2f36387c6eb0,0.09660955158585427,autoland,5096647,1,2d3b5580a91b8117c60610abfc447c7f4ca9b68e,windows10-64-shippable-qr,True,False,,,102210fe594ee9b33d82058545b1ed14f4c8206e,issue9418.pdf,pdfpaint,True,pdfpaint issue9418.pdf opt e10s fission stylo webrender,4768710,77,ms,firefox,457035886,6662240,2024-05-01 23:11:47,1419451,,,,,,,,,,,,,,,,,,,,,,,,,,,,,,,,,,,,,,,,,,,,,,,,,TN
128,22b989b6f2a79be2fb7badbffc299231779bbf39,0.08786000729128673,autoland,5096647,1,2d3b5580a91b8117c60610abfc447c7f4ca9b68e,windows10-64-shippable-qr,True,False,,,102210fe594ee9b33d82058545b1ed14f4c8206e,issue9418.pdf,pdfpaint,True,pdfpaint issue9418.pdf opt e10s fission stylo webrender,4768710,77,ms,firefox,457035921,6663724,2024-05-01 23:12:35,1419452,,,,,,,,,,,,,,,,,,,,,,,,,,,,,,,,,,,,,,,,,,,,,,,,,TN
129,533fbd9c5056d0b2611e332cddafd7337193d64f,0.04156033539919779,autoland,5096647,1,2d3b5580a91b8117c60610abfc447c7f4ca9b68e,windows10-64-shippable-qr,True,False,,,102210fe594ee9b33d82058545b1ed14f4c8206e,issue9418.pdf,pdfpaint,True,pdfpaint issue9418.pdf opt e10s fission stylo webrender,4768710,77,ms,firefox,456615836,4290883,2024-05-01 23:13:57,1419453,201.46,mozilla-ldap/afinder@mozilla.com,b8f4a7d4d873dccbf25b9bc2f3510753c2b3fde7,100.0,3.67,209.12,2024-05-07 13:44:52.311291,1.0,1.0,,,,1419379.0,3.0,3.0,mozilla-ldap/afinder@mozilla.com,,,2024-05-13 11:02:20.063007,,1.0,-7.67,387.0,,"(16,)",100.0,,False,False,afinder@mozilla.com,"(48,)","(4,)",afinder@mozilla.com,2024-05-05 11:02:20.063007,,,OK,,,,"('[{""perf_datum_id"": 4087672, ""value"": 201.23000000000002, ""job_id"": 456581089, ""push_id"": 1419281, ""push_timestamp"": ""2024-05-01T18:27:07"", ""push__revision"": ""0c09216614e40f92d253d63a3699eb680be6773a""}, {""perf_datum_id"": 4228517, ""value"": 212.07, ""job_id"": 456605313, ""push_id"": 1419379, ""push_timestamp"": ""2024-05-01T20:27:27"", ""push__revision"": ""b8f4a7d4d873dccbf25b9bc2f3510753c2b3fde7""}, {""perf_datum_id"": 4290883, ""value"": 200.13, ""job_id"": 456615836, ""push_id"": 1419453, ""push_timestamp"": ""2024-05-01T23:13:57"", ""push__revision"": ""533fbd9c5056d0b2611e332cddafd7337193d64f""}, {""perf_datum_id"": 4422454, ""value"": 203.47000000000003, ""job_id"": 456638934, ""push_id"": 1419529, ""push_timestamp"": ""2024-05-02T04:22:12"", ""push__revision"": ""dda5d5286866494223d6cc52382d52032d961218""}, {""perf_datum_id"": 4587713, ""value"": 202.57999999999998, ""job_id"": 456663646, ""push_id"": 1419618, ""push_timestamp"": ""2024-05-02T08:48:43"", ""push__revision"": ""8f1e622a3413df009913d856f603c77b8e637efc""}]',)",False,"(0,)",7.46,pdfpaint,"(4,)",,2024-05-09 11:02:20.063007,FP
130,87c4b7e40172a3c767c4d9d805d452a3b304a388,0.12468100619759603,autoland,5096647,1,2d3b5580a91b8117c60610abfc447c7f4ca9b68e,windows10-64-shippable-qr,True,False,,,102210fe594ee9b33d82058545b1ed14f4c8206e,issue9418.pdf,pdfpaint,True,pdfpaint issue9418.pdf opt e10s fission stylo webrender,4768710,77,ms,firefox,457035937,6665059,2024-05-01 23:15:47,1419455,,,,,,,,,,,,,,,,,,,,,,,,,,,,,,,,,,,,,,,,,,,,,,,,,TN
131,016b2ac060ea76e3c6a81e195e1d89b7cc99c8c7,0.07327743346700721,autoland,5096647,1,2d3b5580a91b8117c60610abfc447c7f4ca9b68e,windows10-64-shippable-qr,True,False,,,102210fe594ee9b33d82058545b1ed14f4c8206e,issue9418.pdf,pdfpaint,True,pdfpaint issue9418.pdf opt e10s fission stylo webrender,4768710,77,ms,firefox,457035885,6662138,2024-05-01 23:16:36,1419456,,,,,,,,,,,,,,,,,,,,,,,,,,,,,,,,,,,,,,,,,,,,,,,,,TN
132,7278db35e14289b68ef202262c798b0064615bb0,0.035727305869485804,autoland,5096647,1,2d3b5580a91b8117c60610abfc447c7f4ca9b68e,windows10-64-shippable-qr,True,False,,,102210fe594ee9b33d82058545b1ed14f4c8206e,issue9418.pdf,pdfpaint,True,pdfpaint issue9418.pdf opt e10s fission stylo webrender,4768710,77,ms,firefox,457035901,6662798,2024-05-01 23:17:24,1419457,,,,,,,,,,,,,,,,,,,,,,,,,,,,,,,,,,,,,,,,,,,,,,,,,TN
133,98027273a365c35e1fc862889546b51b8d81220f,0.03937294932555524,autoland,5096647,1,2d3b5580a91b8117c60610abfc447c7f4ca9b68e,windows10-64-shippable-qr,True,False,,,102210fe594ee9b33d82058545b1ed14f4c8206e,issue9418.pdf,pdfpaint,True,pdfpaint issue9418.pdf opt e10s fission stylo webrender,4768710,77,ms,firefox,457035927,6664476,2024-05-02 00:19:44,1419471,,,,,,,,,,,,,,,,,,,,,,,,,,,,,,,,,,,,,,,,,,,,,,,,,TN
134,126b686f7dbf9433157c1fae8da4b7ace3013cd6,0.0721837404301855,autoland,5096647,1,2d3b5580a91b8117c60610abfc447c7f4ca9b68e,windows10-64-shippable-qr,True,False,,,102210fe594ee9b33d82058545b1ed14f4c8206e,issue9418.pdf,pdfpaint,True,pdfpaint issue9418.pdf opt e10s fission stylo webrender,4768710,77,ms,firefox,457035924,6663953,2024-05-02 00:47:21,1419472,,,,,,,,,,,,,,,,,,,,,,,,,,,,,,,,,,,,,,,,,,,,,,,,,TN
135,0367fe61d2c99aba9f75b1838c478f3013bf9927,0.08348523514400252,autoland,5096647,1,2d3b5580a91b8117c60610abfc447c7f4ca9b68e,windows10-64-shippable-qr,True,False,,,102210fe594ee9b33d82058545b1ed14f4c8206e,issue9418.pdf,pdfpaint,True,pdfpaint issue9418.pdf opt e10s fission stylo webrender,4768710,77,ms,firefox,457035894,6662516,2024-05-02 00:54:38,1419473,,,,,,,,,,,,,,,,,,,,,,,,,,,,,,,,,,,,,,,,,,,,,,,,,TN
136,ad0cba304045ff35b6b970a5b3194a2d6e049dc4,0.12030623405030916,autoland,5096647,1,2d3b5580a91b8117c60610abfc447c7f4ca9b68e,windows10-64-shippable-qr,True,False,,,102210fe594ee9b33d82058545b1ed14f4c8206e,issue9418.pdf,pdfpaint,True,pdfpaint issue9418.pdf opt e10s fission stylo webrender,4768710,77,ms,firefox,457035930,6664897,2024-05-02 01:33:48,1419491,,,,,,,,,,,,,,,,,,,,,,,,,,,,,,,,,,,,,,,,,,,,,,,,,TN
137,c73032db461824b82b6fc136c5ed975d51e71482,0.10061975938753154,autoland,5096647,1,2d3b5580a91b8117c60610abfc447c7f4ca9b68e,windows10-64-shippable-qr,True,False,,,102210fe594ee9b33d82058545b1ed14f4c8206e,issue9418.pdf,pdfpaint,True,pdfpaint issue9418.pdf opt e10s fission stylo webrender,4768710,77,ms,firefox,457035917,6663579,2024-05-02 01:48:16,1419498,,,,,,,,,,,,,,,,,,,,,,,,,,,,,,,,,,,,,,,,,,,,,,,,,TN
138,78f216153c06cd76ad867f5a39dcefea91be0609,0.33386802770688995,autoland,5096647,1,2d3b5580a91b8117c60610abfc447c7f4ca9b68e,windows10-64-shippable-qr,True,False,,,102210fe594ee9b33d82058545b1ed14f4c8206e,issue9418.pdf,pdfpaint,True,pdfpaint issue9418.pdf opt e10s fission stylo webrender,4768710,77,ms,firefox,457035896,6662620,2024-05-02 02:52:19,1419507,,,,,,,,,,,,,,,,,,,,,,,,,,,,,,,,,,,,,,,,,,,,,,,,,TN
139,dda5d5286866494223d6cc52382d52032d961218,0.19795843966460058,autoland,5096647,1,2d3b5580a91b8117c60610abfc447c7f4ca9b68e,windows10-64-shippable-qr,True,False,,,102210fe594ee9b33d82058545b1ed14f4c8206e,issue9418.pdf,pdfpaint,True,pdfpaint issue9418.pdf opt e10s fission stylo webrender,4768710,77,ms,firefox,456638934,4422454,2024-05-02 04:22:12,1419529,,,,,,,,,,,,,,,,,,,,,,,,,,,,,,,,,,,,,,,,,,,,,,,,,TN
140,c3710442df029d18d2508779c0a854f1c452fc4f,0.21370761939482286,autoland,5096647,1,2d3b5580a91b8117c60610abfc447c7f4ca9b68e,windows10-64-shippable-qr,True,False,,,102210fe594ee9b33d82058545b1ed14f4c8206e,issue9418.pdf,pdfpaint,True,pdfpaint issue9418.pdf opt e10s fission stylo webrender,4768710,77,ms,firefox,457032572,6641752,2024-05-02 06:17:33,1419554,,,,,,,,,,,,,,,,,,,,,,,,,,,,,,,,,,,,,,,,,,,,,,,,,TN
141,810c65d8b2d3b74407b2658fa9faacda93bf8471,0.13415967918337568,autoland,5096647,1,2d3b5580a91b8117c60610abfc447c7f4ca9b68e,windows10-64-shippable-qr,True,False,,,102210fe594ee9b33d82058545b1ed14f4c8206e,issue9418.pdf,pdfpaint,True,pdfpaint issue9418.pdf opt e10s fission stylo webrender,4768710,77,ms,firefox,457032576,6642090,2024-05-02 06:36:56,1419559,,,,,,,,,,,,,,,,,,,,,,,,,,,,,,,,,,,,,,,,,,,,,,,,,TN
142,9e3ed11f4e8a3e4af5fd56d084f142c50eb30bb8,0.33284724753919104,autoland,5096647,1,2d3b5580a91b8117c60610abfc447c7f4ca9b68e,windows10-64-shippable-qr,True,False,,,102210fe594ee9b33d82058545b1ed14f4c8206e,issue9418.pdf,pdfpaint,True,pdfpaint issue9418.pdf opt e10s fission stylo webrender,4768710,77,ms,firefox,457032575,6641579,2024-05-02 06:41:04,1419560,,,,,,,,,,,,,,,,,,,,,,,,,,,,,,,,,,,,,,,,,,,,,,,,,TN
143,168bad3fbee2bd40c60c64c6bfc42553ab2b648c,0.13233685745534096,autoland,5096647,1,2d3b5580a91b8117c60610abfc447c7f4ca9b68e,windows10-64-shippable-qr,True,False,,,102210fe594ee9b33d82058545b1ed14f4c8206e,issue9418.pdf,pdfpaint,True,pdfpaint issue9418.pdf opt e10s fission stylo webrender,4768710,77,ms,firefox,457032578,6642020,2024-05-02 06:45:00,1419561,,,,,,,,,,,,,,,,,,,,,,,,,,,,,,,,,,,,,,,,,,,,,,,,,TN
144,4d03b40fec0e03c220dd73881e1962ccda3454d4,0.055413780532263424,autoland,5096647,1,2d3b5580a91b8117c60610abfc447c7f4ca9b68e,windows10-64-shippable-qr,True,False,,,102210fe594ee9b33d82058545b1ed14f4c8206e,issue9418.pdf,pdfpaint,True,pdfpaint issue9418.pdf opt e10s fission stylo webrender,4768710,77,ms,firefox,457032577,6642192,2024-05-02 07:04:33,1419568,,,,,,,,,,,,,,,,,,,,,,,,,,,,,,,,,,,,,,,,,,,,,,,,,TN
145,0c73b74c22fce3e67010eb00a5a79aef9fc44ff8,0.12176449143273782,autoland,5096647,1,2d3b5580a91b8117c60610abfc447c7f4ca9b68e,windows10-64-shippable-qr,True,False,,,102210fe594ee9b33d82058545b1ed14f4c8206e,issue9418.pdf,pdfpaint,True,pdfpaint issue9418.pdf opt e10s fission stylo webrender,4768710,77,ms,firefox,457032579,6642816,2024-05-02 07:18:03,1419574,,,,,,,,,,,,,,,,,,,,,,,,,,,,,,,,,,,,,,,,,,,,,,,,,TN
146,2a6fe17f9b67f669da83a06983596ff7bc2bc222,0.13744075829383817,autoland,5096647,1,2d3b5580a91b8117c60610abfc447c7f4ca9b68e,windows10-64-shippable-qr,True,False,,,102210fe594ee9b33d82058545b1ed14f4c8206e,issue9418.pdf,pdfpaint,True,pdfpaint issue9418.pdf opt e10s fission stylo webrender,4768710,77,ms,firefox,457032581,6642652,2024-05-02 07:28:44,1419576,,,,,,,,,,,,,,,,,,,,,,,,,,,,,,,,,,,,,,,,,,,,,,,,,TN
147,ed2f92b696b8e9a2dbf0f567e1c8e3b93c08c084,0.11848341232227533,autoland,5096647,1,2d3b5580a91b8117c60610abfc447c7f4ca9b68e,windows10-64-shippable-qr,True,False,,,102210fe594ee9b33d82058545b1ed14f4c8206e,issue9418.pdf,pdfpaint,True,pdfpaint issue9418.pdf opt e10s fission stylo webrender,4768710,77,ms,firefox,457032580,6642419,2024-05-02 07:31:56,1419578,,,,,,,,,,,,,,,,,,,,,,,,,,,,,,,,,,,,,,,,,,,,,,,,,TN
148,b7b5591bbe2255d6fd0352b87fe4cf9945ff05a9,0.02807145461173821,autoland,5096647,1,2d3b5580a91b8117c60610abfc447c7f4ca9b68e,windows10-64-shippable-qr,True,False,,,102210fe594ee9b33d82058545b1ed14f4c8206e,issue9418.pdf,pdfpaint,True,pdfpaint issue9418.pdf opt e10s fission stylo webrender,4768710,77,ms,firefox,457032582,6643084,2024-05-02 07:52:33,1419579,,,,,,,,,,,,,,,,,,,,,,,,,,,,,,,,,,,,,,,,,,,,,,,,,TN
149,8f1e622a3413df009913d856f603c77b8e637efc,0.1308786000729132,autoland,5096647,1,2d3b5580a91b8117c60610abfc447c7f4ca9b68e,windows10-64-shippable-qr,True,False,,,102210fe594ee9b33d82058545b1ed14f4c8206e,issue9418.pdf,pdfpaint,True,pdfpaint issue9418.pdf opt e10s fission stylo webrender,4768710,77,ms,firefox,456663646,4587713,2024-05-02 08:48:43,1419618,,,,,,,,,,,,,,,,,,,,,,,,,,,,,,,,,,,,,,,,,,,,,,,,,TN
150,09616b9d5c295fa0b4e88d943d6584bb719887f4,0.24024790375501315,autoland,5096647,1,2d3b5580a91b8117c60610abfc447c7f4ca9b68e,windows10-64-shippable-qr,True,False,,,102210fe594ee9b33d82058545b1ed14f4c8206e,issue9418.pdf,pdfpaint,True,pdfpaint issue9418.pdf opt e10s fission stylo webrender,4768710,77,ms,firefox,457896837,10818357,2024-05-02 09:03:59,1419627,,,,,,,,,,,,,,,,,,,,,,,,,,,,,,,,,,,,,,,,,,,,,,,,,TN
151,c90948ebbc9f465886d2e813bd5002056aa85d1d,0.2406124681006201,autoland,5096647,1,2d3b5580a91b8117c60610abfc447c7f4ca9b68e,windows10-64-shippable-qr,True,False,,,102210fe594ee9b33d82058545b1ed14f4c8206e,issue9418.pdf,pdfpaint,True,pdfpaint issue9418.pdf opt e10s fission stylo webrender,4768710,77,ms,firefox,457895648,10810840,2024-05-02 09:41:20,1419655,,,,,,,,,,,,,,,,,,,,,,,,,,,,,,,,,,,,,,,,,,,,,,,,,TN
152,5de1e9b3489c5697213115447b0af7256b7f3ed6,0.19248997448049643,autoland,5096647,1,2d3b5580a91b8117c60610abfc447c7f4ca9b68e,windows10-64-shippable-qr,True,False,,,102210fe594ee9b33d82058545b1ed14f4c8206e,issue9418.pdf,pdfpaint,True,pdfpaint issue9418.pdf opt e10s fission stylo webrender,4768710,77,ms,firefox,457894962,10808884,2024-05-02 10:04:35,1419671,,,,,,,,,,,,,,,,,,,,,,,,,,,,,,,,,,,,,,,,,,,,,,,,,TN
153,c02295b27fd9c9e6fd050241fda05f13732c65e0,0.6179365658038645,autoland,5096647,1,2d3b5580a91b8117c60610abfc447c7f4ca9b68e,windows10-64-shippable-qr,True,False,,,102210fe594ee9b33d82058545b1ed14f4c8206e,issue9418.pdf,pdfpaint,True,pdfpaint issue9418.pdf opt e10s fission stylo webrender,4768710,77,ms,firefox,457896934,10820202,2024-05-02 10:11:32,1419676,,,,,,,,,,,,,,,,,,,,,,,,,,,,,,,,,,,,,,,,,,,,,,,,,TN
154,edb2f698ef2e1bff162754e7188f86eb5b7e167c,0.30149471381698856,autoland,5096647,1,2d3b5580a91b8117c60610abfc447c7f4ca9b68e,windows10-64-shippable-qr,True,False,,,102210fe594ee9b33d82058545b1ed14f4c8206e,issue9418.pdf,pdfpaint,True,pdfpaint issue9418.pdf opt e10s fission stylo webrender,4768710,77,ms,firefox,457876843,10750392,2024-05-02 10:22:53,1419683,,,,,,,,,,,,,,,,,,,,,,,,,,,,,,,,,,,,,,,,,,,,,,,,,TN
155,afccaf261df31aad8abe4704d0bdb6cecfd81065,0.1275975209624498,autoland,5096647,1,2d3b5580a91b8117c60610abfc447c7f4ca9b68e,windows10-64-shippable-qr,True,False,,,102210fe594ee9b33d82058545b1ed14f4c8206e,issue9418.pdf,pdfpaint,True,pdfpaint issue9418.pdf opt e10s fission stylo webrender,4768710,77,ms,firefox,457876842,10750276,2024-05-02 10:49:18,1419692,,,,,,,,,,,,,,,,,,,,,,,,,,,,,,,,,,,,,,,,,,,,,,,,,TN
156,3567557cdeb17338eaa8a68f72b756bf677f5c1f,0.36183011301494705,autoland,5096647,1,2d3b5580a91b8117c60610abfc447c7f4ca9b68e,windows10-64-shippable-qr,True,False,,,102210fe594ee9b33d82058545b1ed14f4c8206e,issue9418.pdf,pdfpaint,True,pdfpaint issue9418.pdf opt e10s fission stylo webrender,4768710,77,ms,firefox,457005331,6470757,2024-05-02 10:58:33,1419699,,,,,,,,,,,,,,,,,,,,,,,,,,,,,,,,,,,,,,,,,,,,,,,,,TN
157,8e76f47446cdc3f3d031e693ba597467fb9cb1cf,0.09916150200510376,autoland,5096647,1,2d3b5580a91b8117c60610abfc447c7f4ca9b68e,windows10-64-shippable-qr,True,False,,,102210fe594ee9b33d82058545b1ed14f4c8206e,issue9418.pdf,pdfpaint,True,pdfpaint issue9418.pdf opt e10s fission stylo webrender,4768710,77,ms,firefox,457005330,6470651,2024-05-02 11:07:18,1419702,,,,,,,,,,,,,,,,,,,,,,,,,,,,,,,,,,,,,,,,,,,,,,,,,TN
158,ddce51fa46f05ef086b61deed56d791b4cb3ab5e,0.05286183011301482,autoland,5096647,1,2d3b5580a91b8117c60610abfc447c7f4ca9b68e,windows10-64-shippable-qr,True,False,,,102210fe594ee9b33d82058545b1ed14f4c8206e,issue9418.pdf,pdfpaint,True,pdfpaint issue9418.pdf opt e10s fission stylo webrender,4768710,77,ms,firefox,457005214,6470164,2024-05-02 11:27:15,1419714,,,,,,,,,,,,,,,,,,,,,,,,,,,,,,,,,,,,,,,,,,,,,,,,,TN
159,c6de63471506aadca84324d6ec8614589b17c798,0.10280714546117409,autoland,5096647,1,2d3b5580a91b8117c60610abfc447c7f4ca9b68e,windows10-64-shippable-qr,True,False,,,102210fe594ee9b33d82058545b1ed14f4c8206e,issue9418.pdf,pdfpaint,True,pdfpaint issue9418.pdf opt e10s fission stylo webrender,4768710,77,ms,firefox,457010872,6522425,2024-05-02 11:38:27,1419717,,,,,,,,,,,,,,,,,,,,,,,,,,,,,,,,,,,,,,,,,,,,,,,,,TN
160,b6fea10302339b18c0503cb4544c12d20b813751,0.1522056142909216,autoland,5096647,1,2d3b5580a91b8117c60610abfc447c7f4ca9b68e,windows10-64-shippable-qr,True,False,,,102210fe594ee9b33d82058545b1ed14f4c8206e,issue9418.pdf,pdfpaint,True,pdfpaint issue9418.pdf opt e10s fission stylo webrender,4768710,77,ms,firefox,457005366,6472454,2024-05-02 11:49:35,1419722,,,,,,,,,,,,,,,,,,,,,,,,,,,,,,,,,,,,,,,,,,,,,,,,,TN
161,fc94f54f5e2f0aa6395dd214ae6801045964abc1,0.25537732409770353,autoland,5096647,1,2d3b5580a91b8117c60610abfc447c7f4ca9b68e,windows10-64-shippable-qr,True,False,,,102210fe594ee9b33d82058545b1ed14f4c8206e,issue9418.pdf,pdfpaint,True,pdfpaint issue9418.pdf opt e10s fission stylo webrender,4768710,77,ms,firefox,457005367,6472331,2024-05-02 11:51:14,1419723,,,,,,,,,,,,,,,,,,,,,,,,,,,,,,,,,,,,,,,,,,,,,,,,,TN
162,00b16937bdd9fb255ac65c485e1b5fa59e91d561,0.07181917608457944,autoland,5096647,1,2d3b5580a91b8117c60610abfc447c7f4ca9b68e,windows10-64-shippable-qr,True,False,,,102210fe594ee9b33d82058545b1ed14f4c8206e,issue9418.pdf,pdfpaint,True,pdfpaint issue9418.pdf opt e10s fission stylo webrender,4768710,77,ms,firefox,457005363,6471700,2024-05-02 12:20:39,1419737,,,,,,,,,,,,,,,,,,,,,,,,,,,,,,,,,,,,,,,,,,,,,,,,,TN
163,3a09d22ef9646c3399b709c2e3bbb29d2edba4d2,0.21372584761210334,autoland,5096647,1,2d3b5580a91b8117c60610abfc447c7f4ca9b68e,windows10-64-shippable-qr,True,False,,,102210fe594ee9b33d82058545b1ed14f4c8206e,issue9418.pdf,pdfpaint,True,pdfpaint issue9418.pdf opt e10s fission stylo webrender,4768710,77,ms,firefox,457005364,6471815,2024-05-02 12:24:22,1419741,,,,,,,,,,,,,,,,,,,,,,,,,,,,,,,,,,,,,,,,,,,,,,,,,TN
164,ea25d02dac47e6880ab5b936adc308c24cbeab32,0.16086401749908852,autoland,5096647,1,2d3b5580a91b8117c60610abfc447c7f4ca9b68e,windows10-64-shippable-qr,True,False,,,102210fe594ee9b33d82058545b1ed14f4c8206e,issue9418.pdf,pdfpaint,True,pdfpaint issue9418.pdf opt e10s fission stylo webrender,4768710,77,ms,firefox,456699971,4790868,2024-05-02 12:53:32,1419765,,,,,,,,,,,,,,,,,,,,,,,,,,,,,,,,,,,,,,,,,,,,,,,,,TN
165,6bb6fc5a2a8f38a0277870cb3e1bf93622787d4d,0.27087130878599996,autoland,5096647,1,2d3b5580a91b8117c60610abfc447c7f4ca9b68e,windows10-64-shippable-qr,True,False,,,102210fe594ee9b33d82058545b1ed14f4c8206e,issue9418.pdf,pdfpaint,True,pdfpaint issue9418.pdf opt e10s fission stylo webrender,4768710,77,ms,firefox,457044406,6725115,2024-05-02 12:59:13,1419768,,,,,,,,,,,,,,,,,,,,,,,,,,,,,,,,,,,,,,,,,,,,,,,,,TN
166,e1891217bb8533287c6ee2e6e6894ec14d765b13,0.08567262121764507,autoland,5096647,1,2d3b5580a91b8117c60610abfc447c7f4ca9b68e,windows10-64-shippable-qr,True,False,,,102210fe594ee9b33d82058545b1ed14f4c8206e,issue9418.pdf,pdfpaint,True,pdfpaint issue9418.pdf opt e10s fission stylo webrender,4768710,77,ms,firefox,457031251,6612062,2024-05-02 13:03:21,1419770,,,,,,,,,,,,,,,,,,,,,,,,,,,,,,,,,,,,,,,,,,,,,,,,,TN
167,8ceeacec0dfd1398a7cc01d1b5a08ae5be835435,0.11028071454611688,autoland,5096647,1,2d3b5580a91b8117c60610abfc447c7f4ca9b68e,windows10-64-shippable-qr,True,False,,,102210fe594ee9b33d82058545b1ed14f4c8206e,issue9418.pdf,pdfpaint,True,pdfpaint issue9418.pdf opt e10s fission stylo webrender,4768710,77,ms,firefox,457031216,6611505,2024-05-02 13:11:50,1419773,,,,,,,,,,,,,,,,,,,,,,,,,,,,,,,,,,,,,,,,,,,,,,,,,TN
168,91cfcfc5935b5ac51c36c1a08a064c33a2d96fd5,0.3955523149835951,autoland,5096647,1,2d3b5580a91b8117c60610abfc447c7f4ca9b68e,windows10-64-shippable-qr,True,False,,,102210fe594ee9b33d82058545b1ed14f4c8206e,issue9418.pdf,pdfpaint,True,pdfpaint issue9418.pdf opt e10s fission stylo webrender,4768710,77,ms,firefox,456721447,4881229,2024-05-02 15:44:03,1419950,,,,,,,,,,,,,,,,,,,,,,,,,,,,,,,,,,,,,,,,,,,,,,,,,TN
169,3a0b95c0a8b3e334c5811a26420f39aaba7e5be3,0.3638352169157857,autoland,5096647,1,2d3b5580a91b8117c60610abfc447c7f4ca9b68e,windows10-64-shippable-qr,True,False,,,102210fe594ee9b33d82058545b1ed14f4c8206e,issue9418.pdf,pdfpaint,True,pdfpaint issue9418.pdf opt e10s fission stylo webrender,4768710,77,ms,firefox,456738947,4979877,2024-05-02 17:57:36,1420053,,,,,,,,,,,,,,,,,,,,,,,,,,,,,,,,,,,,,,,,,,,,,,,,,TN
170,744a40cf4f0f88f0a1bde0e1612954c551aeef73,0.26166605905942397,autoland,5096647,1,2d3b5580a91b8117c60610abfc447c7f4ca9b68e,windows10-64-shippable-qr,True,False,,,102210fe594ee9b33d82058545b1ed14f4c8206e,issue9418.pdf,pdfpaint,True,pdfpaint issue9418.pdf opt e10s fission stylo webrender,4768710,77,ms,firefox,457707238,9971075,2024-05-02 18:53:15,1420105,,,,,,,,,,,,,,,,,,,,,,,,,,,,,,,,,,,,,,,,,,,,,,,,,TN
171,1dd8964a7529a5f1815ea201390737f98f38f3cc,0.30135800218738584,autoland,5096647,1,2d3b5580a91b8117c60610abfc447c7f4ca9b68e,windows10-64-shippable-qr,True,False,,,102210fe594ee9b33d82058545b1ed14f4c8206e,issue9418.pdf,pdfpaint,True,pdfpaint issue9418.pdf opt e10s fission stylo webrender,4768710,77,ms,firefox,457707244,9971948,2024-05-02 18:57:54,1420109,,,,,,,,,,,,,,,,,,,,,,,,,,,,,,,,,,,,,,,,,,,,,,,,,TN
172,1c792c2a60fa014a7d4f164bfdbcb5e046fce7dc,0.32674079475027273,autoland,5096647,1,2d3b5580a91b8117c60610abfc447c7f4ca9b68e,windows10-64-shippable-qr,True,False,,,102210fe594ee9b33d82058545b1ed14f4c8206e,issue9418.pdf,pdfpaint,True,pdfpaint issue9418.pdf opt e10s fission stylo webrender,4768710,77,ms,firefox,457055903,6790169,2024-05-02 18:58:41,1420111,,,,,,,,,,,,,,,,,,,,,,,,,,,,,,,,,,,,,,,,,,,,,,,,,TN
173,8aa5585e0cc032d3a0062a86b07818e2cd8684c1,0.40612468100619736,autoland,5096647,1,2d3b5580a91b8117c60610abfc447c7f4ca9b68e,windows10-64-shippable-qr,True,False,,,102210fe594ee9b33d82058545b1ed14f4c8206e,issue9418.pdf,pdfpaint,True,pdfpaint issue9418.pdf opt e10s fission stylo webrender,4768710,77,ms,firefox,457055679,6786252,2024-05-02 18:59:42,1420112,,,,,,,,,,,,,,,,,,,,,,,,,,,,,,,,,,,,,,,,,,,,,,,,,TN
174,535b96955a284407db72985c95141cb84ae4dee1,0.26528132215335987,autoland,5096647,1,2d3b5580a91b8117c60610abfc447c7f4ca9b68e,windows10-64-shippable-qr,True,False,,,102210fe594ee9b33d82058545b1ed14f4c8206e,issue9418.pdf,pdfpaint,True,pdfpaint issue9418.pdf opt e10s fission stylo webrender,4768710,77,ms,firefox,457055661,6785389,2024-05-02 19:00:49,1420114,,,,,,,,,,,,,,,,,,,,,,,,,,,,,,,,,,,,,,,,,,,,,,,,,TN
175,d08f5dbc29a785b6cd977f170c8d9eceebb2feea,0.2788917243893545,autoland,5096647,1,2d3b5580a91b8117c60610abfc447c7f4ca9b68e,windows10-64-shippable-qr,True,False,,,102210fe594ee9b33d82058545b1ed14f4c8206e,issue9418.pdf,pdfpaint,True,pdfpaint issue9418.pdf opt e10s fission stylo webrender,4768710,77,ms,firefox,457055875,6787700,2024-05-02 19:01:43,1420115,,,,,,,,,,,,,,,,,,,,,,,,,,,,,,,,,,,,,,,,,,,,,,,,,TN
176,91b0084cd5fb545833ee3b96bdb3a21578585142,0.48408937034529576,autoland,5096647,1,2d3b5580a91b8117c60610abfc447c7f4ca9b68e,windows10-64-shippable-qr,True,False,,,102210fe594ee9b33d82058545b1ed14f4c8206e,issue9418.pdf,pdfpaint,True,pdfpaint issue9418.pdf opt e10s fission stylo webrender,4768710,77,ms,firefox,457055691,6786379,2024-05-02 19:02:30,1420118,,,,,,,,,,,,,,,,,,,,,,,,,,,,,,,,,,,,,,,,,,,,,,,,,TN
177,f4915520e0be3ffc30a88ebdcf668cd96055e697,0.3920629133899256,autoland,5096647,1,2d3b5580a91b8117c60610abfc447c7f4ca9b68e,windows10-64-shippable-qr,True,False,,,102210fe594ee9b33d82058545b1ed14f4c8206e,issue9418.pdf,pdfpaint,True,pdfpaint issue9418.pdf opt e10s fission stylo webrender,4768710,77,ms,firefox,457055890,6789250,2024-05-02 19:03:19,1420120,,,,,,,,,,,,,,,,,,,,,,,,,,,,,,,,,,,,,,,,,,,,,,,,,TN
178,3f5494aa919143a0c642c2690b6494b7ff4043e4,0.4250299463569611,autoland,5096647,1,2d3b5580a91b8117c60610abfc447c7f4ca9b68e,windows10-64-shippable-qr,True,False,,,102210fe594ee9b33d82058545b1ed14f4c8206e,issue9418.pdf,pdfpaint,True,pdfpaint issue9418.pdf opt e10s fission stylo webrender,4768710,77,ms,firefox,457055864,6787775,2024-05-02 19:04:08,1420121,,,,,,,,,,,,,,,,,,,,,,,,,,,,,,,,,,,,,,,,,,,,,,,,,TN
179,c9be35b77936df4e5fb4654e71bf4b8282c07287,0.28533236116174354,autoland,5096647,1,2d3b5580a91b8117c60610abfc447c7f4ca9b68e,windows10-64-shippable-qr,True,False,,,102210fe594ee9b33d82058545b1ed14f4c8206e,issue9418.pdf,pdfpaint,True,pdfpaint issue9418.pdf opt e10s fission stylo webrender,4768710,77,ms,firefox,457044578,6726518,2024-05-02 19:10:59,1420132,,,,,,,,,,,,,,,,,,,,,,,,,,,,,,,,,,,,,,,,,,,,,,,,,TN
180,db60a8307047765e0e39c7078fa9f9b6b50fa9ca,0.2888564831692788,autoland,5096647,1,2d3b5580a91b8117c60610abfc447c7f4ca9b68e,windows10-64-shippable-qr,True,False,,,102210fe594ee9b33d82058545b1ed14f4c8206e,issue9418.pdf,pdfpaint,True,pdfpaint issue9418.pdf opt e10s fission stylo webrender,4768710,77,ms,firefox,457032324,6639831,2024-05-02 19:13:05,1420135,,,,,,,,,,,,,,,,,,,,,,,,,,,,,,,,,,,,,,,,,,,,,,,,,TN
181,c8372c8de92f17bfb07aaf6856757794d7632ec6,0.23022238425082087,autoland,5096647,1,2d3b5580a91b8117c60610abfc447c7f4ca9b68e,windows10-64-shippable-qr,True,False,,,102210fe594ee9b33d82058545b1ed14f4c8206e,issue9418.pdf,pdfpaint,True,pdfpaint issue9418.pdf opt e10s fission stylo webrender,4768710,77,ms,firefox,457032357,6640159,2024-05-02 19:32:33,1420156,,,,,,,,,,,,,,,,,,,,,,,,,,,,,,,,,,,,,,,,,,,,,,,,,TN
182,cf233107a68e4abebaccf5b159d7717d642eb878,0.09454368696074678,autoland,5096647,1,2d3b5580a91b8117c60610abfc447c7f4ca9b68e,windows10-64-shippable-qr,True,False,,,102210fe594ee9b33d82058545b1ed14f4c8206e,issue9418.pdf,pdfpaint,True,pdfpaint issue9418.pdf opt e10s fission stylo webrender,4768710,77,ms,firefox,457032374,6640276,2024-05-02 19:36:46,1420159,,,,,,,,,,,,,,,,,,,,,,,,,,,,,,,,,,,,,,,,,,,,,,,,,TN
183,65cc80a2a1dfe70d0e2dcfca27c971a77693d37b,0.06817353262850911,autoland,5096647,1,2d3b5580a91b8117c60610abfc447c7f4ca9b68e,windows10-64-shippable-qr,True,False,,,102210fe594ee9b33d82058545b1ed14f4c8206e,issue9418.pdf,pdfpaint,True,pdfpaint issue9418.pdf opt e10s fission stylo webrender,4768710,77,ms,firefox,457032619,6645665,2024-05-02 19:59:11,1420170,,,,,,,,,,,,,,,,,,,,,,,,,,,,,,,,,,,,,,,,,,,,,,,,,TN
184,49800ea65ddbb92684d5373417b136bdb108fc77,0.22639445862194663,autoland,5096647,1,2d3b5580a91b8117c60610abfc447c7f4ca9b68e,windows10-64-shippable-qr,True,False,,,102210fe594ee9b33d82058545b1ed14f4c8206e,issue9418.pdf,pdfpaint,True,pdfpaint issue9418.pdf opt e10s fission stylo webrender,4768710,77,ms,firefox,457032615,6644195,2024-05-02 20:28:45,1420194,,,,,,,,,,,,,,,,,,,,,,,,,,,,,,,,,,,,,,,,,,,,,,,,,TN
185,6281fa2c951b14c5e4430d87f99758aa189aec17,0.1064527889172453,autoland,5096647,1,2d3b5580a91b8117c60610abfc447c7f4ca9b68e,windows10-64-shippable-qr,True,False,,,102210fe594ee9b33d82058545b1ed14f4c8206e,issue9418.pdf,pdfpaint,True,pdfpaint issue9418.pdf opt e10s fission stylo webrender,4768710,77,ms,firefox,457032665,6646825,2024-05-02 21:19:36,1420224,,,,,,,,,,,,,,,,,,,,,,,,,,,,,,,,,,,,,,,,,,,,,,,,,TN
186,e1684cedfdbb6388a6bd82e67e4cace6961c3873,0.29711994166970435,autoland,5096647,1,2d3b5580a91b8117c60610abfc447c7f4ca9b68e,windows10-64-shippable-qr,True,False,,,102210fe594ee9b33d82058545b1ed14f4c8206e,issue9418.pdf,pdfpaint,True,pdfpaint issue9418.pdf opt e10s fission stylo webrender,4768710,77,ms,firefox,457032776,6648579,2024-05-02 21:22:17,1420227,,,,,,,,,,,,,,,,,,,,,,,,,,,,,,,,,,,,,,,,,,,,,,,,,TN
187,7b6efb279754151597539544af020e85dd44f74c,0.045205978855267226,autoland,5096647,1,2d3b5580a91b8117c60610abfc447c7f4ca9b68e,windows10-64-shippable-qr,True,False,,,102210fe594ee9b33d82058545b1ed14f4c8206e,issue9418.pdf,pdfpaint,True,pdfpaint issue9418.pdf opt e10s fission stylo webrender,4768710,77,ms,firefox,457031308,6613055,2024-05-02 21:23:05,1420228,,,,,,,,,,,,,,,,,,,,,,,,,,,,,,,,,,,,,,,,,,,,,,,,,TN
188,7ef20dbc57abd98cece5a37d616852ddc83ee454,0.04666423623769589,autoland,5096647,1,2d3b5580a91b8117c60610abfc447c7f4ca9b68e,windows10-64-shippable-qr,True,False,,,102210fe594ee9b33d82058545b1ed14f4c8206e,issue9418.pdf,pdfpaint,True,pdfpaint issue9418.pdf opt e10s fission stylo webrender,4768710,77,ms,firefox,457005358,6471059,2024-05-02 21:23:55,1420231,,,,,,,,,,,,,,,,,,,,,,,,,,,,,,,,,,,,,,,,,,,,,,,,,TN
189,5ccba76c15cd1d6f44221078e3a6cba2cdb58ec7,0.05833029529711986,autoland,5096647,1,2d3b5580a91b8117c60610abfc447c7f4ca9b68e,windows10-64-shippable-qr,True,False,,,102210fe594ee9b33d82058545b1ed14f4c8206e,issue9418.pdf,pdfpaint,True,pdfpaint issue9418.pdf opt e10s fission stylo webrender,4768710,77,ms,firefox,457005362,6471265,2024-05-02 21:42:11,1420241,,,,,,,,,,,,,,,,,,,,,,,,,,,,,,,,,,,,,,,,,,,,,,,,,TN
190,f4f391c665fd271e68504f6cbafbe2d7bfabb980,0.10353627415238797,autoland,5096647,1,2d3b5580a91b8117c60610abfc447c7f4ca9b68e,windows10-64-shippable-qr,True,False,,,102210fe594ee9b33d82058545b1ed14f4c8206e,issue9418.pdf,pdfpaint,True,pdfpaint issue9418.pdf opt e10s fission stylo webrender,4768710,77,ms,firefox,457005361,6471375,2024-05-02 21:54:45,1420253,,,,,,,,,,,,,,,,,,,,,,,,,,,,,,,,,,,,,,,,,,,,,,,,,TN
191,644738c3ccfe665770b1dce45ba8cbbc1f407628,0.10572366022602964,autoland,5096647,1,2d3b5580a91b8117c60610abfc447c7f4ca9b68e,windows10-64-shippable-qr,True,False,,,102210fe594ee9b33d82058545b1ed14f4c8206e,issue9418.pdf,pdfpaint,True,pdfpaint issue9418.pdf opt e10s fission stylo webrender,4768710,77,ms,firefox,457005533,6473964,2024-05-02 22:22:33,1420268,,,,,,,,,,,,,,,,,,,,,,,,,,,,,,,,,,,,,,,,,,,,,,,,,TN
192,a9d9912b02975ff0a979d534b37455ccb122edd0,0.6540284360189581,autoland,5096647,1,2d3b5580a91b8117c60610abfc447c7f4ca9b68e,windows10-64-shippable-qr,True,False,,,102210fe594ee9b33d82058545b1ed14f4c8206e,issue9418.pdf,pdfpaint,True,pdfpaint issue9418.pdf opt e10s fission stylo webrender,4768710,77,ms,firefox,457005532,6474087,2024-05-02 22:28:24,1420269,,,,,,,,,,,,,,,,,,,,,,,,,,,,,,,,,,,,,,,,,,,,,,,,,TN
193,633189ba73e9c7ae226df71318954eb26889cc41,0.36930368209989073,autoland,5096647,1,2d3b5580a91b8117c60610abfc447c7f4ca9b68e,windows10-64-shippable-qr,True,False,,,102210fe594ee9b33d82058545b1ed14f4c8206e,issue9418.pdf,pdfpaint,True,pdfpaint issue9418.pdf opt e10s fission stylo webrender,4768710,77,ms,firefox,457005369,6472156,2024-05-02 22:43:30,1420275,,,,,,,,,,,,,,,,,,,,,,,,,,,,,,,,,,,,,,,,,,,,,,,,,TN
194,6331b11ff4eaf1676f152a5d46cde980cda0ebb2,0.03973751367116307,autoland,5096647,1,2d3b5580a91b8117c60610abfc447c7f4ca9b68e,windows10-64-shippable-qr,True,False,,,102210fe594ee9b33d82058545b1ed14f4c8206e,issue9418.pdf,pdfpaint,True,pdfpaint issue9418.pdf opt e10s fission stylo webrender,4768710,77,ms,firefox,457005368,6472537,2024-05-02 22:52:02,1420279,,,,,,,,,,,,,,,,,,,,,,,,,,,,,,,,,,,,,,,,,,,,,,,,,TN
195,47020ae49c1dd36802fde8ee1f225e664199c6fb,0.03937294932555524,autoland,5096647,1,2d3b5580a91b8117c60610abfc447c7f4ca9b68e,windows10-64-shippable-qr,True,False,,,102210fe594ee9b33d82058545b1ed14f4c8206e,issue9418.pdf,pdfpaint,True,pdfpaint issue9418.pdf opt e10s fission stylo webrender,4768710,77,ms,firefox,457005371,6472022,2024-05-02 23:01:26,1420286,,,,,,,,,,,,,,,,,,,,,,,,,,,,,,,,,,,,,,,,,,,,,,,,,TN
196,0e11dd151dee114501d10b511f3b0c1bd69f6d61,0.06452788917243879,autoland,5096647,1,2d3b5580a91b8117c60610abfc447c7f4ca9b68e,windows10-64-shippable-qr,True,False,,,102210fe594ee9b33d82058545b1ed14f4c8206e,issue9418.pdf,pdfpaint,True,pdfpaint issue9418.pdf opt e10s fission stylo webrender,4768710,77,ms,firefox,457005370,6472264,2024-05-02 23:31:57,1420319,,,,,,,,,,,,,,,,,,,,,,,,,,,,,,,,,,,,,,,,,,,,,,,,,TN
197,f5cfc0ea73926b119ca193381efffbfa5859d867,0.10098432373313848,autoland,5096647,1,2d3b5580a91b8117c60610abfc447c7f4ca9b68e,windows10-64-shippable-qr,True,False,,,102210fe594ee9b33d82058545b1ed14f4c8206e,issue9418.pdf,pdfpaint,True,pdfpaint issue9418.pdf opt e10s fission stylo webrender,4768710,77,ms,firefox,456777396,5138777,2024-05-02 23:51:01,1420328,,,,,,,,,,,,,,,,,,,,,,,,,,,,,,,,,,,,,,,,,,,,,,,,,TN
198,c5c13444d9afc38f2ee8d567a1a17f26a9b6659b,0.5665329930732774,autoland,5096647,1,2d3b5580a91b8117c60610abfc447c7f4ca9b68e,windows10-64-shippable-qr,True,False,,,102210fe594ee9b33d82058545b1ed14f4c8206e,issue9418.pdf,pdfpaint,True,pdfpaint issue9418.pdf opt e10s fission stylo webrender,4768710,77,ms,firefox,456791702,5266180,2024-05-03 04:04:06,1420386,,,,,,,,,,,,,,,,,,,,,,,,,,,,,,,,,,,,,,,,,,,,,,,,,TN
199,fd534101970b397f34b099196fabc43b927c7fcf,0.3146919431279622,autoland,5096647,1,2d3b5580a91b8117c60610abfc447c7f4ca9b68e,windows10-64-shippable-qr,True,False,,,102210fe594ee9b33d82058545b1ed14f4c8206e,issue9418.pdf,pdfpaint,True,pdfpaint issue9418.pdf opt e10s fission stylo webrender,4768710,77,ms,firefox,456817311,5366867,2024-05-03 08:10:40,1420452,,,,,,,,,,,,,,,,,,,,,,,,,,,,,,,,,,,,,,,,,,,,,,,,,TN
200,e91d8e436dcc57f87d15822b1dc5b12644cb980e,0.7728764126868395,autoland,5096647,1,2d3b5580a91b8117c60610abfc447c7f4ca9b68e,windows10-64-shippable-qr,True,False,,,102210fe594ee9b33d82058545b1ed14f4c8206e,issue9418.pdf,pdfpaint,True,pdfpaint issue9418.pdf opt e10s fission stylo webrender,4768710,77,ms,firefox,456870144,5623539,2024-05-03 12:18:12,1420590,,,,,,,,,,,,,,,,,,,,,,,,,,,,,,,,,,,,,,,,,,,,,,,,,TN
201,0a8a8f84140a331e815f8520a76a3c928e4486ea,0.2859642726941303,autoland,5096647,1,2d3b5580a91b8117c60610abfc447c7f4ca9b68e,windows10-64-shippable-qr,True,False,,,102210fe594ee9b33d82058545b1ed14f4c8206e,issue9418.pdf,pdfpaint,True,pdfpaint issue9418.pdf opt e10s fission stylo webrender,4768710,77,ms,firefox,456889845,5795332,2024-05-03 16:29:14,1420823,,,,,,,,,,,,,,,,,,,,,,,,,,,,,,,,,,,,,,,,,,,,,,,,,TN
202,1e88e24f01e40c6d9b7e3f222f4fbb0d55c9639d,0.4845060153117027,autoland,5096647,1,2d3b5580a91b8117c60610abfc447c7f4ca9b68e,windows10-64-shippable-qr,True,False,,,102210fe594ee9b33d82058545b1ed14f4c8206e,issue9418.pdf,pdfpaint,True,pdfpaint issue9418.pdf opt e10s fission stylo webrender,4768710,77,ms,firefox,456909051,5932872,2024-05-03 19:41:01,1420975,,,,,,,,,,,,,,,,,,,,,,,,,,,,,,,,,,,,,,,,,,,,,,,,,TN
203,b5ebcaf20c9cca5a0f4b965c398f0f26296df1b5,0.33843723417183025,autoland,5096647,1,2d3b5580a91b8117c60610abfc447c7f4ca9b68e,windows10-64-shippable-qr,True,False,,,102210fe594ee9b33d82058545b1ed14f4c8206e,issue9418.pdf,pdfpaint,True,pdfpaint issue9418.pdf opt e10s fission stylo webrender,4768710,77,ms,firefox,456935112,6089342,2024-05-04 00:06:35,1421120,,,,,,,,,,,,,,,,,,,,,,,,,,,,,,,,,,,,,,,,,,,,,,,,,TN
204,a546ec29a8018c8e98e738460e9bdfd5d4003690,0.14998177178271987,autoland,5096647,1,2d3b5580a91b8117c60610abfc447c7f4ca9b68e,windows10-64-shippable-qr,True,False,,,102210fe594ee9b33d82058545b1ed14f4c8206e,issue9418.pdf,pdfpaint,True,pdfpaint issue9418.pdf opt e10s fission stylo webrender,4768710,77,ms,firefox,456959909,6240990,2024-05-04 09:19:48,1421174,,,,,,,,,,,,,,,,,,,,,,,,,,,,,,,,,,,,,,,,,,,,,,,,,TN
205,422a6a673019bc0e2dfd459eceee9594246a0a9d,0.2457163689391173,autoland,5096647,1,2d3b5580a91b8117c60610abfc447c7f4ca9b68e,windows10-64-shippable-qr,True,False,,,102210fe594ee9b33d82058545b1ed14f4c8206e,issue9418.pdf,pdfpaint,True,pdfpaint issue9418.pdf opt e10s fission stylo webrender,4768710,77,ms,firefox,456979947,6348326,2024-05-04 19:44:42,1421318,,,,,,,,,,,,,,,,,,,,,,,,,,,,,,,,,,,,,,,,,,,,,,,,,TN
206,1343ec609dea28acb4b297bebd481211e1742b11,0.11957710535909616,autoland,5096647,1,2d3b5580a91b8117c60610abfc447c7f4ca9b68e,windows10-64-shippable-qr,True,False,,,102210fe594ee9b33d82058545b1ed14f4c8206e,issue9418.pdf,pdfpaint,True,pdfpaint issue9418.pdf opt e10s fission stylo webrender,4768710,77,ms,firefox,456996480,6417064,2024-05-05 00:17:27,1421344,,,,,,,,,,,,,,,,,,,,,,,,,,,,,,,,,,,,,,,,,,,,,,,,,TN
207,5c3e0ef9b916432dfc42f800c3c7997f58ae5a63,0.21290557783448794,autoland,5096647,1,2d3b5580a91b8117c60610abfc447c7f4ca9b68e,windows10-64-shippable-qr,True,False,,,102210fe594ee9b33d82058545b1ed14f4c8206e,issue9418.pdf,pdfpaint,True,pdfpaint issue9418.pdf opt e10s fission stylo webrender,4768710,77,ms,firefox,457010555,6518540,2024-05-05 08:06:08,1421422,,,,,,,,,,,,,,,,,,,,,,,,,,,,,,,,,,,,,,,,,,,,,,,,,TN
208,286a373804e5360a54d51ec691ba7bfd02def155,0.05504921618665648,autoland,5096647,1,2d3b5580a91b8117c60610abfc447c7f4ca9b68e,windows10-64-shippable-qr,True,False,,,102210fe594ee9b33d82058545b1ed14f4c8206e,issue9418.pdf,pdfpaint,True,pdfpaint issue9418.pdf opt e10s fission stylo webrender,4768710,77,ms,firefox,457031837,6631602,2024-05-05 13:09:56,1421444,,,,,,,,,,,,,,,,,,,,,,,,,,,,,,,,,,,,,,,,,,,,,,,,,TN
209,a6cb5ac7a79af000e99bf48f04ecb2943fcd3c68,0.2380605176813715,autoland,5096647,1,2d3b5580a91b8117c60610abfc447c7f4ca9b68e,windows10-64-shippable-qr,True,False,,,102210fe594ee9b33d82058545b1ed14f4c8206e,issue9418.pdf,pdfpaint,True,pdfpaint issue9418.pdf opt e10s fission stylo webrender,4768710,77,ms,firefox,457036774,6683616,2024-05-05 17:38:00,1421459,,,,,,,,,,,,,,,,,,,,,,,,,,,,,,,,,,,,,,,,,,,,,,,,,TN
210,ea67e3b59c22cea8a2c797ce9a6608d3ddeaeca9,0.43266496536638765,autoland,5096647,1,2d3b5580a91b8117c60610abfc447c7f4ca9b68e,windows10-64-shippable-qr,True,False,,,102210fe594ee9b33d82058545b1ed14f4c8206e,issue9418.pdf,pdfpaint,True,pdfpaint issue9418.pdf opt e10s fission stylo webrender,4768710,77,ms,firefox,457055567,6781094,2024-05-05 22:09:52,1421479,,,,,,,,,,,,,,,,,,,,,,,,,,,,,,,,,,,,,,,,,,,,,,,,,TN
211,ab041350c7569b831b00994a96625b9354dcf6b6,0.13634706525701734,autoland,5096647,1,2d3b5580a91b8117c60610abfc447c7f4ca9b68e,windows10-64-shippable-qr,True,False,,,102210fe594ee9b33d82058545b1ed14f4c8206e,issue9418.pdf,pdfpaint,True,pdfpaint issue9418.pdf opt e10s fission stylo webrender,4768710,77,ms,firefox,457060861,6837842,2024-05-06 03:19:39,1421502,,,,,,,,,,,,,,,,,,,,,,,,,,,,,,,,,,,,,,,,,,,,,,,,,TN
212,65e120a9c1dcb9c8f1c8930e808b03aa149eaf40,0.18738607364199744,autoland,5096647,1,2d3b5580a91b8117c60610abfc447c7f4ca9b68e,windows10-64-shippable-qr,True,False,,,102210fe594ee9b33d82058545b1ed14f4c8206e,issue9418.pdf,pdfpaint,True,pdfpaint issue9418.pdf opt e10s fission stylo webrender,4768710,77,ms,firefox,457071428,6901729,2024-05-06 07:31:35,1421524,,,,,,,,,,,,,,,,,,,,,,,,,,,,,,,,,,,,,,,,,,,,,,,,,TN
213,13b26e8e0e39998b30b388bb6f5d84c0e8067c03,0.48778709442216606,autoland,5096647,1,2d3b5580a91b8117c60610abfc447c7f4ca9b68e,windows10-64-shippable-qr,True,False,,,102210fe594ee9b33d82058545b1ed14f4c8206e,issue9418.pdf,pdfpaint,True,pdfpaint issue9418.pdf opt e10s fission stylo webrender,4768710,77,ms,firefox,457106881,7056492,2024-05-06 11:33:14,1421623,,,,,,,,,,,,,,,,,,,,,,,,,,,,,,,,,,,,,,,,,,,,,,,,,TN
214,26e8012d5da938871783505e3753b681ab8cb186,0.5209624498724024,autoland,5096647,1,2d3b5580a91b8117c60610abfc447c7f4ca9b68e,windows10-64-shippable-qr,True,False,,,102210fe594ee9b33d82058545b1ed14f4c8206e,issue9418.pdf,pdfpaint,True,pdfpaint issue9418.pdf opt e10s fission stylo webrender,4768710,77,ms,firefox,457134069,7176612,2024-05-06 15:35:21,1421812,,,,,,,,,,,,,,,,,,,,,,,,,,,,,,,,,,,,,,,,,,,,,,,,,TN
215,eb10b86b18adfc70952409e13993f834d33fa099,0.11629602624863278,autoland,5096647,1,2d3b5580a91b8117c60610abfc447c7f4ca9b68e,windows10-64-shippable-qr,True,False,,,102210fe594ee9b33d82058545b1ed14f4c8206e,issue9418.pdf,pdfpaint,True,pdfpaint issue9418.pdf opt e10s fission stylo webrender,4768710,77,ms,firefox,457153329,7265227,2024-05-06 17:44:25,1421908,,,,,,,,,,,,,,,,,,,,,,,,,,,,,,,,,,,,,,,,,,,,,,,,,TN
216,4c7b1942b455d9c365693e5584f7ea86c5b33615,0.2883703973751368,autoland,5096647,1,2d3b5580a91b8117c60610abfc447c7f4ca9b68e,windows10-64-shippable-qr,True,False,,,102210fe594ee9b33d82058545b1ed14f4c8206e,issue9418.pdf,pdfpaint,True,pdfpaint issue9418.pdf opt e10s fission stylo webrender,4768710,77,ms,firefox,457179781,7361659,2024-05-06 20:39:16,1422073,,,,,,,,,,,,,,,,,,,,,,,,,,,,,,,,,,,,,,,,,,,,,,,,,TN
217,945bbd356b57424bcdb359e6d88c48cd03ff2c10,0.06051768137076241,autoland,5096647,1,2d3b5580a91b8117c60610abfc447c7f4ca9b68e,windows10-64-shippable-qr,True,False,,,102210fe594ee9b33d82058545b1ed14f4c8206e,issue9418.pdf,pdfpaint,True,pdfpaint issue9418.pdf opt e10s fission stylo webrender,4768710,77,ms,firefox,457211682,7502837,2024-05-07 01:41:54,1422278,,,,,,,,,,,,,,,,,,,,,,,,,,,,,,,,,,,,,,,,,,,,,,,,,TN
218,80150ac16109a11457c3103e68bf1c7ac29270c0,0.1301494713816993,autoland,5096647,1,2d3b5580a91b8117c60610abfc447c7f4ca9b68e,windows10-64-shippable-qr,True,False,,,102210fe594ee9b33d82058545b1ed14f4c8206e,issue9418.pdf,pdfpaint,True,pdfpaint issue9418.pdf opt e10s fission stylo webrender,4768710,77,ms,firefox,457232103,7598281,2024-05-07 06:04:59,1422341,,,,,,,,,,,,,,,,,,,,,,,,,,,,,,,,,,,,,,,,,,,,,,,,,TN
219,641e15621e7bd2e0e8a2fab82d2b9838e386c3c4,0.09916150200510376,autoland,5096647,1,2d3b5580a91b8117c60610abfc447c7f4ca9b68e,windows10-64-shippable-qr,True,False,,,102210fe594ee9b33d82058545b1ed14f4c8206e,issue9418.pdf,pdfpaint,True,pdfpaint issue9418.pdf opt e10s fission stylo webrender,4768710,77,ms,firefox,457279737,7778855,2024-05-07 10:41:19,1422484,,,,,,,,,,,,,,,,,,,,,,,,,,,,,,,,,,,,,,,,,,,,,,,,,TN
220,0041f761ddff5c598852d2b5cc41772a3a11cd0b,0.10147040952728048,autoland,5096647,1,2d3b5580a91b8117c60610abfc447c7f4ca9b68e,windows10-64-shippable-qr,True,False,,,102210fe594ee9b33d82058545b1ed14f4c8206e,issue9418.pdf,pdfpaint,True,pdfpaint issue9418.pdf opt e10s fission stylo webrender,4768710,77,ms,firefox,457312100,7914717,2024-05-07 14:42:49,1422671,,,,,,,,,,,,,,,,,,,,,,,,,,,,,,,,,,,,,,,,,,,,,,,,,TN
221,425b44586178edae02872c1fbc0220a0b4ff4c1d,1.0,autoland,5096647,1,2d3b5580a91b8117c60610abfc447c7f4ca9b68e,windows10-64-shippable-qr,True,False,,,102210fe594ee9b33d82058545b1ed14f4c8206e,issue9418.pdf,pdfpaint,True,pdfpaint issue9418.pdf opt e10s fission stylo webrender,4768710,77,ms,firefox,457353848,8205065,2024-05-07 18:25:44,1422943,,,,,,,,,,,,,,,,,,,,,,,,,,,,,,,,,,,,,,,,,,,,,,,,,TN
222,149e752fdb3fa75a3a02f55e7c7c91f7f704cf8a,0.4294567991250462,autoland,5096647,1,2d3b5580a91b8117c60610abfc447c7f4ca9b68e,windows10-64-shippable-qr,True,False,,,102210fe594ee9b33d82058545b1ed14f4c8206e,issue9418.pdf,pdfpaint,True,pdfpaint issue9418.pdf opt e10s fission stylo webrender,4768710,77,ms,firefox,457375777,8293290,2024-05-07 22:14:58,1423124,,,,,,,,,,,,,,,,,,,,,,,,,,,,,,,,,,,,,,,,,,,,,,,,,TN
223,a0b3e2669a2dc49c467521cb9b7966ca05e3dbc3,0.11520233321181195,autoland,5096647,1,2d3b5580a91b8117c60610abfc447c7f4ca9b68e,windows10-64-shippable-qr,True,False,,,102210fe594ee9b33d82058545b1ed14f4c8206e,issue9418.pdf,pdfpaint,True,pdfpaint issue9418.pdf opt e10s fission stylo webrender,4768710,77,ms,firefox,457410025,8471108,2024-05-08 04:41:52,1423269,,,,,,,,,,,,,,,,,,,,,,,,,,,,,,,,,,,,,,,,,,,,,,,,,TN
224,bec816ef2f2c29ed86b08bb592d6283618418e16,0.4746627779803134,autoland,5096647,1,2d3b5580a91b8117c60610abfc447c7f4ca9b68e,windows10-64-shippable-qr,True,False,,,102210fe594ee9b33d82058545b1ed14f4c8206e,issue9418.pdf,pdfpaint,True,pdfpaint issue9418.pdf opt e10s fission stylo webrender,4768710,77,ms,firefox,457423309,8552444,2024-05-08 08:48:11,1423316,,,,,,,,,,,,,,,,,,,,,,,,,,,,,,,,,,,,,,,,,,,,,,,,,TN
225,ed7b6f65910afcd687ef5aaa25605666805796bb,0.10353627415238797,autoland,5096647,1,2d3b5580a91b8117c60610abfc447c7f4ca9b68e,windows10-64-shippable-qr,True,False,,,102210fe594ee9b33d82058545b1ed14f4c8206e,issue9418.pdf,pdfpaint,True,pdfpaint issue9418.pdf opt e10s fission stylo webrender,4768710,77,ms,firefox,457470940,8733006,2024-05-08 13:09:13,1423417,,,,,,,,,,,,,,,,,,,,,,,,,,,,,,,,,,,,,,,,,,,,,,,,,TN
