repository_name,signature_id,framework_id,signature_hash,machine_platform,should_alert,has_subtests,extra_options,tags,option_collection_hash,test,suite,lower_is_better,name,parent_signature,repository_id,measurement_unit,application,job_id,entry_id,push_timestamp,value,revision,push_id
autoland,5096028,1,1ecf16f2f01f94fdd0a7c64ea14de70424a5db1d,windows10-64-shippable-qr,True,False,,,102210fe594ee9b33d82058545b1ed14f4c8206e,issue14562.pdf,pdfpaint,True,pdfpaint issue14562.pdf opt e10s fission stylo webrender,4768710,77,ms,firefox,453912216,1870676782,2024-04-08T13:49:41,821.95,1b56c653a5ee3a14ec0955b092498999e9333bfa,1405618
autoland,5096028,1,1ecf16f2f01f94fdd0a7c64ea14de70424a5db1d,windows10-64-shippable-qr,True,False,,,102210fe594ee9b33d82058545b1ed14f4c8206e,issue14562.pdf,pdfpaint,True,pdfpaint issue14562.pdf opt e10s fission stylo webrender,4768710,77,ms,firefox,453960221,1870830215,2024-04-08T19:08:45,827.0,79551503d77c8353439905d86ec3033546f0c874,1405880
autoland,5096028,1,1ecf16f2f01f94fdd0a7c64ea14de70424a5db1d,windows10-64-shippable-qr,True,False,,,102210fe594ee9b33d82058545b1ed14f4c8206e,issue14562.pdf,pdfpaint,True,pdfpaint issue14562.pdf opt e10s fission stylo webrender,4768710,77,ms,firefox,453997893,1870974566,2024-04-08T23:24:57,807.06,c19d16f89e851b3d8052fb11a8e8f0ae3f4cb9b7,1406026
autoland,5096028,1,1ecf16f2f01f94fdd0a7c64ea14de70424a5db1d,windows10-64-shippable-qr,True,False,,,102210fe594ee9b33d82058545b1ed14f4c8206e,issue14562.pdf,pdfpaint,True,pdfpaint issue14562.pdf opt e10s fission stylo webrender,4768710,77,ms,firefox,454020255,1871132828,2024-04-09T06:15:12,832.73,643848d855ebb8ab8d9d7009ca7ce9d21d267b34,1406147
autoland,5096028,1,1ecf16f2f01f94fdd0a7c64ea14de70424a5db1d,windows10-64-shippable-qr,True,False,,,102210fe594ee9b33d82058545b1ed14f4c8206e,issue14562.pdf,pdfpaint,True,pdfpaint issue14562.pdf opt e10s fission stylo webrender,4768710,77,ms,firefox,454046620,1871228194,2024-04-09T10:19:15,835.8599999999999,7cd4aaac69823ebb7b440d4e14d05275ba50a073,1406264
autoland,5096028,1,1ecf16f2f01f94fdd0a7c64ea14de70424a5db1d,windows10-64-shippable-qr,True,False,,,102210fe594ee9b33d82058545b1ed14f4c8206e,issue14562.pdf,pdfpaint,True,pdfpaint issue14562.pdf opt e10s fission stylo webrender,4768710,77,ms,firefox,454084766,1871417128,2024-04-09T14:26:21,828.6500000000001,34fef7e7706b912024aa3ba8826647e5ddc0a0ab,1406452
autoland,5096028,1,1ecf16f2f01f94fdd0a7c64ea14de70424a5db1d,windows10-64-shippable-qr,True,False,,,102210fe594ee9b33d82058545b1ed14f4c8206e,issue14562.pdf,pdfpaint,True,pdfpaint issue14562.pdf opt e10s fission stylo webrender,4768710,77,ms,firefox,454089057,1871451847,2024-04-09T17:03:26,821.96,e3c9c90141d0f6b39792470ce489a5af6123cc15,1406581
autoland,5096028,1,1ecf16f2f01f94fdd0a7c64ea14de70424a5db1d,windows10-64-shippable-qr,True,False,,,102210fe594ee9b33d82058545b1ed14f4c8206e,issue14562.pdf,pdfpaint,True,pdfpaint issue14562.pdf opt e10s fission stylo webrender,4768710,77,ms,firefox,454113241,1871540623,2024-04-09T20:18:20,824.38,42fe954d2d47356658d58a292876a6f15d6cbc51,1406718
autoland,5096028,1,1ecf16f2f01f94fdd0a7c64ea14de70424a5db1d,windows10-64-shippable-qr,True,False,,,102210fe594ee9b33d82058545b1ed14f4c8206e,issue14562.pdf,pdfpaint,True,pdfpaint issue14562.pdf opt e10s fission stylo webrender,4768710,77,ms,firefox,454135029,1871652960,2024-04-10T00:18:40,813.3199999999999,c6228adca1a9c453ab8514c86ee26ee9a7903d27,1406841
autoland,5096028,1,1ecf16f2f01f94fdd0a7c64ea14de70424a5db1d,windows10-64-shippable-qr,True,False,,,102210fe594ee9b33d82058545b1ed14f4c8206e,issue14562.pdf,pdfpaint,True,pdfpaint issue14562.pdf opt e10s fission stylo webrender,4768710,77,ms,firefox,454141981,1871716906,2024-04-10T05:00:45,839.4200000000001,a3f0d7e2d176a84f97e08088b78e1abe8da0a5f7,1406899
autoland,5096028,1,1ecf16f2f01f94fdd0a7c64ea14de70424a5db1d,windows10-64-shippable-qr,True,False,,,102210fe594ee9b33d82058545b1ed14f4c8206e,issue14562.pdf,pdfpaint,True,pdfpaint issue14562.pdf opt e10s fission stylo webrender,4768710,77,ms,firefox,454158732,1871794582,2024-04-10T09:31:15,806.12,cb449d228d38790ba76f64d551817f6a804c044e,1406973
autoland,5096028,1,1ecf16f2f01f94fdd0a7c64ea14de70424a5db1d,windows10-64-shippable-qr,True,False,,,102210fe594ee9b33d82058545b1ed14f4c8206e,issue14562.pdf,pdfpaint,True,pdfpaint issue14562.pdf opt e10s fission stylo webrender,4768710,77,ms,firefox,454189369,1871911234,2024-04-10T13:31:55,826.79,53228f89fadff09aff9d51b46652c77d94059014,1407087
autoland,5096028,1,1ecf16f2f01f94fdd0a7c64ea14de70424a5db1d,windows10-64-shippable-qr,True,False,,,102210fe594ee9b33d82058545b1ed14f4c8206e,issue14562.pdf,pdfpaint,True,pdfpaint issue14562.pdf opt e10s fission stylo webrender,4768710,77,ms,firefox,454209667,1872020214,2024-04-10T17:21:37,820.62,a30d53cfa601940935af0c765cccbdde2178bb67,1407259
autoland,5096028,1,1ecf16f2f01f94fdd0a7c64ea14de70424a5db1d,windows10-64-shippable-qr,True,False,,,102210fe594ee9b33d82058545b1ed14f4c8206e,issue14562.pdf,pdfpaint,True,pdfpaint issue14562.pdf opt e10s fission stylo webrender,4768710,77,ms,firefox,454235969,1872151790,2024-04-10T20:55:18,817.04,bc425d90bbe9987cc754323772553d4be3e6de83,1407422
autoland,5096028,1,1ecf16f2f01f94fdd0a7c64ea14de70424a5db1d,windows10-64-shippable-qr,True,False,,,102210fe594ee9b33d82058545b1ed14f4c8206e,issue14562.pdf,pdfpaint,True,pdfpaint issue14562.pdf opt e10s fission stylo webrender,4768710,77,ms,firefox,454256434,1872282634,2024-04-11T01:15:30,809.29,1ae79ee05e2fe6a64e1916d65c78979921af1e5e,1407545
autoland,5096028,1,1ecf16f2f01f94fdd0a7c64ea14de70424a5db1d,windows10-64-shippable-qr,True,False,,,102210fe594ee9b33d82058545b1ed14f4c8206e,issue14562.pdf,pdfpaint,True,pdfpaint issue14562.pdf opt e10s fission stylo webrender,4768710,77,ms,firefox,454275145,1872421720,2024-04-11T06:36:24,814.65,7a8a0223fffe0f06dd2e7aad79bf1920cf1430c0,1407612
autoland,5096028,1,1ecf16f2f01f94fdd0a7c64ea14de70424a5db1d,windows10-64-shippable-qr,True,False,,,102210fe594ee9b33d82058545b1ed14f4c8206e,issue14562.pdf,pdfpaint,True,pdfpaint issue14562.pdf opt e10s fission stylo webrender,4768710,77,ms,firefox,454308534,1872641934,2024-04-11T11:27:44,827.97,747c6705d00627b032063055173575d6e6043880,1407747
autoland,5096028,1,1ecf16f2f01f94fdd0a7c64ea14de70424a5db1d,windows10-64-shippable-qr,True,False,,,102210fe594ee9b33d82058545b1ed14f4c8206e,issue14562.pdf,pdfpaint,True,pdfpaint issue14562.pdf opt e10s fission stylo webrender,4768710,77,ms,firefox,454325188,1872754793,2024-04-11T15:41:30,816.3299999999999,bbca818d6385ef61c987f967ebccfe9df63fc36b,1407834
autoland,5096028,1,1ecf16f2f01f94fdd0a7c64ea14de70424a5db1d,windows10-64-shippable-qr,True,False,,,102210fe594ee9b33d82058545b1ed14f4c8206e,issue14562.pdf,pdfpaint,True,pdfpaint issue14562.pdf opt e10s fission stylo webrender,4768710,77,ms,firefox,454339475,1872845773,2024-04-11T18:08:24,808.8299999999999,036ac9a41b52b5af1836d103d3a7aefad37e2b87,1407970
autoland,5096028,1,1ecf16f2f01f94fdd0a7c64ea14de70424a5db1d,windows10-64-shippable-qr,True,False,,,102210fe594ee9b33d82058545b1ed14f4c8206e,issue14562.pdf,pdfpaint,True,pdfpaint issue14562.pdf opt e10s fission stylo webrender,4768710,77,ms,firefox,454371907,1872983804,2024-04-11T23:15:25,824.35,90ef908ff18573cca9f4f0e5d676df56875c68b5,1408175
autoland,5096028,1,1ecf16f2f01f94fdd0a7c64ea14de70424a5db1d,windows10-64-shippable-qr,True,False,,,102210fe594ee9b33d82058545b1ed14f4c8206e,issue14562.pdf,pdfpaint,True,pdfpaint issue14562.pdf opt e10s fission stylo webrender,4768710,77,ms,firefox,454404713,1873190329,2024-04-12T14:13:45,817.3399999999999,be4463b26a49bdb9c791eaf7d0b41ff9eb0294d3,1408318
autoland,5096028,1,1ecf16f2f01f94fdd0a7c64ea14de70424a5db1d,windows10-64-shippable-qr,True,False,,,102210fe594ee9b33d82058545b1ed14f4c8206e,issue14562.pdf,pdfpaint,True,pdfpaint issue14562.pdf opt e10s fission stylo webrender,4768710,77,ms,firefox,454423348,1873294540,2024-04-12T20:21:58,801.6700000000001,5e5bc998487f4e6ee9fe6fe52ca5eb66cd37de03,1408379
autoland,5096028,1,1ecf16f2f01f94fdd0a7c64ea14de70424a5db1d,windows10-64-shippable-qr,True,False,,,102210fe594ee9b33d82058545b1ed14f4c8206e,issue14562.pdf,pdfpaint,True,pdfpaint issue14562.pdf opt e10s fission stylo webrender,4768710,77,ms,firefox,454440844,1873406120,2024-04-13T06:05:05,848.6600000000001,39657b697a7ffcda0f07cae917b68f1e84f57d54,1408439
autoland,5096028,1,1ecf16f2f01f94fdd0a7c64ea14de70424a5db1d,windows10-64-shippable-qr,True,False,,,102210fe594ee9b33d82058545b1ed14f4c8206e,issue14562.pdf,pdfpaint,True,pdfpaint issue14562.pdf opt e10s fission stylo webrender,4768710,77,ms,firefox,454464413,1873510565,2024-04-13T20:36:37,810.45,1dc823d4e96db6fe0450fcb588466eff7038b4cc,1408512
autoland,5096028,1,1ecf16f2f01f94fdd0a7c64ea14de70424a5db1d,windows10-64-shippable-qr,True,False,,,102210fe594ee9b33d82058545b1ed14f4c8206e,issue14562.pdf,pdfpaint,True,pdfpaint issue14562.pdf opt e10s fission stylo webrender,4768710,77,ms,firefox,454484934,1873658662,2024-04-14T12:41:18,818.5699999999999,25a22c2f939167a119d912b3fe61312db879d576,1408562
autoland,5096028,1,1ecf16f2f01f94fdd0a7c64ea14de70424a5db1d,windows10-64-shippable-qr,True,False,,,102210fe594ee9b33d82058545b1ed14f4c8206e,issue14562.pdf,pdfpaint,True,pdfpaint issue14562.pdf opt e10s fission stylo webrender,4768710,77,ms,firefox,454505984,1873809156,2024-04-15T00:20:26,808.37,8c457b0d7626241855c3c025a2531eb5f00b8cfc,1408605
autoland,5096028,1,1ecf16f2f01f94fdd0a7c64ea14de70424a5db1d,windows10-64-shippable-qr,True,False,,,102210fe594ee9b33d82058545b1ed14f4c8206e,issue14562.pdf,pdfpaint,True,pdfpaint issue14562.pdf opt e10s fission stylo webrender,4768710,77,ms,firefox,454512057,1873844170,2024-04-15T05:51:41,834.36,4b17d2a2a7ae64b3c8d364d200a6b97cc636dffd,1408627
autoland,5096028,1,1ecf16f2f01f94fdd0a7c64ea14de70424a5db1d,windows10-64-shippable-qr,True,False,,,102210fe594ee9b33d82058545b1ed14f4c8206e,issue14562.pdf,pdfpaint,True,pdfpaint issue14562.pdf opt e10s fission stylo webrender,4768710,77,ms,firefox,454540075,1873974407,2024-04-15T10:25:42,829.75,177f569e862519d4372977ba20b630f95e24ef1c,1408738
autoland,5096028,1,1ecf16f2f01f94fdd0a7c64ea14de70424a5db1d,windows10-64-shippable-qr,True,False,,,102210fe594ee9b33d82058545b1ed14f4c8206e,issue14562.pdf,pdfpaint,True,pdfpaint issue14562.pdf opt e10s fission stylo webrender,4768710,77,ms,firefox,454575128,1874080634,2024-04-15T14:58:12,814.29,4897460458d13272e6016fd9e4c184c3c41cbd74,1408898
autoland,5096028,1,1ecf16f2f01f94fdd0a7c64ea14de70424a5db1d,windows10-64-shippable-qr,True,False,,,102210fe594ee9b33d82058545b1ed14f4c8206e,issue14562.pdf,pdfpaint,True,pdfpaint issue14562.pdf opt e10s fission stylo webrender,4768710,77,ms,firefox,454611608,1874267652,2024-04-15T18:18:39,822.11,d49ecc17e4ae83fbccee8ffbe50a119039d1e408,1409057
autoland,5096028,1,1ecf16f2f01f94fdd0a7c64ea14de70424a5db1d,windows10-64-shippable-qr,True,False,,,102210fe594ee9b33d82058545b1ed14f4c8206e,issue14562.pdf,pdfpaint,True,pdfpaint issue14562.pdf opt e10s fission stylo webrender,4768710,77,ms,firefox,454619765,1874315572,2024-04-15T20:13:44,860.11,8d488b7ac977a67ba128a580f6959fe058df2fe5,1409141
autoland,5096028,1,1ecf16f2f01f94fdd0a7c64ea14de70424a5db1d,windows10-64-shippable-qr,True,False,,,102210fe594ee9b33d82058545b1ed14f4c8206e,issue14562.pdf,pdfpaint,True,pdfpaint issue14562.pdf opt e10s fission stylo webrender,4768710,77,ms,firefox,454632229,1874396936,2024-04-15T21:50:25,814.77,547363a98ae60f0645c5cc21aeecffb7e0ddb047,1409212
autoland,5096028,1,1ecf16f2f01f94fdd0a7c64ea14de70424a5db1d,windows10-64-shippable-qr,True,False,,,102210fe594ee9b33d82058545b1ed14f4c8206e,issue14562.pdf,pdfpaint,True,pdfpaint issue14562.pdf opt e10s fission stylo webrender,4768710,77,ms,firefox,454646274,1874450835,2024-04-16T00:41:18,813.04,5a31505f08c64efa6eb7a8ed02d5e9c0db448e37,1409277
autoland,5096028,1,1ecf16f2f01f94fdd0a7c64ea14de70424a5db1d,windows10-64-shippable-qr,True,False,,,102210fe594ee9b33d82058545b1ed14f4c8206e,issue14562.pdf,pdfpaint,True,pdfpaint issue14562.pdf opt e10s fission stylo webrender,4768710,77,ms,firefox,454675897,1874578422,2024-04-16T05:04:40,826.44,69a1a1d802b357216fef131d6ad99816defddc1f,1409360
autoland,5096028,1,1ecf16f2f01f94fdd0a7c64ea14de70424a5db1d,windows10-64-shippable-qr,True,False,,,102210fe594ee9b33d82058545b1ed14f4c8206e,issue14562.pdf,pdfpaint,True,pdfpaint issue14562.pdf opt e10s fission stylo webrender,4768710,77,ms,firefox,454698585,1874648295,2024-04-16T09:18:49,818.5699999999999,2949cb403e680d76f7bcb101117ceefeb480b064,1409480
autoland,5096028,1,1ecf16f2f01f94fdd0a7c64ea14de70424a5db1d,windows10-64-shippable-qr,True,False,,,102210fe594ee9b33d82058545b1ed14f4c8206e,issue14562.pdf,pdfpaint,True,pdfpaint issue14562.pdf opt e10s fission stylo webrender,4768710,77,ms,firefox,454713923,1874715939,2024-04-16T13:28:04,809.8800000000001,11d1c89ad8b2dad0cee1caf733cd833e448945eb,1409649
autoland,5096028,1,1ecf16f2f01f94fdd0a7c64ea14de70424a5db1d,windows10-64-shippable-qr,True,False,,,102210fe594ee9b33d82058545b1ed14f4c8206e,issue14562.pdf,pdfpaint,True,pdfpaint issue14562.pdf opt e10s fission stylo webrender,4768710,77,ms,firefox,454741370,1874897282,2024-04-16T17:33:30,856.1400000000001,12c7f0b00cd7ce4e2edde6ff37daf12e807388b1,1409875
autoland,5096028,1,1ecf16f2f01f94fdd0a7c64ea14de70424a5db1d,windows10-64-shippable-qr,True,False,,,102210fe594ee9b33d82058545b1ed14f4c8206e,issue14562.pdf,pdfpaint,True,pdfpaint issue14562.pdf opt e10s fission stylo webrender,4768710,77,ms,firefox,454760178,1874973955,2024-04-16T20:13:25,806.8299999999999,852d3945e38d8d16c4cf17918e862882d7ef363c,1409984
autoland,5096028,1,1ecf16f2f01f94fdd0a7c64ea14de70424a5db1d,windows10-64-shippable-qr,True,False,,,102210fe594ee9b33d82058545b1ed14f4c8206e,issue14562.pdf,pdfpaint,True,pdfpaint issue14562.pdf opt e10s fission stylo webrender,4768710,77,ms,firefox,454778037,1875065441,2024-04-17T00:00:12,819.62,3f5bf473ca3cf95233298d16ad833028500755e6,1410132
autoland,5096028,1,1ecf16f2f01f94fdd0a7c64ea14de70424a5db1d,windows10-64-shippable-qr,True,False,,,102210fe594ee9b33d82058545b1ed14f4c8206e,issue14562.pdf,pdfpaint,True,pdfpaint issue14562.pdf opt e10s fission stylo webrender,4768710,77,ms,firefox,454795143,1875182405,2024-04-17T04:14:52,839.71,7900ea0538965c6aba695fd896a6e2833d781007,1410204
autoland,5096028,1,1ecf16f2f01f94fdd0a7c64ea14de70424a5db1d,windows10-64-shippable-qr,True,False,,,102210fe594ee9b33d82058545b1ed14f4c8206e,issue14562.pdf,pdfpaint,True,pdfpaint issue14562.pdf opt e10s fission stylo webrender,4768710,77,ms,firefox,454825688,1875301967,2024-04-17T08:24:06,830.53,acabdf625d68e5d96c49e0eebb5c71f4286e5ffd,1410333
autoland,5096028,1,1ecf16f2f01f94fdd0a7c64ea14de70424a5db1d,windows10-64-shippable-qr,True,False,,,102210fe594ee9b33d82058545b1ed14f4c8206e,issue14562.pdf,pdfpaint,True,pdfpaint issue14562.pdf opt e10s fission stylo webrender,4768710,77,ms,firefox,454874200,1875474952,2024-04-17T13:57:03,828.17,57f6925a520cf97f4af35e42db00435e817475dc,1410569
autoland,5096028,1,1ecf16f2f01f94fdd0a7c64ea14de70424a5db1d,windows10-64-shippable-qr,True,False,,,102210fe594ee9b33d82058545b1ed14f4c8206e,issue14562.pdf,pdfpaint,True,pdfpaint issue14562.pdf opt e10s fission stylo webrender,4768710,77,ms,firefox,454897085,1875565103,2024-04-17T18:33:15,822.15,25500210a453fec07cc9d95612bbe778bae07f71,1410800
autoland,5096028,1,1ecf16f2f01f94fdd0a7c64ea14de70424a5db1d,windows10-64-shippable-qr,True,False,,,102210fe594ee9b33d82058545b1ed14f4c8206e,issue14562.pdf,pdfpaint,True,pdfpaint issue14562.pdf opt e10s fission stylo webrender,4768710,77,ms,firefox,454938600,1875732590,2024-04-18T00:20:10,814.6400000000001,1bf7d54b4913d7994ed2ce4b07f0426fc70b4b7e,1411120
autoland,5096028,1,1ecf16f2f01f94fdd0a7c64ea14de70424a5db1d,windows10-64-shippable-qr,True,False,,,102210fe594ee9b33d82058545b1ed14f4c8206e,issue14562.pdf,pdfpaint,True,pdfpaint issue14562.pdf opt e10s fission stylo webrender,4768710,77,ms,firefox,454954506,1875805309,2024-04-18T03:49:51,809.95,12adf93b9ad4085d4f0b493c368533bb040dce46,1411204
autoland,5096028,1,1ecf16f2f01f94fdd0a7c64ea14de70424a5db1d,windows10-64-shippable-qr,True,False,,,102210fe594ee9b33d82058545b1ed14f4c8206e,issue14562.pdf,pdfpaint,True,pdfpaint issue14562.pdf opt e10s fission stylo webrender,4768710,77,ms,firefox,454970402,1875909584,2024-04-18T07:53:55,840.29,d4cde5148929d0d9587580bca2d37027d7424348,1411277
autoland,5096028,1,1ecf16f2f01f94fdd0a7c64ea14de70424a5db1d,windows10-64-shippable-qr,True,False,,,102210fe594ee9b33d82058545b1ed14f4c8206e,issue14562.pdf,pdfpaint,True,pdfpaint issue14562.pdf opt e10s fission stylo webrender,4768710,77,ms,firefox,455011264,1876082776,2024-04-18T12:14:33,836.9200000000001,123e0c272c21270c6f9a5e2fca3bfbc72c7b5ef9,1411435
autoland,5096028,1,1ecf16f2f01f94fdd0a7c64ea14de70424a5db1d,windows10-64-shippable-qr,True,False,,,102210fe594ee9b33d82058545b1ed14f4c8206e,issue14562.pdf,pdfpaint,True,pdfpaint issue14562.pdf opt e10s fission stylo webrender,4768710,77,ms,firefox,455046962,1876229711,2024-04-18T15:42:46,841.19,257d3013546c7ec40031343c459162a0b69fa6f2,1411573
autoland,5096028,1,1ecf16f2f01f94fdd0a7c64ea14de70424a5db1d,windows10-64-shippable-qr,True,False,,,102210fe594ee9b33d82058545b1ed14f4c8206e,issue14562.pdf,pdfpaint,True,pdfpaint issue14562.pdf opt e10s fission stylo webrender,4768710,77,ms,firefox,455065564,1876301965,2024-04-18T18:28:28,827.4300000000001,0f5d446707971afc1fab01c0a28b208101241b8a,1411727
autoland,5096028,1,1ecf16f2f01f94fdd0a7c64ea14de70424a5db1d,windows10-64-shippable-qr,True,False,,,102210fe594ee9b33d82058545b1ed14f4c8206e,issue14562.pdf,pdfpaint,True,pdfpaint issue14562.pdf opt e10s fission stylo webrender,4768710,77,ms,firefox,455087937,1876454766,2024-04-18T21:15:15,818.95,eed297665148d999a1c59d7d6e66f6973e0dd84c,1411845
autoland,5096028,1,1ecf16f2f01f94fdd0a7c64ea14de70424a5db1d,windows10-64-shippable-qr,True,False,,,102210fe594ee9b33d82058545b1ed14f4c8206e,issue14562.pdf,pdfpaint,True,pdfpaint issue14562.pdf opt e10s fission stylo webrender,4768710,77,ms,firefox,455109511,1876629482,2024-04-19T01:55:54,837.38,3e097fca93b9af809ad16ed1d5f0bdd874f8f8e2,1411981
autoland,5096028,1,1ecf16f2f01f94fdd0a7c64ea14de70424a5db1d,windows10-64-shippable-qr,True,False,,,102210fe594ee9b33d82058545b1ed14f4c8206e,issue14562.pdf,pdfpaint,True,pdfpaint issue14562.pdf opt e10s fission stylo webrender,4768710,77,ms,firefox,455120003,1876794482,2024-04-19T06:08:52,844.65,99364906cd1d11016d0fc2dc03a8b7fd11705aa4,1412057
autoland,5096028,1,1ecf16f2f01f94fdd0a7c64ea14de70424a5db1d,windows10-64-shippable-qr,True,False,,,102210fe594ee9b33d82058545b1ed14f4c8206e,issue14562.pdf,pdfpaint,True,pdfpaint issue14562.pdf opt e10s fission stylo webrender,4768710,77,ms,firefox,455148261,1876966705,2024-04-19T10:27:22,830.5,465ebfc7da3d3a6de812574016249ab37ab8605c,1412150
autoland,5096028,1,1ecf16f2f01f94fdd0a7c64ea14de70424a5db1d,windows10-64-shippable-qr,True,False,,,102210fe594ee9b33d82058545b1ed14f4c8206e,issue14562.pdf,pdfpaint,True,pdfpaint issue14562.pdf opt e10s fission stylo webrender,4768710,77,ms,firefox,455185418,1877087598,2024-04-19T14:48:08,817.54,4b196ac64ccbf1061ee2c2835e31fe8b071b9099,1412270
autoland,5096028,1,1ecf16f2f01f94fdd0a7c64ea14de70424a5db1d,windows10-64-shippable-qr,True,False,,,102210fe594ee9b33d82058545b1ed14f4c8206e,issue14562.pdf,pdfpaint,True,pdfpaint issue14562.pdf opt e10s fission stylo webrender,4768710,77,ms,firefox,455215092,1877256307,2024-04-19T18:48:31,837.8499999999999,cf54488baa94dff90075eb1c2e96afc7353a4eee,1412477
autoland,5096028,1,1ecf16f2f01f94fdd0a7c64ea14de70424a5db1d,windows10-64-shippable-qr,True,False,,,102210fe594ee9b33d82058545b1ed14f4c8206e,issue14562.pdf,pdfpaint,True,pdfpaint issue14562.pdf opt e10s fission stylo webrender,4768710,77,ms,firefox,455243044,1877427334,2024-04-19T22:58:06,820.55,fd56e5907d69d8a14032cc7ec308f013a266ee16,1412613
autoland,5096028,1,1ecf16f2f01f94fdd0a7c64ea14de70424a5db1d,windows10-64-shippable-qr,True,False,,,102210fe594ee9b33d82058545b1ed14f4c8206e,issue14562.pdf,pdfpaint,True,pdfpaint issue14562.pdf opt e10s fission stylo webrender,4768710,77,ms,firefox,455253601,1877507920,2024-04-20T05:31:24,803.5699999999999,4797f0a19ccc6dca6f6aa6710f76967e23ba6276,1412701
autoland,5096028,1,1ecf16f2f01f94fdd0a7c64ea14de70424a5db1d,windows10-64-shippable-qr,True,False,,,102210fe594ee9b33d82058545b1ed14f4c8206e,issue14562.pdf,pdfpaint,True,pdfpaint issue14562.pdf opt e10s fission stylo webrender,4768710,77,ms,firefox,455283679,1877626397,2024-04-20T15:42:35,824.37,f5d9ea237d971478f314e77299398079989b786c,1412749
autoland,5096028,1,1ecf16f2f01f94fdd0a7c64ea14de70424a5db1d,windows10-64-shippable-qr,True,False,,,102210fe594ee9b33d82058545b1ed14f4c8206e,issue14562.pdf,pdfpaint,True,pdfpaint issue14562.pdf opt e10s fission stylo webrender,4768710,77,ms,firefox,455289455,1877668191,2024-04-21T00:18:25,801.62,65ceed609eb489d653eefc7e22fa34f869027a26,1412781
autoland,5096028,1,1ecf16f2f01f94fdd0a7c64ea14de70424a5db1d,windows10-64-shippable-qr,True,False,,,102210fe594ee9b33d82058545b1ed14f4c8206e,issue14562.pdf,pdfpaint,True,pdfpaint issue14562.pdf opt e10s fission stylo webrender,4768710,77,ms,firefox,455326050,1877867284,2024-04-21T21:40:30,879.2,400d4e6908a3aef8f83ae4db204d62e3e028f704,1412843
autoland,5096028,1,1ecf16f2f01f94fdd0a7c64ea14de70424a5db1d,windows10-64-shippable-qr,True,False,,,102210fe594ee9b33d82058545b1ed14f4c8206e,issue14562.pdf,pdfpaint,True,pdfpaint issue14562.pdf opt e10s fission stylo webrender,4768710,77,ms,firefox,455334833,1877948489,2024-04-22T04:00:04,828.12,d4a6129fdbbe32300d5069df6ce47dd92f665c96,1412913
autoland,5096028,1,1ecf16f2f01f94fdd0a7c64ea14de70424a5db1d,windows10-64-shippable-qr,True,False,,,102210fe594ee9b33d82058545b1ed14f4c8206e,issue14562.pdf,pdfpaint,True,pdfpaint issue14562.pdf opt e10s fission stylo webrender,4768710,77,ms,firefox,455348747,1878018155,2024-04-22T08:07:09,827.73,5a83d047329402d960e6c402c6deb27927a436c9,1412944
autoland,5096028,1,1ecf16f2f01f94fdd0a7c64ea14de70424a5db1d,windows10-64-shippable-qr,True,False,,,102210fe594ee9b33d82058545b1ed14f4c8206e,issue14562.pdf,pdfpaint,True,pdfpaint issue14562.pdf opt e10s fission stylo webrender,4768710,77,ms,firefox,455389382,1878170110,2024-04-22T12:07:57,819.24,1c34b0b26d5a556ee695c70bd744ca9f129f456e,1413048
autoland,5096028,1,1ecf16f2f01f94fdd0a7c64ea14de70424a5db1d,windows10-64-shippable-qr,True,False,,,102210fe594ee9b33d82058545b1ed14f4c8206e,issue14562.pdf,pdfpaint,True,pdfpaint issue14562.pdf opt e10s fission stylo webrender,4768710,77,ms,firefox,455437825,1878355835,2024-04-22T19:20:17,818.48,ed724b89a2c25252a6eab99f0fa48f85f2523b66,1413379
autoland,5096028,1,1ecf16f2f01f94fdd0a7c64ea14de70424a5db1d,windows10-64-shippable-qr,True,False,,,102210fe594ee9b33d82058545b1ed14f4c8206e,issue14562.pdf,pdfpaint,True,pdfpaint issue14562.pdf opt e10s fission stylo webrender,4768710,77,ms,firefox,455469949,1878526985,2024-04-22T23:20:55,831.51,294255d7250372c7cd6256cb6d1da23325d1f728,1413581
autoland,5096028,1,1ecf16f2f01f94fdd0a7c64ea14de70424a5db1d,windows10-64-shippable-qr,True,False,,,102210fe594ee9b33d82058545b1ed14f4c8206e,issue14562.pdf,pdfpaint,True,pdfpaint issue14562.pdf opt e10s fission stylo webrender,4768710,77,ms,firefox,455487917,1878636015,2024-04-23T03:59:43,838.78,074d29b6e81d7fbf5ac7dea664ffea6a59b41b80,1413693
autoland,5096028,1,1ecf16f2f01f94fdd0a7c64ea14de70424a5db1d,windows10-64-shippable-qr,True,False,,,102210fe594ee9b33d82058545b1ed14f4c8206e,issue14562.pdf,pdfpaint,True,pdfpaint issue14562.pdf opt e10s fission stylo webrender,4768710,77,ms,firefox,455500700,1878745200,2024-04-23T08:01:00,824.04,5519716422b3e14060894caded45bac7a3aeb773,1413770
autoland,5096028,1,1ecf16f2f01f94fdd0a7c64ea14de70424a5db1d,windows10-64-shippable-qr,True,False,,,102210fe594ee9b33d82058545b1ed14f4c8206e,issue14562.pdf,pdfpaint,True,pdfpaint issue14562.pdf opt e10s fission stylo webrender,4768710,77,ms,firefox,455540456,1878875488,2024-04-23T11:54:58,836.6,d0b5d121d8fc8ffddbec3e026a455ecfe0071347,1413921
autoland,5096028,1,1ecf16f2f01f94fdd0a7c64ea14de70424a5db1d,windows10-64-shippable-qr,True,False,,,102210fe594ee9b33d82058545b1ed14f4c8206e,issue14562.pdf,pdfpaint,True,pdfpaint issue14562.pdf opt e10s fission stylo webrender,4768710,77,ms,firefox,455563368,1879046185,2024-04-23T15:44:45,837.46,058dc2e8394c7361874508e49f2bbbfc3173f1a9,1414120
autoland,5096028,1,1ecf16f2f01f94fdd0a7c64ea14de70424a5db1d,windows10-64-shippable-qr,True,False,,,102210fe594ee9b33d82058545b1ed14f4c8206e,issue14562.pdf,pdfpaint,True,pdfpaint issue14562.pdf opt e10s fission stylo webrender,4768710,77,ms,firefox,455587446,1879203187,2024-04-23T18:21:27,828.96,1c40eb01d534a1c361c5c6fe0b3fdc64aed2c883,1414216
autoland,5096028,1,1ecf16f2f01f94fdd0a7c64ea14de70424a5db1d,windows10-64-shippable-qr,True,False,,,102210fe594ee9b33d82058545b1ed14f4c8206e,issue14562.pdf,pdfpaint,True,pdfpaint issue14562.pdf opt e10s fission stylo webrender,4768710,77,ms,firefox,455614468,1879335756,2024-04-23T22:59:53,858.48,b516592332299274cdbcfd113f1d8a97cc0ee8af,1414419
autoland,5096028,1,1ecf16f2f01f94fdd0a7c64ea14de70424a5db1d,windows10-64-shippable-qr,True,False,,,102210fe594ee9b33d82058545b1ed14f4c8206e,issue14562.pdf,pdfpaint,True,pdfpaint issue14562.pdf opt e10s fission stylo webrender,4768710,77,ms,firefox,455629256,1879423864,2024-04-24T03:55:37,845.6800000000001,3de3f9428f138bf269718fceb36c5112a195ca37,1414529
autoland,5096028,1,1ecf16f2f01f94fdd0a7c64ea14de70424a5db1d,windows10-64-shippable-qr,True,False,,,102210fe594ee9b33d82058545b1ed14f4c8206e,issue14562.pdf,pdfpaint,True,pdfpaint issue14562.pdf opt e10s fission stylo webrender,4768710,77,ms,firefox,455653722,1879578793,2024-04-24T07:56:15,822.12,fd7d96cffddb9a76a1ecc148c3b284e8003fe6b9,1414632
autoland,5096028,1,1ecf16f2f01f94fdd0a7c64ea14de70424a5db1d,windows10-64-shippable-qr,True,False,,,102210fe594ee9b33d82058545b1ed14f4c8206e,issue14562.pdf,pdfpaint,True,pdfpaint issue14562.pdf opt e10s fission stylo webrender,4768710,77,ms,firefox,455698903,1879772892,2024-04-24T12:15:38,816.45,87963547052db96296ae50e55c8266cbfc3bd922,1414844
autoland,5096028,1,1ecf16f2f01f94fdd0a7c64ea14de70424a5db1d,windows10-64-shippable-qr,True,False,,,102210fe594ee9b33d82058545b1ed14f4c8206e,issue14562.pdf,pdfpaint,True,pdfpaint issue14562.pdf opt e10s fission stylo webrender,4768710,77,ms,firefox,455758120,140863,2024-04-25T00:20:54,814.11,ec5140ea1b1384a44d1ce6e0271fc97472399e96,1415370
autoland,5096028,1,1ecf16f2f01f94fdd0a7c64ea14de70424a5db1d,windows10-64-shippable-qr,True,False,,,102210fe594ee9b33d82058545b1ed14f4c8206e,issue14562.pdf,pdfpaint,True,pdfpaint issue14562.pdf opt e10s fission stylo webrender,4768710,77,ms,firefox,455774630,209468,2024-04-25T02:34:18,828.86,cffa531d3b2e833bda2b3f035d37edb92f838428,1415633
autoland,5096028,1,1ecf16f2f01f94fdd0a7c64ea14de70424a5db1d,windows10-64-shippable-qr,True,False,,,102210fe594ee9b33d82058545b1ed14f4c8206e,issue14562.pdf,pdfpaint,True,pdfpaint issue14562.pdf opt e10s fission stylo webrender,4768710,77,ms,firefox,455789667,304577,2024-04-25T05:01:58,867.9,792c9892791495e8f13e77e5a78bfda83ab7a455,1415718
autoland,5096028,1,1ecf16f2f01f94fdd0a7c64ea14de70424a5db1d,windows10-64-shippable-qr,True,False,,,102210fe594ee9b33d82058545b1ed14f4c8206e,issue14562.pdf,pdfpaint,True,pdfpaint issue14562.pdf opt e10s fission stylo webrender,4768710,77,ms,firefox,455809228,472747,2024-04-25T09:09:49,822.8399999999999,5b0d6bb6f3780aaf074d79548381fd6e7a565b85,1415822
autoland,5096028,1,1ecf16f2f01f94fdd0a7c64ea14de70424a5db1d,windows10-64-shippable-qr,True,False,,,102210fe594ee9b33d82058545b1ed14f4c8206e,issue14562.pdf,pdfpaint,True,pdfpaint issue14562.pdf opt e10s fission stylo webrender,4768710,77,ms,firefox,455865206,680528,2024-04-25T13:10:04,815.38,88f7b12683ce863c6ca742ac14e176ee045383bd,1416008
autoland,5096028,1,1ecf16f2f01f94fdd0a7c64ea14de70424a5db1d,windows10-64-shippable-qr,True,False,,,102210fe594ee9b33d82058545b1ed14f4c8206e,issue14562.pdf,pdfpaint,True,pdfpaint issue14562.pdf opt e10s fission stylo webrender,4768710,77,ms,firefox,455879468,758450,2024-04-25T16:29:00,823.7,6611338ffbdafbbc5b82211b1c255353bdb30763,1416183
autoland,5096028,1,1ecf16f2f01f94fdd0a7c64ea14de70424a5db1d,windows10-64-shippable-qr,True,False,,,102210fe594ee9b33d82058545b1ed14f4c8206e,issue14562.pdf,pdfpaint,True,pdfpaint issue14562.pdf opt e10s fission stylo webrender,4768710,77,ms,firefox,455929306,939433,2024-04-25T21:12:20,833.48,6a497992821d53c3704819a4f43c6a7d3234c5a2,1416361
autoland,5096028,1,1ecf16f2f01f94fdd0a7c64ea14de70424a5db1d,windows10-64-shippable-qr,True,False,,,102210fe594ee9b33d82058545b1ed14f4c8206e,issue14562.pdf,pdfpaint,True,pdfpaint issue14562.pdf opt e10s fission stylo webrender,4768710,77,ms,firefox,455944114,1025091,2024-04-26T01:33:24,872.84,b89431ee0f24bcb481d894ad21288e4f09e1960d,1416487
autoland,5096028,1,1ecf16f2f01f94fdd0a7c64ea14de70424a5db1d,windows10-64-shippable-qr,True,False,,,102210fe594ee9b33d82058545b1ed14f4c8206e,issue14562.pdf,pdfpaint,True,pdfpaint issue14562.pdf opt e10s fission stylo webrender,4768710,77,ms,firefox,455960923,1138537,2024-04-26T05:34:38,831.79,ed2448d27fe2e034cd5804dc7310c3f72ac2eaa5,1416537
autoland,5096028,1,1ecf16f2f01f94fdd0a7c64ea14de70424a5db1d,windows10-64-shippable-qr,True,False,,,102210fe594ee9b33d82058545b1ed14f4c8206e,issue14562.pdf,pdfpaint,True,pdfpaint issue14562.pdf opt e10s fission stylo webrender,4768710,77,ms,firefox,455998414,1303478,2024-04-26T09:39:43,820.41,c8be3827903b85cfb4313957b4f308f696d3b0fe,1416671
autoland,5096028,1,1ecf16f2f01f94fdd0a7c64ea14de70424a5db1d,windows10-64-shippable-qr,True,False,,,102210fe594ee9b33d82058545b1ed14f4c8206e,issue14562.pdf,pdfpaint,True,pdfpaint issue14562.pdf opt e10s fission stylo webrender,4768710,77,ms,firefox,456031122,1421123,2024-04-26T13:51:38,830.9,462f013c08cacd7abfae1f2d1bf26354372a829f,1416831
autoland,5096028,1,1ecf16f2f01f94fdd0a7c64ea14de70424a5db1d,windows10-64-shippable-qr,True,False,,,102210fe594ee9b33d82058545b1ed14f4c8206e,issue14562.pdf,pdfpaint,True,pdfpaint issue14562.pdf opt e10s fission stylo webrender,4768710,77,ms,firefox,456056053,1535481,2024-04-26T17:53:01,825.2,ed101e266315213d1ad0a423c49bade6ff5df172,1417003
autoland,5096028,1,1ecf16f2f01f94fdd0a7c64ea14de70424a5db1d,windows10-64-shippable-qr,True,False,,,102210fe594ee9b33d82058545b1ed14f4c8206e,issue14562.pdf,pdfpaint,True,pdfpaint issue14562.pdf opt e10s fission stylo webrender,4768710,77,ms,firefox,456082597,1666428,2024-04-26T22:54:36,831.65,7b85c82d731ddab976c6abe7e54685cacaebba41,1417188
autoland,5096028,1,1ecf16f2f01f94fdd0a7c64ea14de70424a5db1d,windows10-64-shippable-qr,True,False,,,102210fe594ee9b33d82058545b1ed14f4c8206e,issue14562.pdf,pdfpaint,True,pdfpaint issue14562.pdf opt e10s fission stylo webrender,4768710,77,ms,firefox,456094379,1751782,2024-04-27T03:46:15,815.53,45defed78aafc90410c68310027bf771bcfc5968,1417229
autoland,5096028,1,1ecf16f2f01f94fdd0a7c64ea14de70424a5db1d,windows10-64-shippable-qr,True,False,,,102210fe594ee9b33d82058545b1ed14f4c8206e,issue14562.pdf,pdfpaint,True,pdfpaint issue14562.pdf opt e10s fission stylo webrender,4768710,77,ms,firefox,456116565,1854792,2024-04-27T10:47:32,852.99,b694b588a2936a5c99a0ecf2d9d8fb6382a2bff4,1417256
autoland,5096028,1,1ecf16f2f01f94fdd0a7c64ea14de70424a5db1d,windows10-64-shippable-qr,True,False,,,102210fe594ee9b33d82058545b1ed14f4c8206e,issue14562.pdf,pdfpaint,True,pdfpaint issue14562.pdf opt e10s fission stylo webrender,4768710,77,ms,firefox,456136524,1946553,2024-04-27T18:43:51,853.94,69bb72420e433fa8d66fff354e5ce90402289ac1,1417294
autoland,5096028,1,1ecf16f2f01f94fdd0a7c64ea14de70424a5db1d,windows10-64-shippable-qr,True,False,,,102210fe594ee9b33d82058545b1ed14f4c8206e,issue14562.pdf,pdfpaint,True,pdfpaint issue14562.pdf opt e10s fission stylo webrender,4768710,77,ms,firefox,456151319,2015854,2024-04-27T22:45:22,829.72,8256dde0533523666a60914881f81717e1705f8a,1417317
autoland,5096028,1,1ecf16f2f01f94fdd0a7c64ea14de70424a5db1d,windows10-64-shippable-qr,True,False,,,102210fe594ee9b33d82058545b1ed14f4c8206e,issue14562.pdf,pdfpaint,True,pdfpaint issue14562.pdf opt e10s fission stylo webrender,4768710,77,ms,firefox,456157082,2046323,2024-04-28T03:23:06,864.0,d1651fe33156a2aab5884ab1eaaaa8c5dd64631d,1417329
autoland,5096028,1,1ecf16f2f01f94fdd0a7c64ea14de70424a5db1d,windows10-64-shippable-qr,True,False,,,102210fe594ee9b33d82058545b1ed14f4c8206e,issue14562.pdf,pdfpaint,True,pdfpaint issue14562.pdf opt e10s fission stylo webrender,4768710,77,ms,firefox,456181099,2148412,2024-04-28T10:04:44,868.59,e479324bc8bb9135d7a48ad8ebc677725f27de37,1417378
autoland,5096028,1,1ecf16f2f01f94fdd0a7c64ea14de70424a5db1d,windows10-64-shippable-qr,True,False,,,102210fe594ee9b33d82058545b1ed14f4c8206e,issue14562.pdf,pdfpaint,True,pdfpaint issue14562.pdf opt e10s fission stylo webrender,4768710,77,ms,firefox,456187931,2182945,2024-04-28T14:13:44,826.74,f157e5d64220507743654737cdd9b5e74f4f3ed5,1417383
autoland,5096028,1,1ecf16f2f01f94fdd0a7c64ea14de70424a5db1d,windows10-64-shippable-qr,True,False,,,102210fe594ee9b33d82058545b1ed14f4c8206e,issue14562.pdf,pdfpaint,True,pdfpaint issue14562.pdf opt e10s fission stylo webrender,4768710,77,ms,firefox,456192047,2215084,2024-04-28T19:02:33,813.25,717a883474bedbbf5f420ffd52c76d3f6d4b910d,1417402
autoland,5096028,1,1ecf16f2f01f94fdd0a7c64ea14de70424a5db1d,windows10-64-shippable-qr,True,False,,,102210fe594ee9b33d82058545b1ed14f4c8206e,issue14562.pdf,pdfpaint,True,pdfpaint issue14562.pdf opt e10s fission stylo webrender,4768710,77,ms,firefox,456208303,2282497,2024-04-29T00:22:43,829.01,0481d43263e16ab0b359e3c85888197704857817,1417434
autoland,5096028,1,1ecf16f2f01f94fdd0a7c64ea14de70424a5db1d,windows10-64-shippable-qr,True,False,,,102210fe594ee9b33d82058545b1ed14f4c8206e,issue14562.pdf,pdfpaint,True,pdfpaint issue14562.pdf opt e10s fission stylo webrender,4768710,77,ms,firefox,456216992,2355907,2024-04-29T06:17:09,835.85,6b17c605c084e2db078b234e703a176d3b427fe1,1417456
autoland,5096028,1,1ecf16f2f01f94fdd0a7c64ea14de70424a5db1d,windows10-64-shippable-qr,True,False,,,102210fe594ee9b33d82058545b1ed14f4c8206e,issue14562.pdf,pdfpaint,True,pdfpaint issue14562.pdf opt e10s fission stylo webrender,4768710,77,ms,firefox,456250511,2529130,2024-04-29T10:38:34,862.8199999999999,04a668ef9c909b54153526f6b4e28b4287e80664,1417565
autoland,5096028,1,1ecf16f2f01f94fdd0a7c64ea14de70424a5db1d,windows10-64-shippable-qr,True,False,,,102210fe594ee9b33d82058545b1ed14f4c8206e,issue14562.pdf,pdfpaint,True,pdfpaint issue14562.pdf opt e10s fission stylo webrender,4768710,77,ms,firefox,456295196,2689641,2024-04-29T14:46:23,832.24,650dda9187436a12c66c2e81441e68e1d481e164,1417768
autoland,5096028,1,1ecf16f2f01f94fdd0a7c64ea14de70424a5db1d,windows10-64-shippable-qr,True,False,,,102210fe594ee9b33d82058545b1ed14f4c8206e,issue14562.pdf,pdfpaint,True,pdfpaint issue14562.pdf opt e10s fission stylo webrender,4768710,77,ms,firefox,456339211,2959657,2024-04-29T19:52:22,819.39,e9cdeeb2f957d210479897325c1d72ded8f512a4,1418020
autoland,5096028,1,1ecf16f2f01f94fdd0a7c64ea14de70424a5db1d,windows10-64-shippable-qr,True,False,,,102210fe594ee9b33d82058545b1ed14f4c8206e,issue14562.pdf,pdfpaint,True,pdfpaint issue14562.pdf opt e10s fission stylo webrender,4768710,77,ms,firefox,456368053,3066966,2024-04-30T00:02:50,831.6800000000001,660a39c9cdc7fc3c728c5da5ccaa8856854fa346,1418169
autoland,5096028,1,1ecf16f2f01f94fdd0a7c64ea14de70424a5db1d,windows10-64-shippable-qr,True,False,,,102210fe594ee9b33d82058545b1ed14f4c8206e,issue14562.pdf,pdfpaint,True,pdfpaint issue14562.pdf opt e10s fission stylo webrender,4768710,77,ms,firefox,456379380,3133206,2024-04-30T05:00:53,819.29,0c6cd807867dbaf592b3c7db4eef81220fe03acf,1418256
autoland,5096028,1,1ecf16f2f01f94fdd0a7c64ea14de70424a5db1d,windows10-64-shippable-qr,True,False,,,102210fe594ee9b33d82058545b1ed14f4c8206e,issue14562.pdf,pdfpaint,True,pdfpaint issue14562.pdf opt e10s fission stylo webrender,4768710,77,ms,firefox,456398140,3233029,2024-04-30T09:02:30,836.38,5502377f2629549b2b7c5368c980d0487ed281d4,1418348
autoland,5096028,1,1ecf16f2f01f94fdd0a7c64ea14de70424a5db1d,windows10-64-shippable-qr,True,False,,,102210fe594ee9b33d82058545b1ed14f4c8206e,issue14562.pdf,pdfpaint,True,pdfpaint issue14562.pdf opt e10s fission stylo webrender,4768710,77,ms,firefox,456450133,3426864,2024-04-30T13:09:55,830.96,df31c6244c03bc65932fec706fefedf091587459,1418487
autoland,5096028,1,1ecf16f2f01f94fdd0a7c64ea14de70424a5db1d,windows10-64-shippable-qr,True,False,,,102210fe594ee9b33d82058545b1ed14f4c8206e,issue14562.pdf,pdfpaint,True,pdfpaint issue14562.pdf opt e10s fission stylo webrender,4768710,77,ms,firefox,456463855,3517906,2024-04-30T16:26:23,827.8,8f7500d7e530d9db7e5101922db97ea633705f4e,1418685
autoland,5096028,1,1ecf16f2f01f94fdd0a7c64ea14de70424a5db1d,windows10-64-shippable-qr,True,False,,,102210fe594ee9b33d82058545b1ed14f4c8206e,issue14562.pdf,pdfpaint,True,pdfpaint issue14562.pdf opt e10s fission stylo webrender,4768710,77,ms,firefox,456483311,3961217,2024-04-30T19:24:53,839.78,ec8f015d7e7237118cd2c9633310bf3b43bc902b,1418797
autoland,5096028,1,1ecf16f2f01f94fdd0a7c64ea14de70424a5db1d,windows10-64-shippable-qr,True,False,,,102210fe594ee9b33d82058545b1ed14f4c8206e,issue14562.pdf,pdfpaint,True,pdfpaint issue14562.pdf opt e10s fission stylo webrender,4768710,77,ms,firefox,456514415,3966436,2024-04-30T23:32:26,830.29,cd22a3f9463d7df724c7e17c83b6f9d8fe0dd54e,1418926
autoland,5096028,1,1ecf16f2f01f94fdd0a7c64ea14de70424a5db1d,windows10-64-shippable-qr,True,False,,,102210fe594ee9b33d82058545b1ed14f4c8206e,issue14562.pdf,pdfpaint,True,pdfpaint issue14562.pdf opt e10s fission stylo webrender,4768710,77,ms,firefox,456524141,3977423,2024-05-01T03:47:22,837.61,5801de1f3daa092cf721149dc96e7b073c172a92,1419018
autoland,5096028,1,1ecf16f2f01f94fdd0a7c64ea14de70424a5db1d,windows10-64-shippable-qr,True,False,,,102210fe594ee9b33d82058545b1ed14f4c8206e,issue14562.pdf,pdfpaint,True,pdfpaint issue14562.pdf opt e10s fission stylo webrender,4768710,77,ms,firefox,456540290,4014227,2024-05-01T07:50:28,825.6,287f670c824ebf9c8dbde990f795f92c94af4882,1419058
autoland,5096028,1,1ecf16f2f01f94fdd0a7c64ea14de70424a5db1d,windows10-64-shippable-qr,True,False,,,102210fe594ee9b33d82058545b1ed14f4c8206e,issue14562.pdf,pdfpaint,True,pdfpaint issue14562.pdf opt e10s fission stylo webrender,4768710,77,ms,firefox,456581031,4083741,2024-05-01T18:27:07,863.4200000000001,0c09216614e40f92d253d63a3699eb680be6773a,1419281
autoland,5096028,1,1ecf16f2f01f94fdd0a7c64ea14de70424a5db1d,windows10-64-shippable-qr,True,False,,,102210fe594ee9b33d82058545b1ed14f4c8206e,issue14562.pdf,pdfpaint,True,pdfpaint issue14562.pdf opt e10s fission stylo webrender,4768710,77,ms,firefox,456605338,4231280,2024-05-01T20:27:27,842.14,b8f4a7d4d873dccbf25b9bc2f3510753c2b3fde7,1419379
autoland,5096028,1,1ecf16f2f01f94fdd0a7c64ea14de70424a5db1d,windows10-64-shippable-qr,True,False,,,102210fe594ee9b33d82058545b1ed14f4c8206e,issue14562.pdf,pdfpaint,True,pdfpaint issue14562.pdf opt e10s fission stylo webrender,4768710,77,ms,firefox,456615829,4289634,2024-05-01T23:13:57,825.63,533fbd9c5056d0b2611e332cddafd7337193d64f,1419453
autoland,5096028,1,1ecf16f2f01f94fdd0a7c64ea14de70424a5db1d,windows10-64-shippable-qr,True,False,,,102210fe594ee9b33d82058545b1ed14f4c8206e,issue14562.pdf,pdfpaint,True,pdfpaint issue14562.pdf opt e10s fission stylo webrender,4768710,77,ms,firefox,456638958,4425437,2024-05-02T04:22:12,832.7,dda5d5286866494223d6cc52382d52032d961218,1419529
autoland,5096028,1,1ecf16f2f01f94fdd0a7c64ea14de70424a5db1d,windows10-64-shippable-qr,True,False,,,102210fe594ee9b33d82058545b1ed14f4c8206e,issue14562.pdf,pdfpaint,True,pdfpaint issue14562.pdf opt e10s fission stylo webrender,4768710,77,ms,firefox,456663675,4585964,2024-05-02T08:48:43,836.5,8f1e622a3413df009913d856f603c77b8e637efc,1419618
autoland,5096028,1,1ecf16f2f01f94fdd0a7c64ea14de70424a5db1d,windows10-64-shippable-qr,True,False,,,102210fe594ee9b33d82058545b1ed14f4c8206e,issue14562.pdf,pdfpaint,True,pdfpaint issue14562.pdf opt e10s fission stylo webrender,4768710,77,ms,firefox,456699863,4789868,2024-05-02T12:53:32,818.5999999999999,ea25d02dac47e6880ab5b936adc308c24cbeab32,1419765
autoland,5096028,1,1ecf16f2f01f94fdd0a7c64ea14de70424a5db1d,windows10-64-shippable-qr,True,False,,,102210fe594ee9b33d82058545b1ed14f4c8206e,issue14562.pdf,pdfpaint,True,pdfpaint issue14562.pdf opt e10s fission stylo webrender,4768710,77,ms,firefox,456721355,4881627,2024-05-02T15:44:03,817.33,91cfcfc5935b5ac51c36c1a08a064c33a2d96fd5,1419950
autoland,5096028,1,1ecf16f2f01f94fdd0a7c64ea14de70424a5db1d,windows10-64-shippable-qr,True,False,,,102210fe594ee9b33d82058545b1ed14f4c8206e,issue14562.pdf,pdfpaint,True,pdfpaint issue14562.pdf opt e10s fission stylo webrender,4768710,77,ms,firefox,456738933,4980338,2024-05-02T17:57:36,726.24,3a0b95c0a8b3e334c5811a26420f39aaba7e5be3,1420053
autoland,5096028,1,1ecf16f2f01f94fdd0a7c64ea14de70424a5db1d,windows10-64-shippable-qr,True,False,,,102210fe594ee9b33d82058545b1ed14f4c8206e,issue14562.pdf,pdfpaint,True,pdfpaint issue14562.pdf opt e10s fission stylo webrender,4768710,77,ms,firefox,456777472,5141746,2024-05-02T23:51:01,731.8199999999999,f5cfc0ea73926b119ca193381efffbfa5859d867,1420328
autoland,5096028,1,1ecf16f2f01f94fdd0a7c64ea14de70424a5db1d,windows10-64-shippable-qr,True,False,,,102210fe594ee9b33d82058545b1ed14f4c8206e,issue14562.pdf,pdfpaint,True,pdfpaint issue14562.pdf opt e10s fission stylo webrender,4768710,77,ms,firefox,456791607,5253418,2024-05-03T04:04:06,732.4000000000001,c5c13444d9afc38f2ee8d567a1a17f26a9b6659b,1420386
autoland,5096028,1,1ecf16f2f01f94fdd0a7c64ea14de70424a5db1d,windows10-64-shippable-qr,True,False,,,102210fe594ee9b33d82058545b1ed14f4c8206e,issue14562.pdf,pdfpaint,True,pdfpaint issue14562.pdf opt e10s fission stylo webrender,4768710,77,ms,firefox,456817240,5365587,2024-05-03T08:10:40,732.21,fd534101970b397f34b099196fabc43b927c7fcf,1420452
autoland,5096028,1,1ecf16f2f01f94fdd0a7c64ea14de70424a5db1d,windows10-64-shippable-qr,True,False,,,102210fe594ee9b33d82058545b1ed14f4c8206e,issue14562.pdf,pdfpaint,True,pdfpaint issue14562.pdf opt e10s fission stylo webrender,4768710,77,ms,firefox,456870268,5637161,2024-05-03T12:18:12,733.72,e91d8e436dcc57f87d15822b1dc5b12644cb980e,1420590
autoland,5096028,1,1ecf16f2f01f94fdd0a7c64ea14de70424a5db1d,windows10-64-shippable-qr,True,False,,,102210fe594ee9b33d82058545b1ed14f4c8206e,issue14562.pdf,pdfpaint,True,pdfpaint issue14562.pdf opt e10s fission stylo webrender,4768710,77,ms,firefox,456889701,5777884,2024-05-03T16:29:14,737.4,0a8a8f84140a331e815f8520a76a3c928e4486ea,1420823
autoland,5096028,1,1ecf16f2f01f94fdd0a7c64ea14de70424a5db1d,windows10-64-shippable-qr,True,False,,,102210fe594ee9b33d82058545b1ed14f4c8206e,issue14562.pdf,pdfpaint,True,pdfpaint issue14562.pdf opt e10s fission stylo webrender,4768710,77,ms,firefox,456909032,5926653,2024-05-03T19:41:01,731.39,1e88e24f01e40c6d9b7e3f222f4fbb0d55c9639d,1420975
autoland,5096028,1,1ecf16f2f01f94fdd0a7c64ea14de70424a5db1d,windows10-64-shippable-qr,True,False,,,102210fe594ee9b33d82058545b1ed14f4c8206e,issue14562.pdf,pdfpaint,True,pdfpaint issue14562.pdf opt e10s fission stylo webrender,4768710,77,ms,firefox,456935147,6088498,2024-05-04T00:06:35,724.55,b5ebcaf20c9cca5a0f4b965c398f0f26296df1b5,1421120
autoland,5096028,1,1ecf16f2f01f94fdd0a7c64ea14de70424a5db1d,windows10-64-shippable-qr,True,False,,,102210fe594ee9b33d82058545b1ed14f4c8206e,issue14562.pdf,pdfpaint,True,pdfpaint issue14562.pdf opt e10s fission stylo webrender,4768710,77,ms,firefox,456959818,6239708,2024-05-04T09:19:48,729.37,a546ec29a8018c8e98e738460e9bdfd5d4003690,1421174
autoland,5096028,1,1ecf16f2f01f94fdd0a7c64ea14de70424a5db1d,windows10-64-shippable-qr,True,False,,,102210fe594ee9b33d82058545b1ed14f4c8206e,issue14562.pdf,pdfpaint,True,pdfpaint issue14562.pdf opt e10s fission stylo webrender,4768710,77,ms,firefox,456979999,6346648,2024-05-04T19:44:42,722.14,422a6a673019bc0e2dfd459eceee9594246a0a9d,1421318
autoland,5096028,1,1ecf16f2f01f94fdd0a7c64ea14de70424a5db1d,windows10-64-shippable-qr,True,False,,,102210fe594ee9b33d82058545b1ed14f4c8206e,issue14562.pdf,pdfpaint,True,pdfpaint issue14562.pdf opt e10s fission stylo webrender,4768710,77,ms,firefox,456996553,6415883,2024-05-05T00:17:27,730.46,1343ec609dea28acb4b297bebd481211e1742b11,1421344
autoland,5096028,1,1ecf16f2f01f94fdd0a7c64ea14de70424a5db1d,windows10-64-shippable-qr,True,False,,,102210fe594ee9b33d82058545b1ed14f4c8206e,issue14562.pdf,pdfpaint,True,pdfpaint issue14562.pdf opt e10s fission stylo webrender,4768710,77,ms,firefox,457010538,6517912,2024-05-05T08:06:08,724.73,5c3e0ef9b916432dfc42f800c3c7997f58ae5a63,1421422
autoland,5096028,1,1ecf16f2f01f94fdd0a7c64ea14de70424a5db1d,windows10-64-shippable-qr,True,False,,,102210fe594ee9b33d82058545b1ed14f4c8206e,issue14562.pdf,pdfpaint,True,pdfpaint issue14562.pdf opt e10s fission stylo webrender,4768710,77,ms,firefox,457031947,6634627,2024-05-05T13:09:56,736.55,286a373804e5360a54d51ec691ba7bfd02def155,1421444
autoland,5096028,1,1ecf16f2f01f94fdd0a7c64ea14de70424a5db1d,windows10-64-shippable-qr,True,False,,,102210fe594ee9b33d82058545b1ed14f4c8206e,issue14562.pdf,pdfpaint,True,pdfpaint issue14562.pdf opt e10s fission stylo webrender,4768710,77,ms,firefox,457036745,6681876,2024-05-05T17:38:00,732.49,a6cb5ac7a79af000e99bf48f04ecb2943fcd3c68,1421459
autoland,5096028,1,1ecf16f2f01f94fdd0a7c64ea14de70424a5db1d,windows10-64-shippable-qr,True,False,,,102210fe594ee9b33d82058545b1ed14f4c8206e,issue14562.pdf,pdfpaint,True,pdfpaint issue14562.pdf opt e10s fission stylo webrender,4768710,77,ms,firefox,457055562,6780611,2024-05-05T22:09:52,725.18,ea67e3b59c22cea8a2c797ce9a6608d3ddeaeca9,1421479
autoland,5096028,1,1ecf16f2f01f94fdd0a7c64ea14de70424a5db1d,windows10-64-shippable-qr,True,False,,,102210fe594ee9b33d82058545b1ed14f4c8206e,issue14562.pdf,pdfpaint,True,pdfpaint issue14562.pdf opt e10s fission stylo webrender,4768710,77,ms,firefox,457060893,6837259,2024-05-06T03:19:39,726.52,ab041350c7569b831b00994a96625b9354dcf6b6,1421502
autoland,5096028,1,1ecf16f2f01f94fdd0a7c64ea14de70424a5db1d,windows10-64-shippable-qr,True,False,,,102210fe594ee9b33d82058545b1ed14f4c8206e,issue14562.pdf,pdfpaint,True,pdfpaint issue14562.pdf opt e10s fission stylo webrender,4768710,77,ms,firefox,457071468,6900962,2024-05-06T07:31:35,729.47,65e120a9c1dcb9c8f1c8930e808b03aa149eaf40,1421524
autoland,5096028,1,1ecf16f2f01f94fdd0a7c64ea14de70424a5db1d,windows10-64-shippable-qr,True,False,,,102210fe594ee9b33d82058545b1ed14f4c8206e,issue14562.pdf,pdfpaint,True,pdfpaint issue14562.pdf opt e10s fission stylo webrender,4768710,77,ms,firefox,457106716,7049507,2024-05-06T11:33:14,728.73,13b26e8e0e39998b30b388bb6f5d84c0e8067c03,1421623
autoland,5096028,1,1ecf16f2f01f94fdd0a7c64ea14de70424a5db1d,windows10-64-shippable-qr,True,False,,,102210fe594ee9b33d82058545b1ed14f4c8206e,issue14562.pdf,pdfpaint,True,pdfpaint issue14562.pdf opt e10s fission stylo webrender,4768710,77,ms,firefox,457134092,7174582,2024-05-06T15:35:21,730.29,26e8012d5da938871783505e3753b681ab8cb186,1421812
autoland,5096028,1,1ecf16f2f01f94fdd0a7c64ea14de70424a5db1d,windows10-64-shippable-qr,True,False,,,102210fe594ee9b33d82058545b1ed14f4c8206e,issue14562.pdf,pdfpaint,True,pdfpaint issue14562.pdf opt e10s fission stylo webrender,4768710,77,ms,firefox,457153256,7264138,2024-05-06T17:44:25,728.72,eb10b86b18adfc70952409e13993f834d33fa099,1421908
autoland,5096028,1,1ecf16f2f01f94fdd0a7c64ea14de70424a5db1d,windows10-64-shippable-qr,True,False,,,102210fe594ee9b33d82058545b1ed14f4c8206e,issue14562.pdf,pdfpaint,True,pdfpaint issue14562.pdf opt e10s fission stylo webrender,4768710,77,ms,firefox,457179738,7358634,2024-05-06T20:39:16,721.35,4c7b1942b455d9c365693e5584f7ea86c5b33615,1422073
autoland,5096028,1,1ecf16f2f01f94fdd0a7c64ea14de70424a5db1d,windows10-64-shippable-qr,True,False,,,102210fe594ee9b33d82058545b1ed14f4c8206e,issue14562.pdf,pdfpaint,True,pdfpaint issue14562.pdf opt e10s fission stylo webrender,4768710,77,ms,firefox,457211758,7501980,2024-05-07T01:41:54,773.26,945bbd356b57424bcdb359e6d88c48cd03ff2c10,1422278
autoland,5096028,1,1ecf16f2f01f94fdd0a7c64ea14de70424a5db1d,windows10-64-shippable-qr,True,False,,,102210fe594ee9b33d82058545b1ed14f4c8206e,issue14562.pdf,pdfpaint,True,pdfpaint issue14562.pdf opt e10s fission stylo webrender,4768710,77,ms,firefox,457232130,7604052,2024-05-07T06:04:59,731.9300000000001,80150ac16109a11457c3103e68bf1c7ac29270c0,1422341
autoland,5096028,1,1ecf16f2f01f94fdd0a7c64ea14de70424a5db1d,windows10-64-shippable-qr,True,False,,,102210fe594ee9b33d82058545b1ed14f4c8206e,issue14562.pdf,pdfpaint,True,pdfpaint issue14562.pdf opt e10s fission stylo webrender,4768710,77,ms,firefox,457279842,7797238,2024-05-07T10:41:19,730.1500000000001,641e15621e7bd2e0e8a2fab82d2b9838e386c3c4,1422484
autoland,5096028,1,1ecf16f2f01f94fdd0a7c64ea14de70424a5db1d,windows10-64-shippable-qr,True,False,,,102210fe594ee9b33d82058545b1ed14f4c8206e,issue14562.pdf,pdfpaint,True,pdfpaint issue14562.pdf opt e10s fission stylo webrender,4768710,77,ms,firefox,457312210,7913213,2024-05-07T14:42:49,726.71,0041f761ddff5c598852d2b5cc41772a3a11cd0b,1422671
autoland,5096028,1,1ecf16f2f01f94fdd0a7c64ea14de70424a5db1d,windows10-64-shippable-qr,True,False,,,102210fe594ee9b33d82058545b1ed14f4c8206e,issue14562.pdf,pdfpaint,True,pdfpaint issue14562.pdf opt e10s fission stylo webrender,4768710,77,ms,firefox,457353802,8185125,2024-05-07T18:25:44,774.0,425b44586178edae02872c1fbc0220a0b4ff4c1d,1422943
autoland,5096028,1,1ecf16f2f01f94fdd0a7c64ea14de70424a5db1d,windows10-64-shippable-qr,True,False,,,102210fe594ee9b33d82058545b1ed14f4c8206e,issue14562.pdf,pdfpaint,True,pdfpaint issue14562.pdf opt e10s fission stylo webrender,4768710,77,ms,firefox,457375754,8290012,2024-05-07T22:14:58,730.25,149e752fdb3fa75a3a02f55e7c7c91f7f704cf8a,1423124
autoland,5096028,1,1ecf16f2f01f94fdd0a7c64ea14de70424a5db1d,windows10-64-shippable-qr,True,False,,,102210fe594ee9b33d82058545b1ed14f4c8206e,issue14562.pdf,pdfpaint,True,pdfpaint issue14562.pdf opt e10s fission stylo webrender,4768710,77,ms,firefox,457409996,8466652,2024-05-08T04:41:52,723.5,a0b3e2669a2dc49c467521cb9b7966ca05e3dbc3,1423269
autoland,5096028,1,1ecf16f2f01f94fdd0a7c64ea14de70424a5db1d,windows10-64-shippable-qr,True,False,,,102210fe594ee9b33d82058545b1ed14f4c8206e,issue14562.pdf,pdfpaint,True,pdfpaint issue14562.pdf opt e10s fission stylo webrender,4768710,77,ms,firefox,457423308,8551358,2024-05-08T08:48:11,737.5899999999999,bec816ef2f2c29ed86b08bb592d6283618418e16,1423316
autoland,5096028,1,1ecf16f2f01f94fdd0a7c64ea14de70424a5db1d,windows10-64-shippable-qr,True,False,,,102210fe594ee9b33d82058545b1ed14f4c8206e,issue14562.pdf,pdfpaint,True,pdfpaint issue14562.pdf opt e10s fission stylo webrender,4768710,77,ms,firefox,457470815,8724920,2024-05-08T13:09:13,728.22,ed7b6f65910afcd687ef5aaa25605666805796bb,1423417
autoland,5096028,1,1ecf16f2f01f94fdd0a7c64ea14de70424a5db1d,windows10-64-shippable-qr,True,False,,,102210fe594ee9b33d82058545b1ed14f4c8206e,issue14562.pdf,pdfpaint,True,pdfpaint issue14562.pdf opt e10s fission stylo webrender,4768710,77,ms,firefox,457478626,8755487,2024-05-08T15:06:56,734.88,1ebb69c4b2f06a5c589775b3bb2855e58164a487,1423517
autoland,5096028,1,1ecf16f2f01f94fdd0a7c64ea14de70424a5db1d,windows10-64-shippable-qr,True,False,,,102210fe594ee9b33d82058545b1ed14f4c8206e,issue14562.pdf,pdfpaint,True,pdfpaint issue14562.pdf opt e10s fission stylo webrender,4768710,77,ms,firefox,457512555,8952549,2024-05-08T18:58:38,734.28,c07ec5ce9aa1d890134ffb93e07d7d0335f27378,1423722
autoland,5096028,1,1ecf16f2f01f94fdd0a7c64ea14de70424a5db1d,windows10-64-shippable-qr,True,False,,,102210fe594ee9b33d82058545b1ed14f4c8206e,issue14562.pdf,pdfpaint,True,pdfpaint issue14562.pdf opt e10s fission stylo webrender,4768710,77,ms,firefox,457545162,9111138,2024-05-08T23:49:41,733.1,01861e5e1b98806940ababc254bb686f52623b40,1423919
autoland,5096028,1,1ecf16f2f01f94fdd0a7c64ea14de70424a5db1d,windows10-64-shippable-qr,True,False,,,102210fe594ee9b33d82058545b1ed14f4c8206e,issue14562.pdf,pdfpaint,True,pdfpaint issue14562.pdf opt e10s fission stylo webrender,4768710,77,ms,firefox,457557424,9173777,2024-05-09T04:11:38,724.0799999999999,c0f58fd74e56b24f67fccae08097d151e21a0f80,1423993
autoland,5096028,1,1ecf16f2f01f94fdd0a7c64ea14de70424a5db1d,windows10-64-shippable-qr,True,False,,,102210fe594ee9b33d82058545b1ed14f4c8206e,issue14562.pdf,pdfpaint,True,pdfpaint issue14562.pdf opt e10s fission stylo webrender,4768710,77,ms,firefox,457572029,9289071,2024-05-09T08:49:31,733.92,92274e732410e980f3458a3c592415924a307260,1424041
autoland,5096028,1,1ecf16f2f01f94fdd0a7c64ea14de70424a5db1d,windows10-64-shippable-qr,True,False,,,102210fe594ee9b33d82058545b1ed14f4c8206e,issue14562.pdf,pdfpaint,True,pdfpaint issue14562.pdf opt e10s fission stylo webrender,4768710,77,ms,firefox,457602125,9395742,2024-05-09T13:14:57,726.99,63503ccafb0395402807ed1da634fa38b3e626ce,1424113
autoland,5096028,1,1ecf16f2f01f94fdd0a7c64ea14de70424a5db1d,windows10-64-shippable-qr,True,False,,,102210fe594ee9b33d82058545b1ed14f4c8206e,issue14562.pdf,pdfpaint,True,pdfpaint issue14562.pdf opt e10s fission stylo webrender,4768710,77,ms,firefox,457628184,9525269,2024-05-09T16:49:06,735.3,8f49349eeb0ec5df0e1dd3ddd98423138921a029,1424236
autoland,5096028,1,1ecf16f2f01f94fdd0a7c64ea14de70424a5db1d,windows10-64-shippable-qr,True,False,,,102210fe594ee9b33d82058545b1ed14f4c8206e,issue14562.pdf,pdfpaint,True,pdfpaint issue14562.pdf opt e10s fission stylo webrender,4768710,77,ms,firefox,457674216,9717855,2024-05-10T01:48:09,727.62,63c1eada944ca4fb581301f40dcf9f8c71a72faf,1424449
autoland,5096028,1,1ecf16f2f01f94fdd0a7c64ea14de70424a5db1d,windows10-64-shippable-qr,True,False,,,102210fe594ee9b33d82058545b1ed14f4c8206e,issue14562.pdf,pdfpaint,True,pdfpaint issue14562.pdf opt e10s fission stylo webrender,4768710,77,ms,firefox,457694057,9874126,2024-05-10T06:24:19,733.94,4df4e109202ff67836eaa61c66a7c65a2f712e11,1424496
autoland,5096028,1,1ecf16f2f01f94fdd0a7c64ea14de70424a5db1d,windows10-64-shippable-qr,True,False,,,102210fe594ee9b33d82058545b1ed14f4c8206e,issue14562.pdf,pdfpaint,True,pdfpaint issue14562.pdf opt e10s fission stylo webrender,4768710,77,ms,firefox,457704942,9897497,2024-05-10T10:32:58,733.77,16c706919fcf22df1fae8499d4c05d7c88de5109,1424596
autoland,5096028,1,1ecf16f2f01f94fdd0a7c64ea14de70424a5db1d,windows10-64-shippable-qr,True,False,,,102210fe594ee9b33d82058545b1ed14f4c8206e,issue14562.pdf,pdfpaint,True,pdfpaint issue14562.pdf opt e10s fission stylo webrender,4768710,77,ms,firefox,457728216,10061524,2024-05-10T14:42:49,724.1,77947807186b6fdeb6a22175f148b4de75f0c13f,1424715
autoland,5096028,1,1ecf16f2f01f94fdd0a7c64ea14de70424a5db1d,windows10-64-shippable-qr,True,False,,,102210fe594ee9b33d82058545b1ed14f4c8206e,issue14562.pdf,pdfpaint,True,pdfpaint issue14562.pdf opt e10s fission stylo webrender,4768710,77,ms,firefox,457753759,10150167,2024-05-10T19:04:52,724.75,b09dd768d80e3ba321a5db4a0d534ea0c5385465,1424880
autoland,5096028,1,1ecf16f2f01f94fdd0a7c64ea14de70424a5db1d,windows10-64-shippable-qr,True,False,,,102210fe594ee9b33d82058545b1ed14f4c8206e,issue14562.pdf,pdfpaint,True,pdfpaint issue14562.pdf opt e10s fission stylo webrender,4768710,77,ms,firefox,457774601,10280494,2024-05-11T00:21:09,726.36,b97e78c73256d2eb8509d13957dcc69a01a42524,1425017
autoland,5096028,1,1ecf16f2f01f94fdd0a7c64ea14de70424a5db1d,windows10-64-shippable-qr,True,False,,,102210fe594ee9b33d82058545b1ed14f4c8206e,issue14562.pdf,pdfpaint,True,pdfpaint issue14562.pdf opt e10s fission stylo webrender,4768710,77,ms,firefox,457799176,10387578,2024-05-11T14:45:49,734.69,bb523bc0c70b92a37aa40712e0a1943e32ed6292,1425080
autoland,5096028,1,1ecf16f2f01f94fdd0a7c64ea14de70424a5db1d,windows10-64-shippable-qr,True,False,,,102210fe594ee9b33d82058545b1ed14f4c8206e,issue14562.pdf,pdfpaint,True,pdfpaint issue14562.pdf opt e10s fission stylo webrender,4768710,77,ms,firefox,457814037,10444784,2024-05-12T00:21:54,724.6600000000001,6d2805dd61cb37ade292b230f9ffe14f956f1708,1425090
autoland,5096028,1,1ecf16f2f01f94fdd0a7c64ea14de70424a5db1d,windows10-64-shippable-qr,True,False,,,102210fe594ee9b33d82058545b1ed14f4c8206e,issue14562.pdf,pdfpaint,True,pdfpaint issue14562.pdf opt e10s fission stylo webrender,4768710,77,ms,firefox,457838287,10548188,2024-05-12T16:46:56,723.78,45d7400ced7eab36c5e094eabc83333b77bd5212,1425114
autoland,5096028,1,1ecf16f2f01f94fdd0a7c64ea14de70424a5db1d,windows10-64-shippable-qr,True,False,,,102210fe594ee9b33d82058545b1ed14f4c8206e,issue14562.pdf,pdfpaint,True,pdfpaint issue14562.pdf opt e10s fission stylo webrender,4768710,77,ms,firefox,457857685,10626368,2024-05-13T00:18:21,727.66,7d78cd997aff7a651b50b19b4a95117acc7fbd5e,1425138
autoland,5096028,1,1ecf16f2f01f94fdd0a7c64ea14de70424a5db1d,windows10-64-shippable-qr,True,False,,,102210fe594ee9b33d82058545b1ed14f4c8206e,issue14562.pdf,pdfpaint,True,pdfpaint issue14562.pdf opt e10s fission stylo webrender,4768710,77,ms,firefox,457869789,10708438,2024-05-13T05:40:34,724.0799999999999,028d6e7dae26137f7e83b675a467248c1b7e7459,1425171
autoland,5096028,1,1ecf16f2f01f94fdd0a7c64ea14de70424a5db1d,windows10-64-shippable-qr,True,False,,,102210fe594ee9b33d82058545b1ed14f4c8206e,issue14562.pdf,pdfpaint,True,pdfpaint issue14562.pdf opt e10s fission stylo webrender,4768710,77,ms,firefox,457892824,10798085,2024-05-13T09:49:27,730.0799999999999,1aba283a0c10087922e138bf0eb8169fe0fb0453,1425313
autoland,5096028,1,1ecf16f2f01f94fdd0a7c64ea14de70424a5db1d,windows10-64-shippable-qr,True,False,,,102210fe594ee9b33d82058545b1ed14f4c8206e,issue14562.pdf,pdfpaint,True,pdfpaint issue14562.pdf opt e10s fission stylo webrender,4768710,77,ms,firefox,457917489,10912088,2024-05-13T13:39:35,727.62,b6d210063e2361ddf8016764d5686fb759cdc959,1425441
autoland,5096028,1,1ecf16f2f01f94fdd0a7c64ea14de70424a5db1d,windows10-64-shippable-qr,True,False,,,102210fe594ee9b33d82058545b1ed14f4c8206e,issue14562.pdf,pdfpaint,True,pdfpaint issue14562.pdf opt e10s fission stylo webrender,4768710,77,ms,firefox,457954026,11102463,2024-05-13T16:41:34,734.61,08e4ca828755427c47e151c8afc2cec380e31a9e,1425593
autoland,5096028,1,1ecf16f2f01f94fdd0a7c64ea14de70424a5db1d,windows10-64-shippable-qr,True,False,,,102210fe594ee9b33d82058545b1ed14f4c8206e,issue14562.pdf,pdfpaint,True,pdfpaint issue14562.pdf opt e10s fission stylo webrender,4768710,77,ms,firefox,457991302,11294574,2024-05-13T20:35:48,729.45,080acbd234b3d95bed203c9e575f7841db819f01,1425765
autoland,5096028,1,1ecf16f2f01f94fdd0a7c64ea14de70424a5db1d,windows10-64-shippable-qr,True,False,,,102210fe594ee9b33d82058545b1ed14f4c8206e,issue14562.pdf,pdfpaint,True,pdfpaint issue14562.pdf opt e10s fission stylo webrender,4768710,77,ms,firefox,458016145,11431038,2024-05-13T23:27:47,725.36,7dcf45990771541f86bb277f9bb02a5eed4fea03,1425894
autoland,5096028,1,1ecf16f2f01f94fdd0a7c64ea14de70424a5db1d,windows10-64-shippable-qr,True,False,,,102210fe594ee9b33d82058545b1ed14f4c8206e,issue14562.pdf,pdfpaint,True,pdfpaint issue14562.pdf opt e10s fission stylo webrender,4768710,77,ms,firefox,458030271,11509873,2024-05-14T03:39:07,724.37,d16ac4c1714c9c7e11450a9e92c001aed043d0d4,1425986
autoland,5096028,1,1ecf16f2f01f94fdd0a7c64ea14de70424a5db1d,windows10-64-shippable-qr,True,False,,,102210fe594ee9b33d82058545b1ed14f4c8206e,issue14562.pdf,pdfpaint,True,pdfpaint issue14562.pdf opt e10s fission stylo webrender,4768710,77,ms,firefox,458063601,11733925,2024-05-14T07:54:52,733.8,f0390136ebbeef553f7b365c19300ce28d4179c4,1426102
autoland,5096028,1,1ecf16f2f01f94fdd0a7c64ea14de70424a5db1d,windows10-64-shippable-qr,True,False,,,102210fe594ee9b33d82058545b1ed14f4c8206e,issue14562.pdf,pdfpaint,True,pdfpaint issue14562.pdf opt e10s fission stylo webrender,4768710,77,ms,firefox,458101208,11868897,2024-05-14T11:57:58,726.46,8d7fe48731d96d8dd803d469596ddaca6cb5a0ec,1426247
autoland,5096028,1,1ecf16f2f01f94fdd0a7c64ea14de70424a5db1d,windows10-64-shippable-qr,True,False,,,102210fe594ee9b33d82058545b1ed14f4c8206e,issue14562.pdf,pdfpaint,True,pdfpaint issue14562.pdf opt e10s fission stylo webrender,4768710,77,ms,firefox,458127673,12000114,2024-05-14T15:33:27,723.89,caca40032c919be5b69aade7259c79cecd91b1a2,1426417
autoland,5096028,1,1ecf16f2f01f94fdd0a7c64ea14de70424a5db1d,windows10-64-shippable-qr,True,False,,,102210fe594ee9b33d82058545b1ed14f4c8206e,issue14562.pdf,pdfpaint,True,pdfpaint issue14562.pdf opt e10s fission stylo webrender,4768710,77,ms,firefox,458167979,12130964,2024-05-14T19:46:37,725.34,b2c1906d3f6e950d783cb681442333a5cea96d8f,1426621
autoland,5096028,1,1ecf16f2f01f94fdd0a7c64ea14de70424a5db1d,windows10-64-shippable-qr,True,False,,,102210fe594ee9b33d82058545b1ed14f4c8206e,issue14562.pdf,pdfpaint,True,pdfpaint issue14562.pdf opt e10s fission stylo webrender,4768710,77,ms,firefox,458186316,12222575,2024-05-14T21:03:17,724.86,9db188aa6dacbe8e499de5f808c00c672de477a3,1426701
autoland,5096028,1,1ecf16f2f01f94fdd0a7c64ea14de70424a5db1d,windows10-64-shippable-qr,True,False,,,102210fe594ee9b33d82058545b1ed14f4c8206e,issue14562.pdf,pdfpaint,True,pdfpaint issue14562.pdf opt e10s fission stylo webrender,4768710,77,ms,firefox,458192843,12249793,2024-05-14T21:35:52,732.56,8f2cbb280731a94a6c9281f99425c40858de6a3f,1426752
autoland,5096028,1,1ecf16f2f01f94fdd0a7c64ea14de70424a5db1d,windows10-64-shippable-qr,True,False,,,102210fe594ee9b33d82058545b1ed14f4c8206e,issue14562.pdf,pdfpaint,True,pdfpaint issue14562.pdf opt e10s fission stylo webrender,4768710,77,ms,firefox,458223324,12447210,2024-05-15T03:28:49,736.19,d1e48e814ff55a857965d9acb56baf1f3c5c1b9a,1426897
autoland,5096028,1,1ecf16f2f01f94fdd0a7c64ea14de70424a5db1d,windows10-64-shippable-qr,True,False,,,102210fe594ee9b33d82058545b1ed14f4c8206e,issue14562.pdf,pdfpaint,True,pdfpaint issue14562.pdf opt e10s fission stylo webrender,4768710,77,ms,firefox,458236753,12576248,2024-05-15T05:56:14,730.5699999999999,7a03e71dc0a13a5213cac25a053dd7ef56ea33ad,1426953
autoland,5096028,1,1ecf16f2f01f94fdd0a7c64ea14de70424a5db1d,windows10-64-shippable-qr,True,False,,,102210fe594ee9b33d82058545b1ed14f4c8206e,issue14562.pdf,pdfpaint,True,pdfpaint issue14562.pdf opt e10s fission stylo webrender,4768710,77,ms,firefox,458273836,12707614,2024-05-15T10:31:04,721.81,32e2d80f1703e05cced1b86c6a3fce6034763816,1427130
autoland,5096028,1,1ecf16f2f01f94fdd0a7c64ea14de70424a5db1d,windows10-64-shippable-qr,True,False,,,102210fe594ee9b33d82058545b1ed14f4c8206e,issue14562.pdf,pdfpaint,True,pdfpaint issue14562.pdf opt e10s fission stylo webrender,4768710,77,ms,firefox,458328864,12845421,2024-05-15T12:49:26,723.9000000000001,d0e5aee15a6aed29eb8bc65a0af90b963d967526,1427226
autoland,5096028,1,1ecf16f2f01f94fdd0a7c64ea14de70424a5db1d,windows10-64-shippable-qr,True,False,,,102210fe594ee9b33d82058545b1ed14f4c8206e,issue14562.pdf,pdfpaint,True,pdfpaint issue14562.pdf opt e10s fission stylo webrender,4768710,77,ms,firefox,458346422,12930063,2024-05-15T16:49:59,724.6800000000001,5859e06f261afa608d8033428609bdbd4bfab5fe,1427464
autoland,5096028,1,1ecf16f2f01f94fdd0a7c64ea14de70424a5db1d,windows10-64-shippable-qr,True,False,,,102210fe594ee9b33d82058545b1ed14f4c8206e,issue14562.pdf,pdfpaint,True,pdfpaint issue14562.pdf opt e10s fission stylo webrender,4768710,77,ms,firefox,458356017,12972970,2024-05-15T19:23:39,724.52,6459cc1b5bbf309f81d99ed4f39bb0017c58c872,1427624
autoland,5096028,1,1ecf16f2f01f94fdd0a7c64ea14de70424a5db1d,windows10-64-shippable-qr,True,False,,,102210fe594ee9b33d82058545b1ed14f4c8206e,issue14562.pdf,pdfpaint,True,pdfpaint issue14562.pdf opt e10s fission stylo webrender,4768710,77,ms,firefox,458376157,13053728,2024-05-15T21:33:46,727.85,4cf620b67822db457052e7baef70556c509161dc,1427719
autoland,5096028,1,1ecf16f2f01f94fdd0a7c64ea14de70424a5db1d,windows10-64-shippable-qr,True,False,,,102210fe594ee9b33d82058545b1ed14f4c8206e,issue14562.pdf,pdfpaint,True,pdfpaint issue14562.pdf opt e10s fission stylo webrender,4768710,77,ms,firefox,458389953,13142350,2024-05-15T23:55:24,725.2,886703fab6d0a65511ef1eb95df0b1dc134bfe90,1427802
autoland,5096028,1,1ecf16f2f01f94fdd0a7c64ea14de70424a5db1d,windows10-64-shippable-qr,True,False,,,102210fe594ee9b33d82058545b1ed14f4c8206e,issue14562.pdf,pdfpaint,True,pdfpaint issue14562.pdf opt e10s fission stylo webrender,4768710,77,ms,firefox,458399028,13212191,2024-05-16T04:18:06,722.0799999999999,1a3eb3733a05c61fee90fbd2325013c0b6672817,1427876
autoland,5096028,1,1ecf16f2f01f94fdd0a7c64ea14de70424a5db1d,windows10-64-shippable-qr,True,False,,,102210fe594ee9b33d82058545b1ed14f4c8206e,issue14562.pdf,pdfpaint,True,pdfpaint issue14562.pdf opt e10s fission stylo webrender,4768710,77,ms,firefox,458432149,13344877,2024-05-16T08:25:07,721.29,b2831e0fe4b6f9dfa55a63f1b3a010089037a20e,1427953
autoland,5096028,1,1ecf16f2f01f94fdd0a7c64ea14de70424a5db1d,windows10-64-shippable-qr,True,False,,,102210fe594ee9b33d82058545b1ed14f4c8206e,issue14562.pdf,pdfpaint,True,pdfpaint issue14562.pdf opt e10s fission stylo webrender,4768710,77,ms,firefox,458490905,13572309,2024-05-16T12:27:23,719.39,f956d7e03a822a09fbb84e9b474db8e0167095f1,1428125
autoland,5096028,1,1ecf16f2f01f94fdd0a7c64ea14de70424a5db1d,windows10-64-shippable-qr,True,False,,,102210fe594ee9b33d82058545b1ed14f4c8206e,issue14562.pdf,pdfpaint,True,pdfpaint issue14562.pdf opt e10s fission stylo webrender,4768710,77,ms,firefox,458504436,13629952,2024-05-16T15:34:48,718.99,0bf6bf2b89215ce4dfa2eec4b0f33414c25fb677,1428335
autoland,5096028,1,1ecf16f2f01f94fdd0a7c64ea14de70424a5db1d,windows10-64-shippable-qr,True,False,,,102210fe594ee9b33d82058545b1ed14f4c8206e,issue14562.pdf,pdfpaint,True,pdfpaint issue14562.pdf opt e10s fission stylo webrender,4768710,77,ms,firefox,458525855,13732740,2024-05-16T19:22:25,721.16,3c10888bfd6a7774b3c7e7a7b0fef9861728b3d1,1428534
autoland,5096028,1,1ecf16f2f01f94fdd0a7c64ea14de70424a5db1d,windows10-64-shippable-qr,True,False,,,102210fe594ee9b33d82058545b1ed14f4c8206e,issue14562.pdf,pdfpaint,True,pdfpaint issue14562.pdf opt e10s fission stylo webrender,4768710,77,ms,firefox,458549863,13865777,2024-05-16T23:54:47,725.1700000000001,f8c3cb93acca412025e1f410c530193b416a488e,1428660
autoland,5096028,1,1ecf16f2f01f94fdd0a7c64ea14de70424a5db1d,windows10-64-shippable-qr,True,False,,,102210fe594ee9b33d82058545b1ed14f4c8206e,issue14562.pdf,pdfpaint,True,pdfpaint issue14562.pdf opt e10s fission stylo webrender,4768710,77,ms,firefox,458580601,14095722,2024-05-17T06:23:39,728.88,87127891d2401aaf9f6aa65bff25f9f6952131a2,1428776
autoland,5096028,1,1ecf16f2f01f94fdd0a7c64ea14de70424a5db1d,windows10-64-shippable-qr,True,False,,,102210fe594ee9b33d82058545b1ed14f4c8206e,issue14562.pdf,pdfpaint,True,pdfpaint issue14562.pdf opt e10s fission stylo webrender,4768710,77,ms,firefox,458651056,14345908,2024-05-17T13:29:16,719.55,76f8ca9a4f69b4a5c6c95975f31db9f94c534bb7,1429038
autoland,5096028,1,1ecf16f2f01f94fdd0a7c64ea14de70424a5db1d,windows10-64-shippable-qr,True,False,,,102210fe594ee9b33d82058545b1ed14f4c8206e,issue14562.pdf,pdfpaint,True,pdfpaint issue14562.pdf opt e10s fission stylo webrender,4768710,77,ms,firefox,458669436,14430931,2024-05-17T16:28:32,721.3,f35859c2fd56665ad31bcc859c08cca0d52ee800,1429195
autoland,5096028,1,1ecf16f2f01f94fdd0a7c64ea14de70424a5db1d,windows10-64-shippable-qr,True,False,,,102210fe594ee9b33d82058545b1ed14f4c8206e,issue14562.pdf,pdfpaint,True,pdfpaint issue14562.pdf opt e10s fission stylo webrender,4768710,77,ms,firefox,458688947,14553913,2024-05-17T20:54:26,717.86,c3684190adbc44f6a677655b9094e9873c858dad,1429356
autoland,5096028,1,1ecf16f2f01f94fdd0a7c64ea14de70424a5db1d,windows10-64-shippable-qr,True,False,,,102210fe594ee9b33d82058545b1ed14f4c8206e,issue14562.pdf,pdfpaint,True,pdfpaint issue14562.pdf opt e10s fission stylo webrender,4768710,77,ms,firefox,458710239,14645136,2024-05-18T01:00:41,714.53,c27d5c9ab44203673cf253307414a515b32e1e6d,1429422
autoland,5096028,1,1ecf16f2f01f94fdd0a7c64ea14de70424a5db1d,windows10-64-shippable-qr,True,False,,,102210fe594ee9b33d82058545b1ed14f4c8206e,issue14562.pdf,pdfpaint,True,pdfpaint issue14562.pdf opt e10s fission stylo webrender,4768710,77,ms,firefox,458718019,14734259,2024-05-18T06:51:49,721.58,9740ed99a9e5a25524915ab324b8110b2b998873,1429461
autoland,5096028,1,1ecf16f2f01f94fdd0a7c64ea14de70424a5db1d,windows10-64-shippable-qr,True,False,,,102210fe594ee9b33d82058545b1ed14f4c8206e,issue14562.pdf,pdfpaint,True,pdfpaint issue14562.pdf opt e10s fission stylo webrender,4768710,77,ms,firefox,458747720,14856967,2024-05-18T12:19:37,718.8399999999999,8b79b70511d76ab73ec7a45851ca71cf9a4eabc0,1429485
autoland,5096028,1,1ecf16f2f01f94fdd0a7c64ea14de70424a5db1d,windows10-64-shippable-qr,True,False,,,102210fe594ee9b33d82058545b1ed14f4c8206e,issue14562.pdf,pdfpaint,True,pdfpaint issue14562.pdf opt e10s fission stylo webrender,4768710,77,ms,firefox,458753857,14899256,2024-05-18T16:50:22,724.22,45fdca469c57e83b966c98bdb9cd62d7b38c841e,1429522
autoland,5096028,1,1ecf16f2f01f94fdd0a7c64ea14de70424a5db1d,windows10-64-shippable-qr,True,False,,,102210fe594ee9b33d82058545b1ed14f4c8206e,issue14562.pdf,pdfpaint,True,pdfpaint issue14562.pdf opt e10s fission stylo webrender,4768710,77,ms,firefox,458773349,14981278,2024-05-19T00:22:14,720.63,185fc83e1e895146858126be053b4208ffd3bbcf,1429576
autoland,5096028,1,1ecf16f2f01f94fdd0a7c64ea14de70424a5db1d,windows10-64-shippable-qr,True,False,,,102210fe594ee9b33d82058545b1ed14f4c8206e,issue14562.pdf,pdfpaint,True,pdfpaint issue14562.pdf opt e10s fission stylo webrender,4768710,77,ms,firefox,458803757,15134648,2024-05-19T18:53:48,716.23,b4ee96f483f29890ab46ebd291e34040c716dcff,1429650
autoland,5096028,1,1ecf16f2f01f94fdd0a7c64ea14de70424a5db1d,windows10-64-shippable-qr,True,False,,,102210fe594ee9b33d82058545b1ed14f4c8206e,issue14562.pdf,pdfpaint,True,pdfpaint issue14562.pdf opt e10s fission stylo webrender,4768710,77,ms,firefox,458826518,15247096,2024-05-19T23:03:30,720.0799999999999,bf7ada75a309d1bf064046c029cd884846540599,1429677
autoland,5096028,1,1ecf16f2f01f94fdd0a7c64ea14de70424a5db1d,windows10-64-shippable-qr,True,False,,,102210fe594ee9b33d82058545b1ed14f4c8206e,issue14562.pdf,pdfpaint,True,pdfpaint issue14562.pdf opt e10s fission stylo webrender,4768710,77,ms,firefox,458831115,15288007,2024-05-20T03:13:12,732.06,9142f728c689228ac4b5a2f55b2d50a3c5440d1b,1429694
autoland,5096028,1,1ecf16f2f01f94fdd0a7c64ea14de70424a5db1d,windows10-64-shippable-qr,True,False,,,102210fe594ee9b33d82058545b1ed14f4c8206e,issue14562.pdf,pdfpaint,True,pdfpaint issue14562.pdf opt e10s fission stylo webrender,4768710,77,ms,firefox,458847154,15410554,2024-05-20T08:40:09,730.78,c732a1a31a39e28193867c3a6de83cab644345f7,1429741
autoland,5096028,1,1ecf16f2f01f94fdd0a7c64ea14de70424a5db1d,windows10-64-shippable-qr,True,False,,,102210fe594ee9b33d82058545b1ed14f4c8206e,issue14562.pdf,pdfpaint,True,pdfpaint issue14562.pdf opt e10s fission stylo webrender,4768710,77,ms,firefox,458889546,15552502,2024-05-20T12:49:29,723.31,daa6ef79820feaf04f4d2f8319c42e613170a955,1429816
autoland,5096028,1,1ecf16f2f01f94fdd0a7c64ea14de70424a5db1d,windows10-64-shippable-qr,True,False,,,102210fe594ee9b33d82058545b1ed14f4c8206e,issue14562.pdf,pdfpaint,True,pdfpaint issue14562.pdf opt e10s fission stylo webrender,4768710,77,ms,firefox,458912319,15656711,2024-05-20T17:09:38,722.74,f8896c7e1f0e021d1afc9e6075779e6a19816eee,1430008
autoland,5096028,1,1ecf16f2f01f94fdd0a7c64ea14de70424a5db1d,windows10-64-shippable-qr,True,False,,,102210fe594ee9b33d82058545b1ed14f4c8206e,issue14562.pdf,pdfpaint,True,pdfpaint issue14562.pdf opt e10s fission stylo webrender,4768710,77,ms,firefox,458925626,15771341,2024-05-20T19:25:17,731.4,bcf84db0ae30bc4d2f32dc5978791710401b7f74,1430088
autoland,5096028,1,1ecf16f2f01f94fdd0a7c64ea14de70424a5db1d,windows10-64-shippable-qr,True,False,,,102210fe594ee9b33d82058545b1ed14f4c8206e,issue14562.pdf,pdfpaint,True,pdfpaint issue14562.pdf opt e10s fission stylo webrender,4768710,77,ms,firefox,458953806,15941470,2024-05-21T00:44:36,722.5699999999999,6919ad3b088665854fe77e203c556b51c8043a19,1430230
autoland,5096028,1,1ecf16f2f01f94fdd0a7c64ea14de70424a5db1d,windows10-64-shippable-qr,True,False,,,102210fe594ee9b33d82058545b1ed14f4c8206e,issue14562.pdf,pdfpaint,True,pdfpaint issue14562.pdf opt e10s fission stylo webrender,4768710,77,ms,firefox,458967472,16052824,2024-05-21T05:46:38,722.9300000000001,09318e94742ecb1dfa27855d03d6acea7465a237,1430275
autoland,5096028,1,1ecf16f2f01f94fdd0a7c64ea14de70424a5db1d,windows10-64-shippable-qr,True,False,,,102210fe594ee9b33d82058545b1ed14f4c8206e,issue14562.pdf,pdfpaint,True,pdfpaint issue14562.pdf opt e10s fission stylo webrender,4768710,77,ms,firefox,459016037,16338021,2024-05-21T09:51:03,734.1099999999999,2c85e75f63a911c3aafc7099c431d16d690afd69,1430376
autoland,5096028,1,1ecf16f2f01f94fdd0a7c64ea14de70424a5db1d,windows10-64-shippable-qr,True,False,,,102210fe594ee9b33d82058545b1ed14f4c8206e,issue14562.pdf,pdfpaint,True,pdfpaint issue14562.pdf opt e10s fission stylo webrender,4768710,77,ms,firefox,459053643,16600631,2024-05-21T14:27:45,720.14,10c1e15b136a2ddea929ddb6bac978a2197f0990,1430566
autoland,5096028,1,1ecf16f2f01f94fdd0a7c64ea14de70424a5db1d,windows10-64-shippable-qr,True,False,,,102210fe594ee9b33d82058545b1ed14f4c8206e,issue14562.pdf,pdfpaint,True,pdfpaint issue14562.pdf opt e10s fission stylo webrender,4768710,77,ms,firefox,459075472,16698372,2024-05-21T18:17:13,722.9,d5973c82a614aacd1c24df2ec76d8539bd40238d,1430753
autoland,5096028,1,1ecf16f2f01f94fdd0a7c64ea14de70424a5db1d,windows10-64-shippable-qr,True,False,,,102210fe594ee9b33d82058545b1ed14f4c8206e,issue14562.pdf,pdfpaint,True,pdfpaint issue14562.pdf opt e10s fission stylo webrender,4768710,77,ms,firefox,459092892,16823953,2024-05-21T21:02:30,720.18,c1b0539b81b478faa5861fe40dddb61f7c27e539,1430863
autoland,5096028,1,1ecf16f2f01f94fdd0a7c64ea14de70424a5db1d,windows10-64-shippable-qr,True,False,,,102210fe594ee9b33d82058545b1ed14f4c8206e,issue14562.pdf,pdfpaint,True,pdfpaint issue14562.pdf opt e10s fission stylo webrender,4768710,77,ms,firefox,459117019,16923206,2024-05-22T01:04:42,722.9100000000001,80ae2c7908e4cc558336a6f6a78097d9c2c9317d,1430997
autoland,5096028,1,1ecf16f2f01f94fdd0a7c64ea14de70424a5db1d,windows10-64-shippable-qr,True,False,,,102210fe594ee9b33d82058545b1ed14f4c8206e,issue14562.pdf,pdfpaint,True,pdfpaint issue14562.pdf opt e10s fission stylo webrender,4768710,77,ms,firefox,459137741,17071017,2024-05-22T06:04:16,773.51,3eacabfd2f53de306d070d5407b9123cdb54403f,1431071
autoland,5096028,1,1ecf16f2f01f94fdd0a7c64ea14de70424a5db1d,windows10-64-shippable-qr,True,False,,,102210fe594ee9b33d82058545b1ed14f4c8206e,issue14562.pdf,pdfpaint,True,pdfpaint issue14562.pdf opt e10s fission stylo webrender,4768710,77,ms,firefox,459185434,17273265,2024-05-22T10:45:41,731.46,23e74f68a670b162cd96bafbf45ea1bc1c62e754,1431245
autoland,5096028,1,1ecf16f2f01f94fdd0a7c64ea14de70424a5db1d,windows10-64-shippable-qr,True,False,,,102210fe594ee9b33d82058545b1ed14f4c8206e,issue14562.pdf,pdfpaint,True,pdfpaint issue14562.pdf opt e10s fission stylo webrender,4768710,77,ms,firefox,459231188,17448067,2024-05-22T15:11:59,729.86,d51657b0bbcc7a297d7e69af51844e07f5bc7ccc,1431449
autoland,5096028,1,1ecf16f2f01f94fdd0a7c64ea14de70424a5db1d,windows10-64-shippable-qr,True,False,,,102210fe594ee9b33d82058545b1ed14f4c8206e,issue14562.pdf,pdfpaint,True,pdfpaint issue14562.pdf opt e10s fission stylo webrender,4768710,77,ms,firefox,459275163,17701026,2024-05-22T19:42:05,728.7,e8f156027b8630baf5944740a80ef83d3694f0ab,1431719
autoland,5096028,1,1ecf16f2f01f94fdd0a7c64ea14de70424a5db1d,windows10-64-shippable-qr,True,False,,,102210fe594ee9b33d82058545b1ed14f4c8206e,issue14562.pdf,pdfpaint,True,pdfpaint issue14562.pdf opt e10s fission stylo webrender,4768710,77,ms,firefox,459290249,17779275,2024-05-22T23:17:46,713.66,25b8ec912ef6cca7c6dbd1ddf6927aaa7494aaf1,1431837
autoland,5096028,1,1ecf16f2f01f94fdd0a7c64ea14de70424a5db1d,windows10-64-shippable-qr,True,False,,,102210fe594ee9b33d82058545b1ed14f4c8206e,issue14562.pdf,pdfpaint,True,pdfpaint issue14562.pdf opt e10s fission stylo webrender,4768710,77,ms,firefox,459303201,17893160,2024-05-23T03:34:39,726.02,9b1a6927a89c8cf7997737b09f85c69d260daf7e,1431902
autoland,5096028,1,1ecf16f2f01f94fdd0a7c64ea14de70424a5db1d,windows10-64-shippable-qr,True,False,,,102210fe594ee9b33d82058545b1ed14f4c8206e,issue14562.pdf,pdfpaint,True,pdfpaint issue14562.pdf opt e10s fission stylo webrender,4768710,77,ms,firefox,459321205,18077587,2024-05-23T07:36:30,731.6500000000001,3202a06939c4312c17408f78f9cb0fa5caca1350,1431962
autoland,5096028,1,1ecf16f2f01f94fdd0a7c64ea14de70424a5db1d,windows10-64-shippable-qr,True,False,,,102210fe594ee9b33d82058545b1ed14f4c8206e,issue14562.pdf,pdfpaint,True,pdfpaint issue14562.pdf opt e10s fission stylo webrender,4768710,77,ms,firefox,459364922,18291907,2024-05-23T11:55:12,732.51,42f8b13731a592d1a25e662692cbd82cee5012e0,1432088
autoland,5096028,1,1ecf16f2f01f94fdd0a7c64ea14de70424a5db1d,windows10-64-shippable-qr,True,False,,,102210fe594ee9b33d82058545b1ed14f4c8206e,issue14562.pdf,pdfpaint,True,pdfpaint issue14562.pdf opt e10s fission stylo webrender,4768710,77,ms,firefox,459401279,18458791,2024-05-23T16:05:29,729.01,f6745f7b07d46db22b923031edac8ab24b1b6825,1432216
autoland,5096028,1,1ecf16f2f01f94fdd0a7c64ea14de70424a5db1d,windows10-64-shippable-qr,True,False,,,102210fe594ee9b33d82058545b1ed14f4c8206e,issue14562.pdf,pdfpaint,True,pdfpaint issue14562.pdf opt e10s fission stylo webrender,4768710,77,ms,firefox,459404744,18487193,2024-05-23T17:53:40,718.79,001fbc2ff43017578828adce0c9b3ad4b7e3076d,1432303
autoland,5096028,1,1ecf16f2f01f94fdd0a7c64ea14de70424a5db1d,windows10-64-shippable-qr,True,False,,,102210fe594ee9b33d82058545b1ed14f4c8206e,issue14562.pdf,pdfpaint,True,pdfpaint issue14562.pdf opt e10s fission stylo webrender,4768710,77,ms,firefox,459435927,18670076,2024-05-23T21:11:24,717.54,4593c7cfe72ecf9919bfe10c5334e0a398d6b367,1432466
