repository_name,signature_id,framework_id,signature_hash,machine_platform,should_alert,has_subtests,extra_options,tags,option_collection_hash,test,suite,lower_is_better,name,parent_signature,repository_id,measurement_unit,application,job_id,entry_id,push_timestamp,value,revision,push_id,alert_id,alert_push_id,alert_prev_push_id,alert_creation_timestamp,alert_first_triaged,alert_triage_due_date,alert_repository,alert_framework,test_id,test_status,test_series_signature_framework_id,test_series_signature_signature_hash,test_series_signature_machine_platform,test_series_signature_test,test_series_signature_suite,test_series_signature_lower_is_better,test_series_signature_has_subtests,test_series_signature_option_collection_hash,test_series_signature_tags,test_series_signature_extra_options,test_series_signature_measurement_unit,test_series_signature_suite_public_name,test_series_signature_test_public_name,test_prev_taskcluster_metadata_task_id,test_prev_taskcluster_metadata_retry_id,test_taskcluster_metadata_task_id,test_taskcluster_metadata_retry_id,test_profile_url,test_prev_profile_url,test_is_regression,test_prev_value,test_new_value,test_t_value,test_amount_abs,test_amount_pct,test_summary_id,test_related_summary_id,test_manually_created,test_classifier,test_starred,test_classifier_email,test_backfill_record_context,test_backfill_record_status,test_backfill_record_total_actions_triggered,test_backfill_record_total_backfills_failed,test_backfill_record_total_backfills_successful,test_backfill_record_total_backfills_in_progress,test_noise_profile,alert_related_alerts,alert_status,alert_bug_number,alert_bug_due_date,alert_bug_updated,alert_issue_tracker,alert_notes,alert_push_timestamp,alert_prev_push_revision,alert_assignee_username,alert_assignee_email,alert_performance_tags
autoland,4520149,13,e3adf4d9868b88301d4e440efd147270a7749550,linux1804-64-shippable-qr,True,False,,|c|o|l|d| |f|i|s|s|i|o|n| |w|e|b|r|e|n|d|e|r|,102210fe594ee9b33d82058545b1ed14f4c8206e,fcp (geomean),twitter,True,twitter fcp (geomean) opt cold fission webrender,,77,ms,firefox,,1700016025,2023-05-24 10:49:25,239.4,1db51625512e546534a6a7352ff4ff3b9c48d713,1245770,,,,,,,,,,,,,,,,,,,,,,,,,,,,,,,,,,,,,,,,,,,,,,,,,,TN,,,,,,,,,,
autoland,4520149,13,e3adf4d9868b88301d4e440efd147270a7749550,linux1804-64-shippable-qr,True,False,,|c|o|l|d| |f|i|s|s|i|o|n| |w|e|b|r|e|n|d|e|r|,102210fe594ee9b33d82058545b1ed14f4c8206e,fcp (geomean),twitter,True,twitter fcp (geomean) opt cold fission webrender,,77,ms,firefox,,1700077525,2023-05-24 13:34:40,213.0,6a96bb1f430f92b83cc31f74db4e4c1f71e155e5,1245871,,,,,,,,,,,,,,,,,,,,,,,,,,,,,,,,,,,,,,,,,,,,,,,,,,TN,,,,,,,,,,
autoland,4520149,13,e3adf4d9868b88301d4e440efd147270a7749550,linux1804-64-shippable-qr,True,False,,|c|o|l|d| |f|i|s|s|i|o|n| |w|e|b|r|e|n|d|e|r|,102210fe594ee9b33d82058545b1ed14f4c8206e,fcp (geomean),twitter,True,twitter fcp (geomean) opt cold fission webrender,,77,ms,firefox,,1700197754,2023-05-24 17:26:23,246.6,b9da43bde2c92655235855f4bb966f7a2537eafa,1246058,,,,,,,,,,,,,,,,,,,,,,,,,,,,,,,,,,,,,,,,,,,,,,,,,,TN,,,,,,,,,,
autoland,4520149,13,e3adf4d9868b88301d4e440efd147270a7749550,linux1804-64-shippable-qr,True,False,,|c|o|l|d| |f|i|s|s|i|o|n| |w|e|b|r|e|n|d|e|r|,102210fe594ee9b33d82058545b1ed14f4c8206e,fcp (geomean),twitter,True,twitter fcp (geomean) opt cold fission webrender,,77,ms,firefox,,1700299274,2023-05-24 21:30:03,228.3,468123d0735b96f7486f1e1a4de373e3dd7520bd,1246204,,,,,,,,,,,,,,,,,,,,,,,,,,,,,,,,,,,,,,,,,,,,,,,,,,TN,,,,,,,,,,
autoland,4520149,13,e3adf4d9868b88301d4e440efd147270a7749550,linux1804-64-shippable-qr,True,False,,|c|o|l|d| |f|i|s|s|i|o|n| |w|e|b|r|e|n|d|e|r|,102210fe594ee9b33d82058545b1ed14f4c8206e,fcp (geomean),twitter,True,twitter fcp (geomean) opt cold fission webrender,,77,ms,firefox,,1700409593,2023-05-25 01:52:13,244.5,c1577427eba79d954813d300bfe6d4f09e0249f0,1246339,,,,,,,,,,,,,,,,,,,,,,,,,,,,,,,,,,,,,,,,,,,,,,,,,,TN,,,,,,,,,,
autoland,4520149,13,e3adf4d9868b88301d4e440efd147270a7749550,linux1804-64-shippable-qr,True,False,,|c|o|l|d| |f|i|s|s|i|o|n| |w|e|b|r|e|n|d|e|r|,102210fe594ee9b33d82058545b1ed14f4c8206e,fcp (geomean),twitter,True,twitter fcp (geomean) opt cold fission webrender,,77,ms,firefox,,1700465102,2023-05-25 06:53:28,229.4,ee3230b1fe26e5521d07465dcab71e75d586e422,1246434,,,,,,,,,,,,,,,,,,,,,,,,,,,,,,,,,,,,,,,,,,,,,,,,,,TN,,,,,,,,,,
autoland,4520149,13,e3adf4d9868b88301d4e440efd147270a7749550,linux1804-64-shippable-qr,True,False,,|c|o|l|d| |f|i|s|s|i|o|n| |w|e|b|r|e|n|d|e|r|,102210fe594ee9b33d82058545b1ed14f4c8206e,fcp (geomean),twitter,True,twitter fcp (geomean) opt cold fission webrender,,77,ms,firefox,,1700511807,2023-05-25 09:03:58,239.5,0cd7e9f3c07773af459b1d5676b4f14a1a4c2844,1246517,,,,,,,,,,,,,,,,,,,,,,,,,,,,,,,,,,,,,,,,,,,,,,,,,,TN,,,,,,,,,,
autoland,4520149,13,e3adf4d9868b88301d4e440efd147270a7749550,linux1804-64-shippable-qr,True,False,,|c|o|l|d| |f|i|s|s|i|o|n| |w|e|b|r|e|n|d|e|r|,102210fe594ee9b33d82058545b1ed14f4c8206e,fcp (geomean),twitter,True,twitter fcp (geomean) opt cold fission webrender,,77,ms,firefox,,1700629093,2023-05-25 13:17:19,234.7,09f3ed0c8776aaa707aab014022efa3a16e01a6e,1246661,,,,,,,,,,,,,,,,,,,,,,,,,,,,,,,,,,,,,,,,,,,,,,,,,,TN,,,,,,,,,,
autoland,4520149,13,e3adf4d9868b88301d4e440efd147270a7749550,linux1804-64-shippable-qr,True,False,,|c|o|l|d| |f|i|s|s|i|o|n| |w|e|b|r|e|n|d|e|r|,102210fe594ee9b33d82058545b1ed14f4c8206e,fcp (geomean),twitter,True,twitter fcp (geomean) opt cold fission webrender,,77,ms,firefox,,1700645438,2023-05-25 13:25:13,232.5,6e07dad252683bcc1ed82d6a973adda9b490af1f,1246670,,,,,,,,,,,,,,,,,,,,,,,,,,,,,,,,,,,,,,,,,,,,,,,,,,TN,,,,,,,,,,
autoland,4520149,13,e3adf4d9868b88301d4e440efd147270a7749550,linux1804-64-shippable-qr,True,False,,|c|o|l|d| |f|i|s|s|i|o|n| |w|e|b|r|e|n|d|e|r|,102210fe594ee9b33d82058545b1ed14f4c8206e,fcp (geomean),twitter,True,twitter fcp (geomean) opt cold fission webrender,,77,ms,firefox,,1700743240,2023-05-25 17:00:24,243.7,4971297a8917c4ce5f9136ebb0c82cde74eb50c4,1246837,,,,,,,,,,,,,,,,,,,,,,,,,,,,,,,,,,,,,,,,,,,,,,,,,,TN,,,,,,,,,,
autoland,4520149,13,e3adf4d9868b88301d4e440efd147270a7749550,linux1804-64-shippable-qr,True,False,,|c|o|l|d| |f|i|s|s|i|o|n| |w|e|b|r|e|n|d|e|r|,102210fe594ee9b33d82058545b1ed14f4c8206e,fcp (geomean),twitter,True,twitter fcp (geomean) opt cold fission webrender,,77,ms,firefox,,1700910659,2023-05-25 20:49:35,233.4,6d91b4ed2bb8fbe97d7f5fcf7cad0e6f2bb6ad2f,1247021,,,,,,,,,,,,,,,,,,,,,,,,,,,,,,,,,,,,,,,,,,,,,,,,,,TN,,,,,,,,,,
autoland,4520149,13,e3adf4d9868b88301d4e440efd147270a7749550,linux1804-64-shippable-qr,True,False,,|c|o|l|d| |f|i|s|s|i|o|n| |w|e|b|r|e|n|d|e|r|,102210fe594ee9b33d82058545b1ed14f4c8206e,fcp (geomean),twitter,True,twitter fcp (geomean) opt cold fission webrender,,77,ms,firefox,,1701031062,2023-05-26 00:58:32,211.8,d49f009b89ad3ae1616d96cb1d2d9234ef3f6cda,1247180,,,,,,,,,,,,,,,,,,,,,,,,,,,,,,,,,,,,,,,,,,,,,,,,,,TN,,,,,,,,,,
autoland,4520149,13,e3adf4d9868b88301d4e440efd147270a7749550,linux1804-64-shippable-qr,True,False,,|c|o|l|d| |f|i|s|s|i|o|n| |w|e|b|r|e|n|d|e|r|,102210fe594ee9b33d82058545b1ed14f4c8206e,fcp (geomean),twitter,True,twitter fcp (geomean) opt cold fission webrender,,77,ms,firefox,,1701133577,2023-05-26 04:58:44,223.8,ffc18acbe9c027a3d6c960322b40a9d0576af311,1247241,,,,,,,,,,,,,,,,,,,,,,,,,,,,,,,,,,,,,,,,,,,,,,,,,,TN,,,,,,,,,,
autoland,4520149,13,e3adf4d9868b88301d4e440efd147270a7749550,linux1804-64-shippable-qr,True,False,,|c|o|l|d| |f|i|s|s|i|o|n| |w|e|b|r|e|n|d|e|r|,102210fe594ee9b33d82058545b1ed14f4c8206e,fcp (geomean),twitter,True,twitter fcp (geomean) opt cold fission webrender,,77,ms,firefox,,1701208713,2023-05-26 08:30:04,231.6,35f77e2aafb53fdda81c118a9ea61aefdacd61b4,1247293,,,,,,,,,,,,,,,,,,,,,,,,,,,,,,,,,,,,,,,,,,,,,,,,,,TN,,,,,,,,,,
autoland,4520149,13,e3adf4d9868b88301d4e440efd147270a7749550,linux1804-64-shippable-qr,True,False,,|c|o|l|d| |f|i|s|s|i|o|n| |w|e|b|r|e|n|d|e|r|,102210fe594ee9b33d82058545b1ed14f4c8206e,fcp (geomean),twitter,True,twitter fcp (geomean) opt cold fission webrender,,77,ms,firefox,,1701344621,2023-05-26 12:58:50,245.8,3999253a6a3dc448416b9a73377e8599ca6bd022,1247437,,,,,,,,,,,,,,,,,,,,,,,,,,,,,,,,,,,,,,,,,,,,,,,,,,TN,,,,,,,,,,
autoland,4520149,13,e3adf4d9868b88301d4e440efd147270a7749550,linux1804-64-shippable-qr,True,False,,|c|o|l|d| |f|i|s|s|i|o|n| |w|e|b|r|e|n|d|e|r|,102210fe594ee9b33d82058545b1ed14f4c8206e,fcp (geomean),twitter,True,twitter fcp (geomean) opt cold fission webrender,,77,ms,firefox,,1701358642,2023-05-26 13:11:40,216.1,bb19012006135abc7ddd72be3cd269be7ef114b5,1247444,,,,,,,,,,,,,,,,,,,,,,,,,,,,,,,,,,,,,,,,,,,,,,,,,,TN,,,,,,,,,,
autoland,4520149,13,e3adf4d9868b88301d4e440efd147270a7749550,linux1804-64-shippable-qr,True,False,,|c|o|l|d| |f|i|s|s|i|o|n| |w|e|b|r|e|n|d|e|r|,102210fe594ee9b33d82058545b1ed14f4c8206e,fcp (geomean),twitter,True,twitter fcp (geomean) opt cold fission webrender,,77,ms,firefox,,1701507994,2023-05-26 17:23:29,261.1,8ca2ea7fe36515caaf70ddf90bfd2ee269f059cf,1247619,,,,,,,,,,,,,,,,,,,,,,,,,,,,,,,,,,,,,,,,,,,,,,,,,,TN,,,,,,,,,,
autoland,4520149,13,e3adf4d9868b88301d4e440efd147270a7749550,linux1804-64-shippable-qr,True,False,,|c|o|l|d| |f|i|s|s|i|o|n| |w|e|b|r|e|n|d|e|r|,102210fe594ee9b33d82058545b1ed14f4c8206e,fcp (geomean),twitter,True,twitter fcp (geomean) opt cold fission webrender,,77,ms,firefox,,1701793898,2023-05-26 18:57:45,244.0,f6b4fa0c88fefe367393867cc9b0a0a61ae30a86,1247663,,,,,,,,,,,,,,,,,,,,,,,,,,,,,,,,,,,,,,,,,,,,,,,,,,TN,,,,,,,,,,
autoland,4520149,13,e3adf4d9868b88301d4e440efd147270a7749550,linux1804-64-shippable-qr,True,False,,|c|o|l|d| |f|i|s|s|i|o|n| |w|e|b|r|e|n|d|e|r|,102210fe594ee9b33d82058545b1ed14f4c8206e,fcp (geomean),twitter,True,twitter fcp (geomean) opt cold fission webrender,,77,ms,firefox,,1701777481,2023-05-26 19:09:08,233.2,224c6165eeed35754ed2edb7bcf25308c5bb56bb,1247672,,,,,,,,,,,,,,,,,,,,,,,,,,,,,,,,,,,,,,,,,,,,,,,,,,TN,,,,,,,,,,
autoland,4520149,13,e3adf4d9868b88301d4e440efd147270a7749550,linux1804-64-shippable-qr,True,False,,|c|o|l|d| |f|i|s|s|i|o|n| |w|e|b|r|e|n|d|e|r|,102210fe594ee9b33d82058545b1ed14f4c8206e,fcp (geomean),twitter,True,twitter fcp (geomean) opt cold fission webrender,,77,ms,firefox,,1701601884,2023-05-26 19:44:57,265.4,fc6056442a0fa16146259cb730d4e34a16656952,1247712,,,,,,,,,,,,,,,,,,,,,,,,,,,,,,,,,,,,,,,,,,,,,,,,,,TN,,,,,,,,,,
autoland,4520149,13,e3adf4d9868b88301d4e440efd147270a7749550,linux1804-64-shippable-qr,True,False,,|c|o|l|d| |f|i|s|s|i|o|n| |w|e|b|r|e|n|d|e|r|,102210fe594ee9b33d82058545b1ed14f4c8206e,fcp (geomean),twitter,True,twitter fcp (geomean) opt cold fission webrender,,77,ms,firefox,,1701727664,2023-05-27 00:56:39,224.7,b45b68be3f9bae0da4d649a44e60c6cd175f2212,1247879,,,,,,,,,,,,,,,,,,,,,,,,,,,,,,,,,,,,,,,,,,,,,,,,,,TN,,,,,,,,,,
autoland,4520149,13,e3adf4d9868b88301d4e440efd147270a7749550,linux1804-64-shippable-qr,True,False,,|c|o|l|d| |f|i|s|s|i|o|n| |w|e|b|r|e|n|d|e|r|,102210fe594ee9b33d82058545b1ed14f4c8206e,fcp (geomean),twitter,True,twitter fcp (geomean) opt cold fission webrender,,77,ms,firefox,,1701875944,2023-05-27 11:39:36,212.5,6a941c8c6ff3290e530942915ee97161b670f15d,1247945,,,,,,,,,,,,,,,,,,,,,,,,,,,,,,,,,,,,,,,,,,,,,,,,,,TN,,,,,,,,,,
autoland,4520149,13,e3adf4d9868b88301d4e440efd147270a7749550,linux1804-64-shippable-qr,True,False,,|c|o|l|d| |f|i|s|s|i|o|n| |w|e|b|r|e|n|d|e|r|,102210fe594ee9b33d82058545b1ed14f4c8206e,fcp (geomean),twitter,True,twitter fcp (geomean) opt cold fission webrender,,77,ms,firefox,,1701914047,2023-05-27 15:52:21,209.1,531a15ae09d49e29c270830e9b873aa625a5a8c2,1247961,,,,,,,,,,,,,,,,,,,,,,,,,,,,,,,,,,,,,,,,,,,,,,,,,,TN,,,,,,,,,,
autoland,4520149,13,e3adf4d9868b88301d4e440efd147270a7749550,linux1804-64-shippable-qr,True,False,,|c|o|l|d| |f|i|s|s|i|o|n| |w|e|b|r|e|n|d|e|r|,102210fe594ee9b33d82058545b1ed14f4c8206e,fcp (geomean),twitter,True,twitter fcp (geomean) opt cold fission webrender,,77,ms,firefox,,1702037026,2023-05-28 20:46:15,220.5,47f0f49b40361f9c5bde3a5691dc5d65ec1e0061,1248031,,,,,,,,,,,,,,,,,,,,,,,,,,,,,,,,,,,,,,,,,,,,,,,,,,TN,,,,,,,,,,
autoland,4520149,13,e3adf4d9868b88301d4e440efd147270a7749550,linux1804-64-shippable-qr,True,False,,|c|o|l|d| |f|i|s|s|i|o|n| |w|e|b|r|e|n|d|e|r|,102210fe594ee9b33d82058545b1ed14f4c8206e,fcp (geomean),twitter,True,twitter fcp (geomean) opt cold fission webrender,,77,ms,firefox,,1702069770,2023-05-29 02:12:22,251.5,1f8f2142966233c5d8d437f93d361aa0cc2b36c6,1248080,,,,,,,,,,,,,,,,,,,,,,,,,,,,,,,,,,,,,,,,,,,,,,,,,,TN,,,,,,,,,,
autoland,4520149,13,e3adf4d9868b88301d4e440efd147270a7749550,linux1804-64-shippable-qr,True,False,,|c|o|l|d| |f|i|s|s|i|o|n| |w|e|b|r|e|n|d|e|r|,102210fe594ee9b33d82058545b1ed14f4c8206e,fcp (geomean),twitter,True,twitter fcp (geomean) opt cold fission webrender,,77,ms,firefox,,1702128311,2023-05-29 06:50:24,241.6,1565861edeebf64845658a3f48cb89fa4515bb68,1248115,,,,,,,,,,,,,,,,,,,,,,,,,,,,,,,,,,,,,,,,,,,,,,,,,,TN,,,,,,,,,,
autoland,4520149,13,e3adf4d9868b88301d4e440efd147270a7749550,linux1804-64-shippable-qr,True,False,,|c|o|l|d| |f|i|s|s|i|o|n| |w|e|b|r|e|n|d|e|r|,102210fe594ee9b33d82058545b1ed14f4c8206e,fcp (geomean),twitter,True,twitter fcp (geomean) opt cold fission webrender,,77,ms,firefox,,1702151542,2023-05-29 07:27:55,260.4,31915ad324761c4fe80dac65ca36f070ab2102a2,1248125,,,,,,,,,,,,,,,,,,,,,,,,,,,,,,,,,,,,,,,,,,,,,,,,,,TN,,,,,,,,,,
autoland,4520149,13,e3adf4d9868b88301d4e440efd147270a7749550,linux1804-64-shippable-qr,True,False,,|c|o|l|d| |f|i|s|s|i|o|n| |w|e|b|r|e|n|d|e|r|,102210fe594ee9b33d82058545b1ed14f4c8206e,fcp (geomean),twitter,True,twitter fcp (geomean) opt cold fission webrender,,77,ms,firefox,,1702524016,2023-05-29 13:34:49,226.1,fc5fe4c288f6b66527c3e44199ca2d8a6b8a11d8,1248241,,,,,,,,,,,,,,,,,,,,,,,,,,,,,,,,,,,,,,,,,,,,,,,,,,TN,,,,,,,,,,
autoland,4520149,13,e3adf4d9868b88301d4e440efd147270a7749550,linux1804-64-shippable-qr,True,False,,|c|o|l|d| |f|i|s|s|i|o|n| |w|e|b|r|e|n|d|e|r|,102210fe594ee9b33d82058545b1ed14f4c8206e,fcp (geomean),twitter,True,twitter fcp (geomean) opt cold fission webrender,,77,ms,firefox,,1702535272,2023-05-29 14:27:57,215.5,83f34deeebbf4c6c6ab5d535abf0d8b6681429a5,1248269,,,,,,,,,,,,,,,,,,,,,,,,,,,,,,,,,,,,,,,,,,,,,,,,,,TN,,,,,,,,,,
autoland,4520149,13,e3adf4d9868b88301d4e440efd147270a7749550,linux1804-64-shippable-qr,True,False,,|c|o|l|d| |f|i|s|s|i|o|n| |w|e|b|r|e|n|d|e|r|,102210fe594ee9b33d82058545b1ed14f4c8206e,fcp (geomean),twitter,True,twitter fcp (geomean) opt cold fission webrender,,77,ms,firefox,,1702317971,2023-05-29 15:52:56,252.8,e1a08bab18008646938a96dfab802d2471fcadc1,1248305,,,,,,,,,,,,,,,,,,,,,,,,,,,,,,,,,,,,,,,,,,,,,,,,,,TN,,,,,,,,,,
autoland,4520149,13,e3adf4d9868b88301d4e440efd147270a7749550,linux1804-64-shippable-qr,True,False,,|c|o|l|d| |f|i|s|s|i|o|n| |w|e|b|r|e|n|d|e|r|,102210fe594ee9b33d82058545b1ed14f4c8206e,fcp (geomean),twitter,True,twitter fcp (geomean) opt cold fission webrender,,77,ms,firefox,,1702411458,2023-05-29 20:27:32,232.3,496eefc6bee2519ce93df561b640b582e869b964,1248440,,,,,,,,,,,,,,,,,,,,,,,,,,,,,,,,,,,,,,,,,,,,,,,,,,TN,,,,,,,,,,
autoland,4520149,13,e3adf4d9868b88301d4e440efd147270a7749550,linux1804-64-shippable-qr,True,False,,|c|o|l|d| |f|i|s|s|i|o|n| |w|e|b|r|e|n|d|e|r|,102210fe594ee9b33d82058545b1ed14f4c8206e,fcp (geomean),twitter,True,twitter fcp (geomean) opt cold fission webrender,,77,ms,firefox,,1702392457,2023-05-29 20:34:18,231.7,f7d3e204b0fb015cf0fb51a08403e22986a2ae52,1248445,,,,,,,,,,,,,,,,,,,,,,,,,,,,,,,,,,,,,,,,,,,,,,,,,,TN,,,,,,,,,,
autoland,4520149,13,e3adf4d9868b88301d4e440efd147270a7749550,linux1804-64-shippable-qr,True,False,,|c|o|l|d| |f|i|s|s|i|o|n| |w|e|b|r|e|n|d|e|r|,102210fe594ee9b33d82058545b1ed14f4c8206e,fcp (geomean),twitter,True,twitter fcp (geomean) opt cold fission webrender,,77,ms,firefox,,1702484802,2023-05-30 01:15:28,215.7,82442b2d56d94c600cca707dd62ab7a19d68bbd2,1248536,,,,,,,,,,,,,,,,,,,,,,,,,,,,,,,,,,,,,,,,,,,,,,,,,,TN,,,,,,,,,,
autoland,4520149,13,e3adf4d9868b88301d4e440efd147270a7749550,linux1804-64-shippable-qr,True,False,,|c|o|l|d| |f|i|s|s|i|o|n| |w|e|b|r|e|n|d|e|r|,102210fe594ee9b33d82058545b1ed14f4c8206e,fcp (geomean),twitter,True,twitter fcp (geomean) opt cold fission webrender,,77,ms,firefox,,1702575722,2023-05-30 06:58:06,239.2,23a3b1b5a2b78d86456189221e567423206bc00a,1248601,,,,,,,,,,,,,,,,,,,,,,,,,,,,,,,,,,,,,,,,,,,,,,,,,,TN,,,,,,,,,,
autoland,4520149,13,e3adf4d9868b88301d4e440efd147270a7749550,linux1804-64-shippable-qr,True,False,,|c|o|l|d| |f|i|s|s|i|o|n| |w|e|b|r|e|n|d|e|r|,102210fe594ee9b33d82058545b1ed14f4c8206e,fcp (geomean),twitter,True,twitter fcp (geomean) opt cold fission webrender,,77,ms,firefox,,1702600349,2023-05-30 07:49:46,251.4,64b2487b96b949b3c6a787dfd17210f9998fb42e,1248618,,,,,,,,,,,,,,,,,,,,,,,,,,,,,,,,,,,,,,,,,,,,,,,,,,TN,,,,,,,,,,
autoland,4520149,13,e3adf4d9868b88301d4e440efd147270a7749550,linux1804-64-shippable-qr,True,False,,|c|o|l|d| |f|i|s|s|i|o|n| |w|e|b|r|e|n|d|e|r|,102210fe594ee9b33d82058545b1ed14f4c8206e,fcp (geomean),twitter,True,twitter fcp (geomean) opt cold fission webrender,,77,ms,firefox,,1702735242,2023-05-30 12:05:20,237.6,121d4440186ece5c7acf444a8879a3818d54fef5,1248752,,,,,,,,,,,,,,,,,,,,,,,,,,,,,,,,,,,,,,,,,,,,,,,,,,TN,,,,,,,,,,
autoland,4520149,13,e3adf4d9868b88301d4e440efd147270a7749550,linux1804-64-shippable-qr,True,False,,|c|o|l|d| |f|i|s|s|i|o|n| |w|e|b|r|e|n|d|e|r|,102210fe594ee9b33d82058545b1ed14f4c8206e,fcp (geomean),twitter,True,twitter fcp (geomean) opt cold fission webrender,,77,ms,firefox,,1703261850,2023-05-30 14:11:57,219.8,1c86169a6ab3a53190c7fca3fe2cefe2251e4cad,1248832,,,,,,,,,,,,,,,,,,,,,,,,,,,,,,,,,,,,,,,,,,,,,,,,,,TN,,,,,,,,,,
autoland,4520149,13,e3adf4d9868b88301d4e440efd147270a7749550,linux1804-64-shippable-qr,True,False,,|c|o|l|d| |f|i|s|s|i|o|n| |w|e|b|r|e|n|d|e|r|,102210fe594ee9b33d82058545b1ed14f4c8206e,fcp (geomean),twitter,True,twitter fcp (geomean) opt cold fission webrender,,77,ms,firefox,,1703248838,2023-05-30 14:17:42,226.4,2139914fff1c2bb8398578403a5d19f8ba7eab08,1248836,,,,,,,,,,,,,,,,,,,,,,,,,,,,,,,,,,,,,,,,,,,,,,,,,,TN,,,,,,,,,,
autoland,4520149,13,e3adf4d9868b88301d4e440efd147270a7749550,linux1804-64-shippable-qr,True,False,,|c|o|l|d| |f|i|s|s|i|o|n| |w|e|b|r|e|n|d|e|r|,102210fe594ee9b33d82058545b1ed14f4c8206e,fcp (geomean),twitter,True,twitter fcp (geomean) opt cold fission webrender,,77,ms,firefox,,1703290790,2023-05-30 14:18:36,215.9,25819f54f4eb2233a294e431c4f84f146fc2fa5f,1248839,,,,,,,,,,,,,,,,,,,,,,,,,,,,,,,,,,,,,,,,,,,,,,,,,,TN,,,,,,,,,,
autoland,4520149,13,e3adf4d9868b88301d4e440efd147270a7749550,linux1804-64-shippable-qr,True,False,,|c|o|l|d| |f|i|s|s|i|o|n| |w|e|b|r|e|n|d|e|r|,102210fe594ee9b33d82058545b1ed14f4c8206e,fcp (geomean),twitter,True,twitter fcp (geomean) opt cold fission webrender,,77,ms,firefox,,1703280220,2023-05-30 14:20:30,212.0,fe968fa39d7b2a02923dc930f6045d0c925149cc,1248840,,,,,,,,,,,,,,,,,,,,,,,,,,,,,,,,,,,,,,,,,,,,,,,,,,TN,,,,,,,,,,
autoland,4520149,13,e3adf4d9868b88301d4e440efd147270a7749550,linux1804-64-shippable-qr,True,False,,|c|o|l|d| |f|i|s|s|i|o|n| |w|e|b|r|e|n|d|e|r|,102210fe594ee9b33d82058545b1ed14f4c8206e,fcp (geomean),twitter,True,twitter fcp (geomean) opt cold fission webrender,,77,ms,firefox,,1702813875,2023-05-30 15:20:14,219.7,8ddf44b47ed68e786f1ca69913136fe2ddd7f1d2,1248888,,,,,,,,,,,,,,,,,,,,,,,,,,,,,,,,,,,,,,,,,,,,,,,,,,TN,,,,,,,,,,
autoland,4520149,13,e3adf4d9868b88301d4e440efd147270a7749550,linux1804-64-shippable-qr,True,False,,|c|o|l|d| |f|i|s|s|i|o|n| |w|e|b|r|e|n|d|e|r|,102210fe594ee9b33d82058545b1ed14f4c8206e,fcp (geomean),twitter,True,twitter fcp (geomean) opt cold fission webrender,,77,ms,firefox,,1703248597,2023-05-30 17:40:00,229.2,f283a65c051a837eb3b3eb004e258408b9aa8e53,1248971,,,,,,,,,,,,,,,,,,,,,,,,,,,,,,,,,,,,,,,,,,,,,,,,,,TN,,,,,,,,,,
autoland,4520149,13,e3adf4d9868b88301d4e440efd147270a7749550,linux1804-64-shippable-qr,True,False,,|c|o|l|d| |f|i|s|s|i|o|n| |w|e|b|r|e|n|d|e|r|,102210fe594ee9b33d82058545b1ed14f4c8206e,fcp (geomean),twitter,True,twitter fcp (geomean) opt cold fission webrender,,77,ms,firefox,,1703225603,2023-05-30 18:28:22,226.6,3be173a1e2614e622c6c3361b457b0c2b24ff6da,1249008,,,,,,,,,,,,,,,,,,,,,,,,,,,,,,,,,,,,,,,,,,,,,,,,,,TN,,,,,,,,,,
autoland,4520149,13,e3adf4d9868b88301d4e440efd147270a7749550,linux1804-64-shippable-qr,True,False,,|c|o|l|d| |f|i|s|s|i|o|n| |w|e|b|r|e|n|d|e|r|,102210fe594ee9b33d82058545b1ed14f4c8206e,fcp (geomean),twitter,True,twitter fcp (geomean) opt cold fission webrender,,77,ms,firefox,,1702906042,2023-05-30 19:20:55,239.4,361a866d206fd695b15823113863d449afb7c87d,1249050,,,,,,,,,,,,,,,,,,,,,,,,,,,,,,,,,,,,,,,,,,,,,,,,,,TN,,,,,,,,,,
autoland,4520149,13,e3adf4d9868b88301d4e440efd147270a7749550,linux1804-64-shippable-qr,True,False,,|c|o|l|d| |f|i|s|s|i|o|n| |w|e|b|r|e|n|d|e|r|,102210fe594ee9b33d82058545b1ed14f4c8206e,fcp (geomean),twitter,True,twitter fcp (geomean) opt cold fission webrender,,77,ms,firefox,,1702918061,2023-05-30 19:21:44,232.8,f9dad80c02c9517d8cb38311989dab88f1236015,1249051,,,,,,,,,,,,,,,,,,,,,,,,,,,,,,,,,,,,,,,,,,,,,,,,,,TN,,,,,,,,,,
autoland,4520149,13,e3adf4d9868b88301d4e440efd147270a7749550,linux1804-64-shippable-qr,True,False,,|c|o|l|d| |f|i|s|s|i|o|n| |w|e|b|r|e|n|d|e|r|,102210fe594ee9b33d82058545b1ed14f4c8206e,fcp (geomean),twitter,True,twitter fcp (geomean) opt cold fission webrender,,77,ms,firefox,,1703050841,2023-05-30 22:16:30,234.4,0ea1f0bff41ab8b0e92e4f35f3d6eaf801ad3fc0,1249172,,,,,,,,,,,,,,,,,,,,,,,,,,,,,,,,,,,,,,,,,,,,,,,,,,TN,,,,,,,,,,
autoland,4520149,13,e3adf4d9868b88301d4e440efd147270a7749550,linux1804-64-shippable-qr,True,False,,|c|o|l|d| |f|i|s|s|i|o|n| |w|e|b|r|e|n|d|e|r|,102210fe594ee9b33d82058545b1ed14f4c8206e,fcp (geomean),twitter,True,twitter fcp (geomean) opt cold fission webrender,,77,ms,firefox,,1703142432,2023-05-31 02:21:54,232.6,40997d8c121ee054ffe5df2c1a10d3a392f78c3c,1249255,,,,,,,,,,,,,,,,,,,,,,,,,,,,,,,,,,,,,,,,,,,,,,,,,,TN,,,,,,,,,,
autoland,4520149,13,e3adf4d9868b88301d4e440efd147270a7749550,linux1804-64-shippable-qr,True,False,,|c|o|l|d| |f|i|s|s|i|o|n| |w|e|b|r|e|n|d|e|r|,102210fe594ee9b33d82058545b1ed14f4c8206e,fcp (geomean),twitter,True,twitter fcp (geomean) opt cold fission webrender,,77,ms,firefox,,1703390165,2023-05-31 09:56:26,240.3,2317c21d7aeb68528ec7946980e7ca68d74c451a,1249439,,,,,,,,,,,,,,,,,,,,,,,,,,,,,,,,,,,,,,,,,,,,,,,,,,TN,,,,,,,,,,
autoland,4520149,13,e3adf4d9868b88301d4e440efd147270a7749550,linux1804-64-shippable-qr,True,False,,|c|o|l|d| |f|i|s|s|i|o|n| |w|e|b|r|e|n|d|e|r|,102210fe594ee9b33d82058545b1ed14f4c8206e,fcp (geomean),twitter,True,twitter fcp (geomean) opt cold fission webrender,,77,ms,firefox,,1704281796,2023-05-31 12:33:14,235.2,266547f5163fca069f3fb0846cfd9318a1beda07,1249509,,,,,,,,,,,,,,,,,,,,,,,,,,,,,,,,,,,,,,,,,,,,,,,,,,TN,,,,,,,,,,
autoland,4520149,13,e3adf4d9868b88301d4e440efd147270a7749550,linux1804-64-shippable-qr,True,False,,|c|o|l|d| |f|i|s|s|i|o|n| |w|e|b|r|e|n|d|e|r|,102210fe594ee9b33d82058545b1ed14f4c8206e,fcp (geomean),twitter,True,twitter fcp (geomean) opt cold fission webrender,,77,ms,firefox,,1704220252,2023-05-31 12:40:08,204.2,be003bc24d249ccbd427d8ba21ea81c4637f1cda,1249513,,,,,,,,,,,,,,,,,,,,,,,,,,,,,,,,,,,,,,,,,,,,,,,,,,TN,,,,,,,,,,
autoland,4520149,13,e3adf4d9868b88301d4e440efd147270a7749550,linux1804-64-shippable-qr,True,False,,|c|o|l|d| |f|i|s|s|i|o|n| |w|e|b|r|e|n|d|e|r|,102210fe594ee9b33d82058545b1ed14f4c8206e,fcp (geomean),twitter,True,twitter fcp (geomean) opt cold fission webrender,,77,ms,firefox,,1703673110,2023-05-31 14:02:33,200.7,7d2ea0789fc8c8538febac2643670ed4a46de087,1249550,,,,,,,,,,,,,,,,,,,,,,,,,,,,,,,,,,,,,,,,,,,,,,,,,,TN,,,,,,,,,,
autoland,4520149,13,e3adf4d9868b88301d4e440efd147270a7749550,linux1804-64-shippable-qr,True,False,,|c|o|l|d| |f|i|s|s|i|o|n| |w|e|b|r|e|n|d|e|r|,102210fe594ee9b33d82058545b1ed14f4c8206e,fcp (geomean),twitter,True,twitter fcp (geomean) opt cold fission webrender,,77,ms,firefox,,1703732221,2023-05-31 15:08:35,204.1,513ac812d28fbd668a0b4216f4f52aef38b29501,1249582,,,,,,,,,,,,,,,,,,,,,,,,,,,,,,,,,,,,,,,,,,,,,,,,,,TN,,,,,,,,,,
autoland,4520149,13,e3adf4d9868b88301d4e440efd147270a7749550,linux1804-64-shippable-qr,True,False,,|c|o|l|d| |f|i|s|s|i|o|n| |w|e|b|r|e|n|d|e|r|,102210fe594ee9b33d82058545b1ed14f4c8206e,fcp (geomean),twitter,True,twitter fcp (geomean) opt cold fission webrender,,77,ms,firefox,,1703862784,2023-05-31 17:22:12,218.1,b1a1fe06a88b8bdb3f1c5564d12f6798261f34f8,1249712,,,,,,,,,,,,,,,,,,,,,,,,,,,,,,,,,,,,,,,,,,,,,,,,,,TN,,,,,,,,,,
autoland,4520149,13,e3adf4d9868b88301d4e440efd147270a7749550,linux1804-64-shippable-qr,True,False,,|c|o|l|d| |f|i|s|s|i|o|n| |w|e|b|r|e|n|d|e|r|,102210fe594ee9b33d82058545b1ed14f4c8206e,fcp (geomean),twitter,True,twitter fcp (geomean) opt cold fission webrender,,77,ms,firefox,,1703979730,2023-05-31 20:28:19,215.2,acd631722a01cb363c4967477af9f240d35cd218,1249881,,,,,,,,,,,,,,,,,,,,,,,,,,,,,,,,,,,,,,,,,,,,,,,,,,TN,,,,,,,,,,
autoland,4520149,13,e3adf4d9868b88301d4e440efd147270a7749550,linux1804-64-shippable-qr,True,False,,|c|o|l|d| |f|i|s|s|i|o|n| |w|e|b|r|e|n|d|e|r|,102210fe594ee9b33d82058545b1ed14f4c8206e,fcp (geomean),twitter,True,twitter fcp (geomean) opt cold fission webrender,,77,ms,firefox,,1704267256,2023-05-31 21:52:05,227.8,3e57422d355fbd79bda3cc9af613485b3bdce01e,1249959,,,,,,,,,,,,,,,,,,,,,,,,,,,,,,,,,,,,,,,,,,,,,,,,,,TN,,,,,,,,,,
autoland,4520149,13,e3adf4d9868b88301d4e440efd147270a7749550,linux1804-64-shippable-qr,True,False,,|c|o|l|d| |f|i|s|s|i|o|n| |w|e|b|r|e|n|d|e|r|,102210fe594ee9b33d82058545b1ed14f4c8206e,fcp (geomean),twitter,True,twitter fcp (geomean) opt cold fission webrender,,77,ms,firefox,,1704291329,2023-05-31 21:52:58,217.9,1ee8fd36b1276fa713a4407e53085c5991e8ad2d,1249961,,,,,,,,,,,,,,,,,,,,,,,,,,,,,,,,,,,,,,,,,,,,,,,,,,TN,,,,,,,,,,
autoland,4520149,13,e3adf4d9868b88301d4e440efd147270a7749550,linux1804-64-shippable-qr,True,False,,|c|o|l|d| |f|i|s|s|i|o|n| |w|e|b|r|e|n|d|e|r|,102210fe594ee9b33d82058545b1ed14f4c8206e,fcp (geomean),twitter,True,twitter fcp (geomean) opt cold fission webrender,,77,ms,firefox,,1704127256,2023-05-31 23:35:37,216.8,69cd9d943489100b8424cf1b19b0646cbc9c317c,1250055,,,,,,,,,,,,,,,,,,,,,,,,,,,,,,,,,,,,,,,,,,,,,,,,,,TN,,,,,,,,,,
autoland,4520149,13,e3adf4d9868b88301d4e440efd147270a7749550,linux1804-64-shippable-qr,True,False,,|c|o|l|d| |f|i|s|s|i|o|n| |w|e|b|r|e|n|d|e|r|,102210fe594ee9b33d82058545b1ed14f4c8206e,fcp (geomean),twitter,True,twitter fcp (geomean) opt cold fission webrender,,77,ms,firefox,,1704224029,2023-06-01 03:44:27,216.6,5d6127a9b7ed37774d6403efd4ee1ec813503592,1250134,,,,,,,,,,,,,,,,,,,,,,,,,,,,,,,,,,,,,,,,,,,,,,,,,,TN,,,,,,,,,,
autoland,4520149,13,e3adf4d9868b88301d4e440efd147270a7749550,linux1804-64-shippable-qr,True,False,,|c|o|l|d| |f|i|s|s|i|o|n| |w|e|b|r|e|n|d|e|r|,102210fe594ee9b33d82058545b1ed14f4c8206e,fcp (geomean),twitter,True,twitter fcp (geomean) opt cold fission webrender,,77,ms,firefox,,1704343544,2023-06-01 08:18:01,221.1,310a02cb1216c0fafadcbc049aac0875871eab96,1250206,,,,,,,,,,,,,,,,,,,,,,,,,,,,,,,,,,,,,,,,,,,,,,,,,,TN,,,,,,,,,,
autoland,4520149,13,e3adf4d9868b88301d4e440efd147270a7749550,linux1804-64-shippable-qr,True,False,,|c|o|l|d| |f|i|s|s|i|o|n| |w|e|b|r|e|n|d|e|r|,102210fe594ee9b33d82058545b1ed14f4c8206e,fcp (geomean),twitter,True,twitter fcp (geomean) opt cold fission webrender,,77,ms,firefox,,1704410042,2023-06-01 09:51:53,225.8,3ee1184f75ef01c3b8b3acb826d84a189cac75ce,1250243,,,,,,,,,,,,,,,,,,,,,,,,,,,,,,,,,,,,,,,,,,,,,,,,,,TN,,,,,,,,,,
autoland,4520149,13,e3adf4d9868b88301d4e440efd147270a7749550,linux1804-64-shippable-qr,True,False,,|c|o|l|d| |f|i|s|s|i|o|n| |w|e|b|r|e|n|d|e|r|,102210fe594ee9b33d82058545b1ed14f4c8206e,fcp (geomean),twitter,True,twitter fcp (geomean) opt cold fission webrender,,77,ms,firefox,,1704597612,2023-06-01 13:54:39,223.5,01e7e891e3d0793f8a185fe99b6f8cc9c6ffa74e,1250379,,,,,,,,,,,,,,,,,,,,,,,,,,,,,,,,,,,,,,,,,,,,,,,,,,TN,,,,,,,,,,
autoland,4520149,13,e3adf4d9868b88301d4e440efd147270a7749550,linux1804-64-shippable-qr,True,False,,|c|o|l|d| |f|i|s|s|i|o|n| |w|e|b|r|e|n|d|e|r|,102210fe594ee9b33d82058545b1ed14f4c8206e,fcp (geomean),twitter,True,twitter fcp (geomean) opt cold fission webrender,,77,ms,firefox,,1704759748,2023-06-01 19:53:44,242.9,ae0f513f1d25aef3f79ad009b5f2dd7407536827,1250634,,,,,,,,,,,,,,,,,,,,,,,,,,,,,,,,,,,,,,,,,,,,,,,,,,TN,,,,,,,,,,
autoland,4520149,13,e3adf4d9868b88301d4e440efd147270a7749550,linux1804-64-shippable-qr,True,False,,|c|o|l|d| |f|i|s|s|i|o|n| |w|e|b|r|e|n|d|e|r|,102210fe594ee9b33d82058545b1ed14f4c8206e,fcp (geomean),twitter,True,twitter fcp (geomean) opt cold fission webrender,,77,ms,firefox,,1704818861,2023-06-01 21:35:55,241.0,9718fca142ae7765c8ca6c3616fab6e303225556,1250675,,,,,,,,,,,,,,,,,,,,,,,,,,,,,,,,,,,,,,,,,,,,,,,,,,TN,,,,,,,,,,
autoland,4520149,13,e3adf4d9868b88301d4e440efd147270a7749550,linux1804-64-shippable-qr,True,False,,|c|o|l|d| |f|i|s|s|i|o|n| |w|e|b|r|e|n|d|e|r|,102210fe594ee9b33d82058545b1ed14f4c8206e,fcp (geomean),twitter,True,twitter fcp (geomean) opt cold fission webrender,,77,ms,firefox,,1704911121,2023-06-02 02:04:00,219.8,c365694efc9c7ac4c2c010f9dc97afb7c80107ee,1250783,,,,,,,,,,,,,,,,,,,,,,,,,,,,,,,,,,,,,,,,,,,,,,,,,,TN,,,,,,,,,,
autoland,4520149,13,e3adf4d9868b88301d4e440efd147270a7749550,linux1804-64-shippable-qr,True,False,,|c|o|l|d| |f|i|s|s|i|o|n| |w|e|b|r|e|n|d|e|r|,102210fe594ee9b33d82058545b1ed14f4c8206e,fcp (geomean),twitter,True,twitter fcp (geomean) opt cold fission webrender,,77,ms,firefox,,1705152853,2023-06-02 12:19:13,247.9,5d642eb9394b5f5e9e9f0a4b6be492055e341e31,1250979,,,,,,,,,,,,,,,,,,,,,,,,,,,,,,,,,,,,,,,,,,,,,,,,,,TN,,,,,,,,,,
autoland,4520149,13,e3adf4d9868b88301d4e440efd147270a7749550,linux1804-64-shippable-qr,True,False,,|c|o|l|d| |f|i|s|s|i|o|n| |w|e|b|r|e|n|d|e|r|,102210fe594ee9b33d82058545b1ed14f4c8206e,fcp (geomean),twitter,True,twitter fcp (geomean) opt cold fission webrender,,77,ms,firefox,,1705178446,2023-06-02 13:27:34,232.2,e2c71d0ed1e8bb2b9752f78b13c31171d5dde3a9,1251019,,,,,,,,,,,,,,,,,,,,,,,,,,,,,,,,,,,,,,,,,,,,,,,,,,TN,,,,,,,,,,
autoland,4520149,13,e3adf4d9868b88301d4e440efd147270a7749550,linux1804-64-shippable-qr,True,False,,|c|o|l|d| |f|i|s|s|i|o|n| |w|e|b|r|e|n|d|e|r|,102210fe594ee9b33d82058545b1ed14f4c8206e,fcp (geomean),twitter,True,twitter fcp (geomean) opt cold fission webrender,,77,ms,firefox,,1705284462,2023-06-02 17:59:13,206.8,ad7e9e56836f2bd7e0668d322719f548e825a685,1251185,,,,,,,,,,,,,,,,,,,,,,,,,,,,,,,,,,,,,,,,,,,,,,,,,,TN,,,,,,,,,,
autoland,4520149,13,e3adf4d9868b88301d4e440efd147270a7749550,linux1804-64-shippable-qr,True,False,,|c|o|l|d| |f|i|s|s|i|o|n| |w|e|b|r|e|n|d|e|r|,102210fe594ee9b33d82058545b1ed14f4c8206e,fcp (geomean),twitter,True,twitter fcp (geomean) opt cold fission webrender,,77,ms,firefox,,1705271381,2023-06-02 18:03:52,232.3,8c3b1c60fde747fcb4e3421062a37b829d6acb9f,1251187,,,,,,,,,,,,,,,,,,,,,,,,,,,,,,,,,,,,,,,,,,,,,,,,,,TN,,,,,,,,,,
autoland,4520149,13,e3adf4d9868b88301d4e440efd147270a7749550,linux1804-64-shippable-qr,True,False,,|c|o|l|d| |f|i|s|s|i|o|n| |w|e|b|r|e|n|d|e|r|,102210fe594ee9b33d82058545b1ed14f4c8206e,fcp (geomean),twitter,True,twitter fcp (geomean) opt cold fission webrender,,77,ms,firefox,,1705374598,2023-06-02 22:18:32,234.1,b9f63a24bc677e4c6a1f9bc801c2e3bf44dbd6e8,1251308,,,,,,,,,,,,,,,,,,,,,,,,,,,,,,,,,,,,,,,,,,,,,,,,,,TN,,,,,,,,,,
autoland,4520149,13,e3adf4d9868b88301d4e440efd147270a7749550,linux1804-64-shippable-qr,True,False,,|c|o|l|d| |f|i|s|s|i|o|n| |w|e|b|r|e|n|d|e|r|,102210fe594ee9b33d82058545b1ed14f4c8206e,fcp (geomean),twitter,True,twitter fcp (geomean) opt cold fission webrender,,77,ms,firefox,,1705438277,2023-06-03 05:40:17,246.1,64bce9d136ae9b4bd5482515721d6daf2da53dc3,1251358,,,,,,,,,,,,,,,,,,,,,,,,,,,,,,,,,,,,,,,,,,,,,,,,,,TN,,,,,,,,,,
autoland,4520149,13,e3adf4d9868b88301d4e440efd147270a7749550,linux1804-64-shippable-qr,True,False,,|c|o|l|d| |f|i|s|s|i|o|n| |w|e|b|r|e|n|d|e|r|,102210fe594ee9b33d82058545b1ed14f4c8206e,fcp (geomean),twitter,True,twitter fcp (geomean) opt cold fission webrender,,77,ms,firefox,,1705519233,2023-06-03 14:24:38,238.5,7bc8c25b2935765c57adc63333c221bbe5067831,1251409,,,,,,,,,,,,,,,,,,,,,,,,,,,,,,,,,,,,,,,,,,,,,,,,,,TN,,,,,,,,,,
autoland,4520149,13,e3adf4d9868b88301d4e440efd147270a7749550,linux1804-64-shippable-qr,True,False,,|c|o|l|d| |f|i|s|s|i|o|n| |w|e|b|r|e|n|d|e|r|,102210fe594ee9b33d82058545b1ed14f4c8206e,fcp (geomean),twitter,True,twitter fcp (geomean) opt cold fission webrender,,77,ms,firefox,,1705587619,2023-06-03 23:39:13,251.4,b8f06acca6bf62e32647496ed613012fa4c27e9e,1251453,,,,,,,,,,,,,,,,,,,,,,,,,,,,,,,,,,,,,,,,,,,,,,,,,,TN,,,,,,,,,,
autoland,4520149,13,e3adf4d9868b88301d4e440efd147270a7749550,linux1804-64-shippable-qr,True,False,,|c|o|l|d| |f|i|s|s|i|o|n| |w|e|b|r|e|n|d|e|r|,102210fe594ee9b33d82058545b1ed14f4c8206e,fcp (geomean),twitter,True,twitter fcp (geomean) opt cold fission webrender,,77,ms,firefox,,1705667804,2023-06-04 11:53:44,216.8,00802389f336283602445d4f08e53b8bd09b43eb,1251481,,,,,,,,,,,,,,,,,,,,,,,,,,,,,,,,,,,,,,,,,,,,,,,,,,TN,,,,,,,,,,
autoland,4520149,13,e3adf4d9868b88301d4e440efd147270a7749550,linux1804-64-shippable-qr,True,False,,|c|o|l|d| |f|i|s|s|i|o|n| |w|e|b|r|e|n|d|e|r|,102210fe594ee9b33d82058545b1ed14f4c8206e,fcp (geomean),twitter,True,twitter fcp (geomean) opt cold fission webrender,,77,ms,firefox,,1705707877,2023-06-04 20:28:08,249.5,eeba3a3c20a4dc53210a44734b25d2c0870b6523,1251514,,,,,,,,,,,,,,,,,,,,,,,,,,,,,,,,,,,,,,,,,,,,,,,,,,TN,,,,,,,,,,
autoland,4520149,13,e3adf4d9868b88301d4e440efd147270a7749550,linux1804-64-shippable-qr,True,False,,|c|o|l|d| |f|i|s|s|i|o|n| |w|e|b|r|e|n|d|e|r|,102210fe594ee9b33d82058545b1ed14f4c8206e,fcp (geomean),twitter,True,twitter fcp (geomean) opt cold fission webrender,,77,ms,firefox,,1705757158,2023-06-05 03:24:10,260.4,f8fa7749f7bdc93fa3491918a4e8b0fb4db659eb,1251552,,,,,,,,,,,,,,,,,,,,,,,,,,,,,,,,,,,,,,,,,,,,,,,,,,TN,,,,,,,,,,
autoland,4520149,13,e3adf4d9868b88301d4e440efd147270a7749550,linux1804-64-shippable-qr,True,False,,|c|o|l|d| |f|i|s|s|i|o|n| |w|e|b|r|e|n|d|e|r|,102210fe594ee9b33d82058545b1ed14f4c8206e,fcp (geomean),twitter,True,twitter fcp (geomean) opt cold fission webrender,,77,ms,firefox,,1705790008,2023-06-05 08:05:57,237.6,61d4558543daf8b284b3194aba84289d6e31ad2f,1251588,,,,,,,,,,,,,,,,,,,,,,,,,,,,,,,,,,,,,,,,,,,,,,,,,,TN,,,,,,,,,,
autoland,4520149,13,e3adf4d9868b88301d4e440efd147270a7749550,linux1804-64-shippable-qr,True,False,,|c|o|l|d| |f|i|s|s|i|o|n| |w|e|b|r|e|n|d|e|r|,102210fe594ee9b33d82058545b1ed14f4c8206e,fcp (geomean),twitter,True,twitter fcp (geomean) opt cold fission webrender,,77,ms,firefox,,1706336784,2023-06-05 08:13:54,255.5,b4f58b5b89c23f507f450070978c31ce37ae0bfa,1251592,,,,,,,,,,,,,,,,,,,,,,,,,,,,,,,,,,,,,,,,,,,,,,,,,,TN,,,,,,,,,,
autoland,4520149,13,e3adf4d9868b88301d4e440efd147270a7749550,linux1804-64-shippable-qr,True,False,,|c|o|l|d| |f|i|s|s|i|o|n| |w|e|b|r|e|n|d|e|r|,102210fe594ee9b33d82058545b1ed14f4c8206e,fcp (geomean),twitter,True,twitter fcp (geomean) opt cold fission webrender,,77,ms,firefox,,1706343932,2023-06-05 09:41:40,256.0,1affd61c6142771ac7be203e33a442977866164b,1251624,,,,,,,,,,,,,,,,,,,,,,,,,,,,,,,,,,,,,,,,,,,,,,,,,,TN,,,,,,,,,,
autoland,4520149,13,e3adf4d9868b88301d4e440efd147270a7749550,linux1804-64-shippable-qr,True,False,,|c|o|l|d| |f|i|s|s|i|o|n| |w|e|b|r|e|n|d|e|r|,102210fe594ee9b33d82058545b1ed14f4c8206e,fcp (geomean),twitter,True,twitter fcp (geomean) opt cold fission webrender,,77,ms,firefox,,1706372131,2023-06-05 09:45:03,249.3,201365a3648ecab85ffce4e3930f9e9285ec3fbe,1251629,,,,,,,,,,,,,,,,,,,,,,,,,,,,,,,,,,,,,,,,,,,,,,,,,,TN,,,,,,,,,,
autoland,4520149,13,e3adf4d9868b88301d4e440efd147270a7749550,linux1804-64-shippable-qr,True,False,,|c|o|l|d| |f|i|s|s|i|o|n| |w|e|b|r|e|n|d|e|r|,102210fe594ee9b33d82058545b1ed14f4c8206e,fcp (geomean),twitter,True,twitter fcp (geomean) opt cold fission webrender,,77,ms,firefox,,1706352197,2023-06-05 10:13:11,249.2,95ed74f9ad6da76c6cf56a1db4cfe6afd6213af2,1251649,,,,,,,,,,,,,,,,,,,,,,,,,,,,,,,,,,,,,,,,,,,,,,,,,,TN,,,,,,,,,,
autoland,4520149,13,e3adf4d9868b88301d4e440efd147270a7749550,linux1804-64-shippable-qr,True,False,,|c|o|l|d| |f|i|s|s|i|o|n| |w|e|b|r|e|n|d|e|r|,102210fe594ee9b33d82058545b1ed14f4c8206e,fcp (geomean),twitter,True,twitter fcp (geomean) opt cold fission webrender,,77,ms,firefox,,1706379732,2023-06-05 11:51:57,262.7,6ad4019db2d5ac7bea3f12238282b70312e33b89,1251708,,,,,,,,,,,,,,,,,,,,,,,,,,,,,,,,,,,,,,,,,,,,,,,,,,TN,,,,,,,,,,
autoland,4520149,13,e3adf4d9868b88301d4e440efd147270a7749550,linux1804-64-shippable-qr,True,False,,|c|o|l|d| |f|i|s|s|i|o|n| |w|e|b|r|e|n|d|e|r|,102210fe594ee9b33d82058545b1ed14f4c8206e,fcp (geomean),twitter,True,twitter fcp (geomean) opt cold fission webrender,,77,ms,firefox,,1705899003,2023-06-05 12:01:26,225.9,00af548d93acc8c2c3ab652a04c882e3a80476a9,1251712,,,,,,,,,,,,,,,,,,,,,,,,,,,,,,,,,,,,,,,,,,,,,,,,,,TN,,,,,,,,,,
autoland,4520149,13,e3adf4d9868b88301d4e440efd147270a7749550,linux1804-64-shippable-qr,True,False,,|c|o|l|d| |f|i|s|s|i|o|n| |w|e|b|r|e|n|d|e|r|,102210fe594ee9b33d82058545b1ed14f4c8206e,fcp (geomean),twitter,True,twitter fcp (geomean) opt cold fission webrender,,77,ms,firefox,,1706027577,2023-06-05 16:13:31,219.0,c8df8c0bde6047b8fe23c9716940cbc1c07c2a65,1251888,,,,,,,,,,,,,,,,,,,,,,,,,,,,,,,,,,,,,,,,,,,,,,,,,,TN,,,,,,,,,,
autoland,4520149,13,e3adf4d9868b88301d4e440efd147270a7749550,linux1804-64-shippable-qr,True,False,,|c|o|l|d| |f|i|s|s|i|o|n| |w|e|b|r|e|n|d|e|r|,102210fe594ee9b33d82058545b1ed14f4c8206e,fcp (geomean),twitter,True,twitter fcp (geomean) opt cold fission webrender,,77,ms,firefox,,1706059265,2023-06-05 16:43:43,209.7,03d635b2bdb2041550924e64dc0dd20abf4499f9,1251915,,,,,,,,,,,,,,,,,,,,,,,,,,,,,,,,,,,,,,,,,,,,,,,,,,TN,,,,,,,,,,
autoland,4520149,13,e3adf4d9868b88301d4e440efd147270a7749550,linux1804-64-shippable-qr,True,False,,|c|o|l|d| |f|i|s|s|i|o|n| |w|e|b|r|e|n|d|e|r|,102210fe594ee9b33d82058545b1ed14f4c8206e,fcp (geomean),twitter,True,twitter fcp (geomean) opt cold fission webrender,,77,ms,firefox,,1706168197,2023-06-05 20:14:05,244.9,d73c2643092115d9b5859c16e121e421656264bc,1252060,,,,,,,,,,,,,,,,,,,,,,,,,,,,,,,,,,,,,,,,,,,,,,,,,,TN,,,,,,,,,,
autoland,4520149,13,e3adf4d9868b88301d4e440efd147270a7749550,linux1804-64-shippable-qr,True,False,,|c|o|l|d| |f|i|s|s|i|o|n| |w|e|b|r|e|n|d|e|r|,102210fe594ee9b33d82058545b1ed14f4c8206e,fcp (geomean),twitter,True,twitter fcp (geomean) opt cold fission webrender,,77,ms,firefox,,1706257860,2023-06-05 22:25:10,234.9,3a79e9a1c11da81af50cfb6e535537b5e8e7ce9f,1252165,,,,,,,,,,,,,,,,,,,,,,,,,,,,,,,,,,,,,,,,,,,,,,,,,,TN,,,,,,,,,,
autoland,4520149,13,e3adf4d9868b88301d4e440efd147270a7749550,linux1804-64-shippable-qr,True,False,,|c|o|l|d| |f|i|s|s|i|o|n| |w|e|b|r|e|n|d|e|r|,102210fe594ee9b33d82058545b1ed14f4c8206e,fcp (geomean),twitter,True,twitter fcp (geomean) opt cold fission webrender,,77,ms,firefox,,1707148174,2023-06-06 07:23:00,225.4,5e6e896228e55430e8e28f173cc439d598992d1d,1252318,,,,,,,,,,,,,,,,,,,,,,,,,,,,,,,,,,,,,,,,,,,,,,,,,,TN,,,,,,,,,,
